sample_id,path,label,cohort,subcollection,image_sha256,condition,pixel_max_diff,tensor_l1_diff,tensor_linf_diff,raw_logit,canonical_logit,probability,prediction_at_05,decision_flipped,signed_logit_shift,abs_logit_shift,signed_prob_shift,abs_prob_shift
train_num_real_037218,E:\archive_investigation_scratch_task\extracted_samples\Preapred Dataset\train\real\037218.jpg,0,training_diagnostic,numeric_real,813cfaa33b5fefc2b6ea670e5aa302b64f69b8c65111c75eb1eefc2749758f97,original,0.0,0.0,0.0,-15.377809524536133,-15.377809524536133,2.0965349278867507e-07,0,0,0.0,0.0,0.0,0.0
train_num_real_037218,E:\archive_investigation_scratch_task\extracted_samples\Preapred Dataset\train\real\037218.jpg,0,training_diagnostic,numeric_real,813cfaa33b5fefc2b6ea670e5aa302b64f69b8c65111c75eb1eefc2749758f97,png_control,0.0,0.0,0.0,-15.377809524536133,-15.377809524536133,2.0965349278867507e-07,0,0,0.0,0.0,0.0,0.0
train_num_real_037218,E:\archive_investigation_scratch_task\extracted_samples\Preapred Dataset\train\real\037218.jpg,0,training_diagnostic,numeric_real,813cfaa33b5fefc2b6ea670e5aa302b64f69b8c65111c75eb1eefc2749758f97,jpeg95,11.0,0.010522766970098019,0.12200450897216797,-15.355189323425293,-15.355189323425293,2.1444994047215005e-07,0,0,0.022620201110839844,0.022620201110839844,4.79644768347498e-09,4.79644768347498e-09
train_num_real_037218,E:\archive_investigation_scratch_task\extracted_samples\Preapred Dataset\train\real\037218.jpg,0,training_diagnostic,numeric_real,813cfaa33b5fefc2b6ea670e5aa302b64f69b8c65111c75eb1eefc2749758f97,jpeg75,20.0,0.015624286606907845,0.24400874972343445,-14.79047679901123,-14.79047679901123,3.7720494105997204e-07,0,0,0.5873327255249023,0.5873327255249023,1.6755144827129698e-07,1.6755144827129698e-07
train_num_real_006509,E:\archive_investigation_scratch_task\extracted_samples\Preapred Dataset\train\real\006509.jpg,0,training_diagnostic,numeric_real,37b2e18e393a0f5c33fa38e5f05441a130ef4f8869c0ed3f147e44fa4a3ca88b,original,0.0,0.0,0.0,-8.20894718170166,-8.20894718170166,0.00027213309658691287,0,0,0.0,0.0,0.0,0.0
train_num_real_006509,E:\archive_investigation_scratch_task\extracted_samples\Preapred Dataset\train\real\006509.jpg,0,training_diagnostic,numeric_real,37b2e18e393a0f5c33fa38e5f05441a130ef4f8869c0ed3f147e44fa4a3ca88b,png_control,0.0,0.0,0.0,-8.20894718170166,-8.20894718170166,0.00027213309658691287,0,0,0.0,0.0,0.0,0.0
train_num_real_006509,E:\archive_investigation_scratch_task\extracted_samples\Preapred Dataset\train\real\006509.jpg,0,training_diagnostic,numeric_real,37b2e18e393a0f5c33fa38e5f05441a130ef4f8869c0ed3f147e44fa4a3ca88b,jpeg95,6.0,0.006392760202288628,0.08562374114990234,-8.233794212341309,-8.233794212341309,0.00026545647415332496,0,0,-0.024847030639648438,0.024847030639648438,-6.676622433587909e-06,6.676622433587909e-06
train_num_real_006509,E:\archive_investigation_scratch_task\extracted_samples\Preapred Dataset\train\real\006509.jpg,0,training_diagnostic,numeric_real,37b2e18e393a0f5c33fa38e5f05441a130ef4f8869c0ed3f147e44fa4a3ca88b,jpeg75,10.0,0.012183886021375656,0.15686273574829102,-7.901105880737305,-7.901105880737305,0.0003701966779772192,0,0,0.30784130096435547,0.30784130096435547,9.806358139030635e-05,9.806358139030635e-05
train_num_real_134890,E:\archive_investigation_scratch_task\extracted_samples\Preapred Dataset\train\real\134890.jpg,0,training_diagnostic,numeric_real,b403c32ebd32ab24af741fb88f869f370f5f2143f35fceec4617a12710126e98,original,0.0,0.0,0.0,-9.451014518737793,-9.451014518737793,7.860359619371593e-05,0,0,0.0,0.0,0.0,0.0
train_num_real_134890,E:\archive_investigation_scratch_task\extracted_samples\Preapred Dataset\train\real\134890.jpg,0,training_diagnostic,numeric_real,b403c32ebd32ab24af741fb88f869f370f5f2143f35fceec4617a12710126e98,png_control,0.0,0.0,0.0,-9.451014518737793,-9.451014518737793,7.860359619371593e-05,0,0,0.0,0.0,0.0,0.0
train_num_real_134890,E:\archive_investigation_scratch_task\extracted_samples\Preapred Dataset\train\real\134890.jpg,0,training_diagnostic,numeric_real,b403c32ebd32ab24af741fb88f869f370f5f2143f35fceec4617a12710126e98,jpeg95,7.0,0.007795311976224184,0.1045752763748169,-9.097874641418457,-9.097874641418457,0.00011189087672391906,0,0,0.35313987731933594,0.35313987731933594,3.3287280530203134e-05,3.3287280530203134e-05
train_num_real_134890,E:\archive_investigation_scratch_task\extracted_samples\Preapred Dataset\train\real\134890.jpg,0,training_diagnostic,numeric_real,b403c32ebd32ab24af741fb88f869f370f5f2143f35fceec4617a12710126e98,jpeg75,10.0,0.011785966344177723,0.17124760150909424,-8.937662124633789,-8.937662124633789,0.00013133051106706262,0,0,0.5133523941040039,0.5133523941040039,5.2726914873346686e-05,5.2726914873346686e-05
train_num_real_042778,E:\archive_investigation_scratch_task\extracted_samples\Preapred Dataset\train\real\042778.jpg,0,training_diagnostic,numeric_real,79d12142ef31d6293233e534d14b93e5b0d098ecfefb782a662545b804ac68aa,original,0.0,0.0,0.0,-4.7042059898376465,-4.7042059898376465,0.008975807577371597,0,0,0.0,0.0,0.0,0.0
train_num_real_042778,E:\archive_investigation_scratch_task\extracted_samples\Preapred Dataset\train\real\042778.jpg,0,training_diagnostic,numeric_real,79d12142ef31d6293233e534d14b93e5b0d098ecfefb782a662545b804ac68aa,png_control,0.0,0.0,0.0,-4.7042059898376465,-4.7042059898376465,0.008975807577371597,0,0,0.0,0.0,0.0,0.0
train_num_real_042778,E:\archive_investigation_scratch_task\extracted_samples\Preapred Dataset\train\real\042778.jpg,0,training_diagnostic,numeric_real,79d12142ef31d6293233e534d14b93e5b0d098ecfefb782a662545b804ac68aa,jpeg95,12.0,0.008923407644033432,0.15686273574829102,-5.052267074584961,-5.052267074584961,0.006354185286909342,0,0,-0.34806108474731445,0.34806108474731445,-0.0026216222904622555,0.0026216222904622555
train_num_real_042778,E:\archive_investigation_scratch_task\extracted_samples\Preapred Dataset\train\real\042778.jpg,0,training_diagnostic,numeric_real,79d12142ef31d6293233e534d14b93e5b0d098ecfefb782a662545b804ac68aa,jpeg75,19.0,0.015808532014489174,0.27886712551116943,-4.107607841491699,-4.107607841491699,0.016180941835045815,0,0,0.5965981483459473,0.5965981483459473,0.007205134257674217,0.007205134257674217
train_num_real_039099,E:\archive_investigation_scratch_task\extracted_samples\Preapred Dataset\train\real\039099.jpg,0,training_diagnostic,numeric_real,f85ea0bbbbdc0f48ca1bbfb5e5caecaac60f795aa73840b4e66784637882e868,original,0.0,0.0,0.0,-13.077491760253906,-13.077491760253906,2.0917827896482777e-06,0,0,0.0,0.0,0.0,0.0
train_num_real_039099,E:\archive_investigation_scratch_task\extracted_samples\Preapred Dataset\train\real\039099.jpg,0,training_diagnostic,numeric_real,f85ea0bbbbdc0f48ca1bbfb5e5caecaac60f795aa73840b4e66784637882e868,png_control,0.0,0.0,0.0,-13.077491760253906,-13.077491760253906,2.0917827896482777e-06,0,0,0.0,0.0,0.0,0.0
train_num_real_039099,E:\archive_investigation_scratch_task\extracted_samples\Preapred Dataset\train\real\039099.jpg,0,training_diagnostic,numeric_real,f85ea0bbbbdc0f48ca1bbfb5e5caecaac60f795aa73840b4e66784637882e868,jpeg95,5.0,0.00543142668902874,0.06971681118011475,-13.239165306091309,-13.239165306091309,1.7795197209125035e-06,0,0,-0.16167354583740234,0.16167354583740234,-3.1226306873577414e-07,3.1226306873577414e-07
train_num_real_039099,E:\archive_investigation_scratch_task\extracted_samples\Preapred Dataset\train\real\039099.jpg,0,training_diagnostic,numeric_real,f85ea0bbbbdc0f48ca1bbfb5e5caecaac60f795aa73840b4e66784637882e868,jpeg75,7.0,0.010676756501197815,0.1045752763748169,-13.368361473083496,-13.368361473083496,1.5638449895050144e-06,0,0,-0.29086971282958984,0.29086971282958984,-5.279378001432633e-07,5.279378001432633e-07
train_num_real_201296,E:\archive_investigation_scratch_task\extracted_samples\Preapred Dataset\train\real\201296.jpg,0,training_diagnostic,numeric_real,2eb0d6637244f8b84f90bdc7f8bc99954af4e6a7ec05e687f2213342d17f92d4,original,0.0,0.0,0.0,-13.057645797729492,-13.057645797729492,2.1337109501473606e-06,0,0,0.0,0.0,0.0,0.0
train_num_real_201296,E:\archive_investigation_scratch_task\extracted_samples\Preapred Dataset\train\real\201296.jpg,0,training_diagnostic,numeric_real,2eb0d6637244f8b84f90bdc7f8bc99954af4e6a7ec05e687f2213342d17f92d4,png_control,0.0,0.0,0.0,-13.057645797729492,-13.057645797729492,2.1337109501473606e-06,0,0,0.0,0.0,0.0,0.0
train_num_real_201296,E:\archive_investigation_scratch_task\extracted_samples\Preapred Dataset\train\real\201296.jpg,0,training_diagnostic,numeric_real,2eb0d6637244f8b84f90bdc7f8bc99954af4e6a7ec05e687f2213342d17f92d4,jpeg95,9.0,0.006255778484046459,0.13699793815612793,-13.197758674621582,-13.197758674621582,1.8547501667853794e-06,0,0,-0.14011287689208984,0.14011287689208984,-2.7896078336198116e-07,2.7896078336198116e-07
train_num_real_201296,E:\archive_investigation_scratch_task\extracted_samples\Preapred Dataset\train\real\201296.jpg,0,training_diagnostic,numeric_real,2eb0d6637244f8b84f90bdc7f8bc99954af4e6a7ec05e687f2213342d17f92d4,jpeg75,9.0,0.00977384764701128,0.1394336223602295,-12.36879825592041,-12.36879825592041,4.249103767506313e-06,0,0,0.688847541809082,0.688847541809082,2.115392817358952e-06,2.115392817358952e-06
train_num_real_027798,E:\archive_investigation_scratch_task\extracted_samples\Preapred Dataset\train\real\027798.jpg,0,training_diagnostic,numeric_real,8f8dfa0844f2263009cef04e1b04dfafc630bbf85997b08cc8d28db9297d1d56,original,0.0,0.0,0.0,-2.9533703327178955,-2.9533703327178955,0.04957745969295502,0,0,0.0,0.0,0.0,0.0
train_num_real_027798,E:\archive_investigation_scratch_task\extracted_samples\Preapred Dataset\train\real\027798.jpg,0,training_diagnostic,numeric_real,8f8dfa0844f2263009cef04e1b04dfafc630bbf85997b08cc8d28db9297d1d56,png_control,0.0,0.0,0.0,-2.9533703327178955,-2.9533703327178955,0.04957745969295502,0,0,0.0,0.0,0.0,0.0
train_num_real_027798,E:\archive_investigation_scratch_task\extracted_samples\Preapred Dataset\train\real\027798.jpg,0,training_diagnostic,numeric_real,8f8dfa0844f2263009cef04e1b04dfafc630bbf85997b08cc8d28db9297d1d56,jpeg95,9.0,0.005679661873728037,0.1050419807434082,-2.833838701248169,-2.833838701248169,0.05552275478839874,0,0,0.11953163146972656,0.11953163146972656,0.005945295095443726,0.005945295095443726
train_num_real_027798,E:\archive_investigation_scratch_task\extracted_samples\Preapred Dataset\train\real\027798.jpg,0,training_diagnostic,numeric_real,8f8dfa0844f2263009cef04e1b04dfafc630bbf85997b08cc8d28db9297d1d56,jpeg75,13.0,0.008724105544388294,0.13943368196487427,-2.691666841506958,-2.691666841506958,0.0634668692946434,0,0,0.2617034912109375,0.2617034912109375,0.013889409601688385,0.013889409601688385
train_num_real_187153,E:\archive_investigation_scratch_task\extracted_samples\Preapred Dataset\train\real\187153.jpg,0,training_diagnostic,numeric_real,4a47466c41375066e8145c1853389a8d99a66fbfc8ad65a24a7003dcbfb72e5b,original,0.0,0.0,0.0,-2.193513870239258,-2.193513870239258,0.10033446550369263,0,0,0.0,0.0,0.0,0.0
train_num_real_187153,E:\archive_investigation_scratch_task\extracted_samples\Preapred Dataset\train\real\187153.jpg,0,training_diagnostic,numeric_real,4a47466c41375066e8145c1853389a8d99a66fbfc8ad65a24a7003dcbfb72e5b,png_control,0.0,0.0,0.0,-2.193513870239258,-2.193513870239258,0.10033446550369263,0,0,0.0,0.0,0.0,0.0
train_num_real_187153,E:\archive_investigation_scratch_task\extracted_samples\Preapred Dataset\train\real\187153.jpg,0,training_diagnostic,numeric_real,4a47466c41375066e8145c1853389a8d99a66fbfc8ad65a24a7003dcbfb72e5b,jpeg95,9.0,0.007762551307678223,0.1198732852935791,-1.5802602767944336,-1.5802602767944336,0.17075861990451813,0,0,0.6132535934448242,0.6132535934448242,0.0704241544008255,0.0704241544008255
train_num_real_187153,E:\archive_investigation_scratch_task\extracted_samples\Preapred Dataset\train\real\187153.jpg,0,training_diagnostic,numeric_real,4a47466c41375066e8145c1853389a8d99a66fbfc8ad65a24a7003dcbfb72e5b,jpeg75,11.0,0.01279374398291111,0.1742919385433197,-2.0271809101104736,-2.0271809101104736,0.11637851595878601,0,0,0.16633296012878418,0.16633296012878418,0.016044050455093384,0.016044050455093384
train_num_real_022383,E:\archive_investigation_scratch_task\extracted_samples\Preapred Dataset\train\real\022383.jpg,0,training_diagnostic,numeric_real,6a5d096a18d51e91c2125a210c85dddce225193ab6a6aade9e9dfc69b6405454,original,0.0,0.0,0.0,-11.017104148864746,-11.017104148864746,1.6418191080447286e-05,0,0,0.0,0.0,0.0,0.0
train_num_real_022383,E:\archive_investigation_scratch_task\extracted_samples\Preapred Dataset\train\real\022383.jpg,0,training_diagnostic,numeric_real,6a5d096a18d51e91c2125a210c85dddce225193ab6a6aade9e9dfc69b6405454,png_control,0.0,0.0,0.0,-11.017104148864746,-11.017104148864746,1.6418191080447286e-05,0,0,0.0,0.0,0.0,0.0
train_num_real_022383,E:\archive_investigation_scratch_task\extracted_samples\Preapred Dataset\train\real\022383.jpg,0,training_diagnostic,numeric_real,6a5d096a18d51e91c2125a210c85dddce225193ab6a6aade9e9dfc69b6405454,jpeg95,8.0,0.006170876789838076,0.12200438976287842,-10.75081729888916,-10.75081729888916,2.1427427782327868e-05,0,0,0.26628684997558594,0.26628684997558594,5.009236701880582e-06,5.009236701880582e-06
train_num_real_022383,E:\archive_investigation_scratch_task\extracted_samples\Preapred Dataset\train\real\022383.jpg,0,training_diagnostic,numeric_real,6a5d096a18d51e91c2125a210c85dddce225193ab6a6aade9e9dfc69b6405454,jpeg75,13.0,0.010105578228831291,0.12200438976287842,-10.227470397949219,-10.227470397949219,3.616182220866904e-05,0,0,0.7896337509155273,0.7896337509155273,1.974363112822175e-05,1.974363112822175e-05
train_num_real_119606,E:\archive_investigation_scratch_task\extracted_samples\Preapred Dataset\train\real\119606.jpg,0,training_diagnostic,numeric_real,7dd6cd817aea3d9473cdd59cd5051ce52d4497824a9c9a0d2519bd52e765b3f2,original,0.0,0.0,0.0,-16.943151473999023,-16.943151473999023,4.3821049899861464e-08,0,0,0.0,0.0,0.0,0.0
train_num_real_119606,E:\archive_investigation_scratch_task\extracted_samples\Preapred Dataset\train\real\119606.jpg,0,training_diagnostic,numeric_real,7dd6cd817aea3d9473cdd59cd5051ce52d4497824a9c9a0d2519bd52e765b3f2,png_control,0.0,0.0,0.0,-16.943151473999023,-16.943151473999023,4.3821049899861464e-08,0,0,0.0,0.0,0.0,0.0
train_num_real_119606,E:\archive_investigation_scratch_task\extracted_samples\Preapred Dataset\train\real\119606.jpg,0,training_diagnostic,numeric_real,7dd6cd817aea3d9473cdd59cd5051ce52d4497824a9c9a0d2519bd52e765b3f2,jpeg95,7.0,0.006414643954485655,0.08562375605106354,-16.475200653076172,-16.475200653076172,6.996990009611181e-08,0,0,0.46795082092285156,0.46795082092285156,2.614885019625035e-08,2.614885019625035e-08
train_num_real_119606,E:\archive_investigation_scratch_task\extracted_samples\Preapred Dataset\train\real\119606.jpg,0,training_diagnostic,numeric_real,7dd6cd817aea3d9473cdd59cd5051ce52d4497824a9c9a0d2519bd52e765b3f2,jpeg75,11.0,0.011139492504298687,0.1220044493675232,-15.796076774597168,-15.796076774597168,1.3799106568512798e-07,0,0,1.1470746994018555,1.1470746994018555,9.417001578526651e-08,9.417001578526651e-08
train_num_real_169225,E:\archive_investigation_scratch_task\extracted_samples\Preapred Dataset\train\real\169225.jpg,0,training_diagnostic,numeric_real,ea792861849ec88b369e8708664a7d52dd951cca15e000ce1268687c9964d786,original,0.0,0.0,0.0,-14.824448585510254,-14.824448585510254,3.646058530648588e-07,0,0,0.0,0.0,0.0,0.0
train_num_real_169225,E:\archive_investigation_scratch_task\extracted_samples\Preapred Dataset\train\real\169225.jpg,0,training_diagnostic,numeric_real,ea792861849ec88b369e8708664a7d52dd951cca15e000ce1268687c9964d786,png_control,0.0,0.0,0.0,-14.824448585510254,-14.824448585510254,3.646058530648588e-07,0,0,0.0,0.0,0.0,0.0
train_num_real_169225,E:\archive_investigation_scratch_task\extracted_samples\Preapred Dataset\train\real\169225.jpg,0,training_diagnostic,numeric_real,ea792861849ec88b369e8708664a7d52dd951cca15e000ce1268687c9964d786,jpeg95,8.0,0.00838300958275795,0.10457521677017212,-14.678104400634766,-14.678104400634766,4.2206571038150287e-07,0,0,0.14634418487548828,0.14634418487548828,5.745985731664405e-08,5.745985731664405e-08
train_num_real_169225,E:\archive_investigation_scratch_task\extracted_samples\Preapred Dataset\train\real\169225.jpg,0,training_diagnostic,numeric_real,ea792861849ec88b369e8708664a7d52dd951cca15e000ce1268687c9964d786,jpeg75,10.0,0.014407086186110973,0.15412276983261108,-14.040684700012207,-14.040684700012207,7.983765044627944e-07,0,0,0.7837638854980469,0.7837638854980469,4.337706513979356e-07,4.337706513979356e-07
train_num_real_094723,E:\archive_investigation_scratch_task\extracted_samples\Preapred Dataset\train\real\094723.jpg,0,training_diagnostic,numeric_real,b4ec2b77481df3885b5c60aa05c6534fbc9a171b147959caf5f28d7566120851,original,0.0,0.0,0.0,-12.30300235748291,-12.30300235748291,4.538078428595327e-06,0,0,0.0,0.0,0.0,0.0
train_num_real_094723,E:\archive_investigation_scratch_task\extracted_samples\Preapred Dataset\train\real\094723.jpg,0,training_diagnostic,numeric_real,b4ec2b77481df3885b5c60aa05c6534fbc9a171b147959caf5f28d7566120851,png_control,0.0,0.0,0.0,-12.30300235748291,-12.30300235748291,4.538078428595327e-06,0,0,0.0,0.0,0.0,0.0
train_num_real_094723,E:\archive_investigation_scratch_task\extracted_samples\Preapred Dataset\train\real\094723.jpg,0,training_diagnostic,numeric_real,b4ec2b77481df3885b5c60aa05c6534fbc9a171b147959caf5f28d7566120851,jpeg95,8.0,0.00836627185344696,0.08714598417282104,-12.587639808654785,-12.587639808654785,3.413941158214584e-06,0,0,-0.284637451171875,0.284637451171875,-1.1241372703807428e-06,1.1241372703807428e-06
train_num_real_094723,E:\archive_investigation_scratch_task\extracted_samples\Preapred Dataset\train\real\094723.jpg,0,training_diagnostic,numeric_real,b4ec2b77481df3885b5c60aa05c6534fbc9a171b147959caf5f28d7566120851,jpeg75,13.0,0.014103242196142673,0.15412276983261108,-11.406204223632812,-11.406204223632812,1.1126116987725254e-05,0,0,0.8967981338500977,0.8967981338500977,6.588038559129927e-06,6.588038559129927e-06
train_num_real_019632,E:\archive_investigation_scratch_task\extracted_samples\Preapred Dataset\train\real\019632.jpg,0,training_diagnostic,numeric_real,e8cf6115a08c7319f08d145a14eaf733992a41b59eef1187715ecdb88ed55f7e,original,0.0,0.0,0.0,-10.789700508117676,-10.789700508117676,2.0610268620657735e-05,0,0,0.0,0.0,0.0,0.0
train_num_real_019632,E:\archive_investigation_scratch_task\extracted_samples\Preapred Dataset\train\real\019632.jpg,0,training_diagnostic,numeric_real,e8cf6115a08c7319f08d145a14eaf733992a41b59eef1187715ecdb88ed55f7e,png_control,0.0,0.0,0.0,-10.789700508117676,-10.789700508117676,2.0610268620657735e-05,0,0,0.0,0.0,0.0,0.0
train_num_real_019632,E:\archive_investigation_scratch_task\extracted_samples\Preapred Dataset\train\real\019632.jpg,0,training_diagnostic,numeric_real,e8cf6115a08c7319f08d145a14eaf733992a41b59eef1187715ecdb88ed55f7e,jpeg95,12.0,0.006895525846630335,0.15686249732971191,-10.858529090881348,-10.858529090881348,1.92394381883787e-05,0,0,-0.06882858276367188,0.06882858276367188,-1.3708304322790354e-06,1.3708304322790354e-06
train_num_real_019632,E:\archive_investigation_scratch_task\extracted_samples\Preapred Dataset\train\real\019632.jpg,0,training_diagnostic,numeric_real,e8cf6115a08c7319f08d145a14eaf733992a41b59eef1187715ecdb88ed55f7e,jpeg75,17.0,0.013543550856411457,0.24400866031646729,-10.009610176086426,-10.009610176086426,4.496369729167782e-05,0,0,0.78009033203125,0.78009033203125,2.4353428671020083e-05,2.4353428671020083e-05
train_num_real_097857,E:\archive_investigation_scratch_task\extracted_samples\Preapred Dataset\train\real\097857.jpg,0,training_diagnostic,numeric_real,f222d411d13a634c38d31c45d92d5c4ce18d608c1c91970796a088a906839ca5,original,0.0,0.0,0.0,-10.22585391998291,-10.22585391998291,3.622032454586588e-05,0,0,0.0,0.0,0.0,0.0
train_num_real_097857,E:\archive_investigation_scratch_task\extracted_samples\Preapred Dataset\train\real\097857.jpg,0,training_diagnostic,numeric_real,f222d411d13a634c38d31c45d92d5c4ce18d608c1c91970796a088a906839ca5,png_control,0.0,0.0,0.0,-10.22585391998291,-10.22585391998291,3.622032454586588e-05,0,0,0.0,0.0,0.0,0.0
train_num_real_097857,E:\archive_investigation_scratch_task\extracted_samples\Preapred Dataset\train\real\097857.jpg,0,training_diagnostic,numeric_real,f222d411d13a634c38d31c45d92d5c4ce18d608c1c91970796a088a906839ca5,jpeg95,7.0,0.006584172137081623,0.08714595437049866,-10.477286338806152,-10.477286338806152,2.816826781781856e-05,0,0,-0.2514324188232422,0.2514324188232422,-8.052056728047319e-06,8.052056728047319e-06
train_num_real_097857,E:\archive_investigation_scratch_task\extracted_samples\Preapred Dataset\train\real\097857.jpg,0,training_diagnostic,numeric_real,f222d411d13a634c38d31c45d92d5c4ce18d608c1c91970796a088a906839ca5,jpeg75,13.0,0.012033926323056221,0.15686288475990295,-9.783421516418457,-9.783421516418457,5.637538561131805e-05,0,0,0.4424324035644531,0.4424324035644531,2.0155061065452173e-05,2.0155061065452173e-05
train_num_real_069601,E:\archive_investigation_scratch_task\extracted_samples\Preapred Dataset\train\real\069601.jpg,0,training_diagnostic,numeric_real,f5480712ce2bb32a8db662a2e923140c420d2f765f590341acaa5e423ff394fb,original,0.0,0.0,0.0,-17.712568283081055,-17.712568283081055,2.0301555991864007e-08,0,0,0.0,0.0,0.0,0.0
train_num_real_069601,E:\archive_investigation_scratch_task\extracted_samples\Preapred Dataset\train\real\069601.jpg,0,training_diagnostic,numeric_real,f5480712ce2bb32a8db662a2e923140c420d2f765f590341acaa5e423ff394fb,png_control,0.0,0.0,0.0,-17.712568283081055,-17.712568283081055,2.0301555991864007e-08,0,0,0.0,0.0,0.0,0.0
train_num_real_069601,E:\archive_investigation_scratch_task\extracted_samples\Preapred Dataset\train\real\069601.jpg,0,training_diagnostic,numeric_real,f5480712ce2bb32a8db662a2e923140c420d2f765f590341acaa5e423ff394fb,jpeg95,7.0,0.006962385959923267,0.1045752763748169,-17.569984436035156,-17.569984436035156,2.3412765060015772e-08,0,0,0.14258384704589844,0.14258384704589844,3.1112090681517657e-09,3.1112090681517657e-09
train_num_real_069601,E:\archive_investigation_scratch_task\extracted_samples\Preapred Dataset\train\real\069601.jpg,0,training_diagnostic,numeric_real,f5480712ce2bb32a8db662a2e923140c420d2f765f590341acaa5e423ff394fb,jpeg75,11.0,0.011659779585897923,0.15686273574829102,-16.66442108154297,-16.66442108154297,5.7907367789766795e-08,0,0,1.048147201538086,1.048147201538086,3.760581179790279e-08,3.760581179790279e-08
train_num_real_014216,E:\archive_investigation_scratch_task\extracted_samples\Preapred Dataset\train\real\014216.jpg,0,training_diagnostic,numeric_real,ae6a239e5e7dda12ff335d4397fe37d0a8c3ee543d3fe817d94053c34874200e,original,0.0,0.0,0.0,-14.929121971130371,-14.929121971130371,3.2837081676007074e-07,0,0,0.0,0.0,0.0,0.0
train_num_real_014216,E:\archive_investigation_scratch_task\extracted_samples\Preapred Dataset\train\real\014216.jpg,0,training_diagnostic,numeric_real,ae6a239e5e7dda12ff335d4397fe37d0a8c3ee543d3fe817d94053c34874200e,png_control,0.0,0.0,0.0,-14.929121971130371,-14.929121971130371,3.2837081676007074e-07,0,0,0.0,0.0,0.0,0.0
train_num_real_014216,E:\archive_investigation_scratch_task\extracted_samples\Preapred Dataset\train\real\014216.jpg,0,training_diagnostic,numeric_real,ae6a239e5e7dda12ff335d4397fe37d0a8c3ee543d3fe817d94053c34874200e,jpeg95,8.0,0.007701280992478132,0.12200438976287842,-14.605671882629395,-14.605671882629395,4.5377134938462405e-07,0,0,0.32345008850097656,0.32345008850097656,1.254005326245533e-07,1.254005326245533e-07
train_num_real_014216,E:\archive_investigation_scratch_task\extracted_samples\Preapred Dataset\train\real\014216.jpg,0,training_diagnostic,numeric_real,ae6a239e5e7dda12ff335d4397fe37d0a8c3ee543d3fe817d94053c34874200e,jpeg75,16.0,0.012962141074240208,0.24400871992111206,-13.794256210327148,-13.794256210327148,1.0214807844022289e-06,0,0,1.1348657608032227,1.1348657608032227,6.931099676421582e-07,6.931099676421582e-07
train_num_fake_11340,E:\archive_investigation_scratch_task\extracted_samples\Preapred Dataset\train\fake\11340.png,1,training_diagnostic,numeric_fake,5470190709f9c5035d57b5fe14bdadf55c2d3c6db3ce1117c07fa15be04f4655,original,0.0,0.0,0.0,15.442068099975586,15.442068099975586,0.9999997615814209,1,0,0.0,0.0,0.0,0.0
train_num_fake_11340,E:\archive_investigation_scratch_task\extracted_samples\Preapred Dataset\train\fake\11340.png,1,training_diagnostic,numeric_fake,5470190709f9c5035d57b5fe14bdadf55c2d3c6db3ce1117c07fa15be04f4655,png_control,0.0,0.0,0.0,15.442068099975586,15.442068099975586,0.9999997615814209,1,0,0.0,0.0,0.0,0.0
train_num_fake_11340,E:\archive_investigation_scratch_task\extracted_samples\Preapred Dataset\train\fake\11340.png,1,training_diagnostic,numeric_fake,5470190709f9c5035d57b5fe14bdadf55c2d3c6db3ce1117c07fa15be04f4655,jpeg95,11.0,0.018434148281812668,0.19172120094299316,15.188979148864746,15.188979148864746,0.9999997615814209,1,0,-0.25308895111083984,0.25308895111083984,0.0,0.0
train_num_fake_11340,E:\archive_investigation_scratch_task\extracted_samples\Preapred Dataset\train\fake\11340.png,1,training_diagnostic,numeric_fake,5470190709f9c5035d57b5fe14bdadf55c2d3c6db3ce1117c07fa15be04f4655,jpeg75,26.0,0.03712661564350128,0.4551820158958435,11.726576805114746,11.726576805114746,0.9999918937683105,1,0,-3.71549129486084,3.71549129486084,-7.867813110351562e-06,7.867813110351562e-06
train_num_fake_12023,E:\archive_investigation_scratch_task\extracted_samples\Preapred Dataset\train\fake\12023.png,1,training_diagnostic,numeric_fake,ae653d7c5f4bc750f830641509b373f9c4c8e63344ff70b33053ae9e3bd765f0,original,0.0,0.0,0.0,11.081048965454102,11.081048965454102,0.999984622001648,1,0,0.0,0.0,0.0,0.0
train_num_fake_12023,E:\archive_investigation_scratch_task\extracted_samples\Preapred Dataset\train\fake\12023.png,1,training_diagnostic,numeric_fake,ae653d7c5f4bc750f830641509b373f9c4c8e63344ff70b33053ae9e3bd765f0,png_control,0.0,0.0,0.0,11.081048965454102,11.081048965454102,0.999984622001648,1,0,0.0,0.0,0.0,0.0
train_num_fake_12023,E:\archive_investigation_scratch_task\extracted_samples\Preapred Dataset\train\fake\12023.png,1,training_diagnostic,numeric_fake,ae653d7c5f4bc750f830641509b373f9c4c8e63344ff70b33053ae9e3bd765f0,jpeg95,10.0,0.017363812774419785,0.1742919683456421,10.69324016571045,10.69324016571045,0.9999773502349854,1,0,-0.38780879974365234,0.38780879974365234,-7.271766662597656e-06,7.271766662597656e-06
train_num_fake_12023,E:\archive_investigation_scratch_task\extracted_samples\Preapred Dataset\train\fake\12023.png,1,training_diagnostic,numeric_fake,ae653d7c5f4bc750f830641509b373f9c4c8e63344ff70b33053ae9e3bd765f0,jpeg75,30.0,0.033086154609918594,0.5137425065040588,7.785591125488281,7.785591125488281,0.9995844960212708,1,0,-3.2954578399658203,3.2954578399658203,-0.00040012598037719727,0.00040012598037719727
train_num_fake_14596,E:\archive_investigation_scratch_task\extracted_samples\Preapred Dataset\train\fake\14596.png,1,training_diagnostic,numeric_fake,25246f06a92dfb5a214e52a9aea15e5fc64d055b7750c8b6d3f69df5564bf5c9,original,0.0,0.0,0.0,12.052587509155273,12.052587509155273,0.999994158744812,1,0,0.0,0.0,0.0,0.0
train_num_fake_14596,E:\archive_investigation_scratch_task\extracted_samples\Preapred Dataset\train\fake\14596.png,1,training_diagnostic,numeric_fake,25246f06a92dfb5a214e52a9aea15e5fc64d055b7750c8b6d3f69df5564bf5c9,png_control,0.0,0.0,0.0,12.052587509155273,12.052587509155273,0.999994158744812,1,0,0.0,0.0,0.0,0.0
train_num_fake_14596,E:\archive_investigation_scratch_task\extracted_samples\Preapred Dataset\train\fake\14596.png,1,training_diagnostic,numeric_fake,25246f06a92dfb5a214e52a9aea15e5fc64d055b7750c8b6d3f69df5564bf5c9,jpeg95,12.0,0.022009827196598053,0.2091503143310547,11.090639114379883,11.090639114379883,0.9999847412109375,1,0,-0.9619483947753906,0.9619483947753906,-9.417533874511719e-06,9.417533874511719e-06
train_num_fake_14596,E:\archive_investigation_scratch_task\extracted_samples\Preapred Dataset\train\fake\14596.png,1,training_diagnostic,numeric_fake,25246f06a92dfb5a214e52a9aea15e5fc64d055b7750c8b6d3f69df5564bf5c9,jpeg75,22.0,0.03220435604453087,0.3767445385456085,11.13065242767334,11.13065242767334,0.9999853372573853,1,0,-0.9219350814819336,0.9219350814819336,-8.821487426757812e-06,8.821487426757812e-06
train_num_fake_15184,E:\archive_investigation_scratch_task\extracted_samples\Preapred Dataset\train\fake\15184.png,1,training_diagnostic,numeric_fake,03d459ddecf6b3a5e429e9e6e16fdd78a00a717ed5d5a4a7b057aeb9d80c7d55,original,0.0,0.0,0.0,15.16980266571045,15.16980266571045,0.9999997615814209,1,0,0.0,0.0,0.0,0.0
train_num_fake_15184,E:\archive_investigation_scratch_task\extracted_samples\Preapred Dataset\train\fake\15184.png,1,training_diagnostic,numeric_fake,03d459ddecf6b3a5e429e9e6e16fdd78a00a717ed5d5a4a7b057aeb9d80c7d55,png_control,0.0,0.0,0.0,15.16980266571045,15.16980266571045,0.9999997615814209,1,0,0.0,0.0,0.0,0.0
train_num_fake_15184,E:\archive_investigation_scratch_task\extracted_samples\Preapred Dataset\train\fake\15184.png,1,training_diagnostic,numeric_fake,03d459ddecf6b3a5e429e9e6e16fdd78a00a717ed5d5a4a7b057aeb9d80c7d55,jpeg95,13.0,0.018149301409721375,0.22657954692840576,14.475578308105469,14.475578308105469,0.9999995231628418,1,0,-0.6942243576049805,0.6942243576049805,-2.384185791015625e-07,2.384185791015625e-07
train_num_fake_15184,E:\archive_investigation_scratch_task\extracted_samples\Preapred Dataset\train\fake\15184.png,1,training_diagnostic,numeric_fake,03d459ddecf6b3a5e429e9e6e16fdd78a00a717ed5d5a4a7b057aeb9d80c7d55,jpeg75,23.0,0.026624789461493492,0.38344240188598633,14.155316352844238,14.155316352844238,0.9999992847442627,1,0,-1.014486312866211,1.014486312866211,-4.76837158203125e-07,4.76837158203125e-07
train_num_fake_24436,E:\archive_investigation_scratch_task\extracted_samples\Preapred Dataset\train\fake\24436.png,1,training_diagnostic,numeric_fake,3feba4c44d15012e783fbe26ecc812db85c5fbdc4e1f34669f8c6f21f77b5f26,original,0.0,0.0,0.0,11.778557777404785,11.778557777404785,0.9999923706054688,1,0,0.0,0.0,0.0,0.0
train_num_fake_24436,E:\archive_investigation_scratch_task\extracted_samples\Preapred Dataset\train\fake\24436.png,1,training_diagnostic,numeric_fake,3feba4c44d15012e783fbe26ecc812db85c5fbdc4e1f34669f8c6f21f77b5f26,png_control,0.0,0.0,0.0,11.778557777404785,11.778557777404785,0.9999923706054688,1,0,0.0,0.0,0.0,0.0
train_num_fake_24436,E:\archive_investigation_scratch_task\extracted_samples\Preapred Dataset\train\fake\24436.png,1,training_diagnostic,numeric_fake,3feba4c44d15012e783fbe26ecc812db85c5fbdc4e1f34669f8c6f21f77b5f26,jpeg95,10.0,0.013075335882604122,0.1742919683456421,10.396822929382324,10.396822929382324,0.999969482421875,1,0,-1.381734848022461,1.381734848022461,-2.288818359375e-05,2.288818359375e-05
train_num_fake_24436,E:\archive_investigation_scratch_task\extracted_samples\Preapred Dataset\train\fake\24436.png,1,training_diagnostic,numeric_fake,3feba4c44d15012e783fbe26ecc812db85c5fbdc4e1f34669f8c6f21f77b5f26,jpeg75,26.0,0.02097759209573269,0.4551820158958435,7.973090171813965,7.973090171813965,0.9996554851531982,1,0,-3.8054676055908203,3.8054676055908203,-0.0003368854522705078,0.0003368854522705078
train_num_fake_26566,E:\archive_investigation_scratch_task\extracted_samples\Preapred Dataset\train\fake\26566.png,1,training_diagnostic,numeric_fake,8c259038f669f945b1ea5b09e7fe28113bdf2cafaca28ed107c4917e8ef9168d,original,0.0,0.0,0.0,14.320901870727539,14.320901870727539,0.9999994039535522,1,0,0.0,0.0,0.0,0.0
train_num_fake_26566,E:\archive_investigation_scratch_task\extracted_samples\Preapred Dataset\train\fake\26566.png,1,training_diagnostic,numeric_fake,8c259038f669f945b1ea5b09e7fe28113bdf2cafaca28ed107c4917e8ef9168d,png_control,0.0,0.0,0.0,14.320901870727539,14.320901870727539,0.9999994039535522,1,0,0.0,0.0,0.0,0.0
train_num_fake_26566,E:\archive_investigation_scratch_task\extracted_samples\Preapred Dataset\train\fake\26566.png,1,training_diagnostic,numeric_fake,8c259038f669f945b1ea5b09e7fe28113bdf2cafaca28ed107c4917e8ef9168d,jpeg95,11.0,0.019113915041089058,0.18837225437164307,14.228927612304688,14.228927612304688,0.9999992847442627,1,0,-0.09197425842285156,0.09197425842285156,-1.1920928955078125e-07,1.1920928955078125e-07
train_num_fake_26566,E:\archive_investigation_scratch_task\extracted_samples\Preapred Dataset\train\fake\26566.png,1,training_diagnostic,numeric_fake,8c259038f669f945b1ea5b09e7fe28113bdf2cafaca28ed107c4917e8ef9168d,jpeg75,27.0,0.03907250985503197,0.46236830949783325,11.425810813903809,11.425810813903809,0.9999890327453613,1,0,-2.8950910568237305,2.8950910568237305,-1.0371208190917969e-05,1.0371208190917969e-05
train_num_fake_10703,E:\archive_investigation_scratch_task\extracted_samples\Preapred Dataset\train\fake\10703.png,1,training_diagnostic,numeric_fake,b694ea5d12f6ced3bfd5c4e132fedc57c8acc711333d8726fc8d8c614fc8cfeb,original,0.0,0.0,0.0,15.891024589538574,15.891024589538574,0.9999998807907104,1,0,0.0,0.0,0.0,0.0
train_num_fake_10703,E:\archive_investigation_scratch_task\extracted_samples\Preapred Dataset\train\fake\10703.png,1,training_diagnostic,numeric_fake,b694ea5d12f6ced3bfd5c4e132fedc57c8acc711333d8726fc8d8c614fc8cfeb,png_control,0.0,0.0,0.0,15.891024589538574,15.891024589538574,0.9999998807907104,1,0,0.0,0.0,0.0,0.0
train_num_fake_10703,E:\archive_investigation_scratch_task\extracted_samples\Preapred Dataset\train\fake\10703.png,1,training_diagnostic,numeric_fake,b694ea5d12f6ced3bfd5c4e132fedc57c8acc711333d8726fc8d8c614fc8cfeb,jpeg95,12.0,0.01864052377641201,0.20915043354034424,15.868695259094238,15.868695259094238,0.9999998807907104,1,0,-0.022329330444335938,0.022329330444335938,0.0,0.0
train_num_fake_10703,E:\archive_investigation_scratch_task\extracted_samples\Preapred Dataset\train\fake\10703.png,1,training_diagnostic,numeric_fake,b694ea5d12f6ced3bfd5c4e132fedc57c8acc711333d8726fc8d8c614fc8cfeb,jpeg75,40.0,0.03537817671895027,0.5403050184249878,11.786416053771973,11.786416053771973,0.9999923706054688,1,0,-4.104608535766602,4.104608535766602,-7.510185241699219e-06,7.510185241699219e-06
train_num_fake_2546,E:\archive_investigation_scratch_task\extracted_samples\Preapred Dataset\train\fake\2546.png,1,training_diagnostic,numeric_fake,f1cdbcc1974b544557f252f6af54247796dbae723a024c1cda1a63d37f8c5270,original,0.0,0.0,0.0,12.065812110900879,12.065812110900879,0.9999942779541016,1,0,0.0,0.0,0.0,0.0
train_num_fake_2546,E:\archive_investigation_scratch_task\extracted_samples\Preapred Dataset\train\fake\2546.png,1,training_diagnostic,numeric_fake,f1cdbcc1974b544557f252f6af54247796dbae723a024c1cda1a63d37f8c5270,png_control,0.0,0.0,0.0,12.065812110900879,12.065812110900879,0.9999942779541016,1,0,0.0,0.0,0.0,0.0
train_num_fake_2546,E:\archive_investigation_scratch_task\extracted_samples\Preapred Dataset\train\fake\2546.png,1,training_diagnostic,numeric_fake,f1cdbcc1974b544557f252f6af54247796dbae723a024c1cda1a63d37f8c5270,jpeg95,12.0,0.01712224818766117,0.1742919534444809,11.537896156311035,11.537896156311035,0.9999902248382568,1,0,-0.5279159545898438,0.5279159545898438,-4.0531158447265625e-06,4.0531158447265625e-06
train_num_fake_2546,E:\archive_investigation_scratch_task\extracted_samples\Preapred Dataset\train\fake\2546.png,1,training_diagnostic,numeric_fake,f1cdbcc1974b544557f252f6af54247796dbae723a024c1cda1a63d37f8c5270,jpeg75,27.0,0.03173743933439255,0.4705883264541626,7.514364719390869,7.514364719390869,0.9994551539421082,1,0,-4.55144739151001,4.55144739151001,-0.0005391240119934082,0.0005391240119934082
train_num_fake_14543,E:\archive_investigation_scratch_task\extracted_samples\Preapred Dataset\train\fake\14543.png,1,training_diagnostic,numeric_fake,be3be665a7413db71a5c0121ff4c4c22dafd86e0a683def10515d02deaed488c,original,0.0,0.0,0.0,15.288127899169922,15.288127899169922,0.9999997615814209,1,0,0.0,0.0,0.0,0.0
train_num_fake_14543,E:\archive_investigation_scratch_task\extracted_samples\Preapred Dataset\train\fake\14543.png,1,training_diagnostic,numeric_fake,be3be665a7413db71a5c0121ff4c4c22dafd86e0a683def10515d02deaed488c,png_control,0.0,0.0,0.0,15.288127899169922,15.288127899169922,0.9999997615814209,1,0,0.0,0.0,0.0,0.0
train_num_fake_14543,E:\archive_investigation_scratch_task\extracted_samples\Preapred Dataset\train\fake\14543.png,1,training_diagnostic,numeric_fake,be3be665a7413db71a5c0121ff4c4c22dafd86e0a683def10515d02deaed488c,jpeg95,12.0,0.0187080018222332,0.18837225437164307,15.058113098144531,15.058113098144531,0.9999997615814209,1,0,-0.23001480102539062,0.23001480102539062,0.0,0.0
train_num_fake_14543,E:\archive_investigation_scratch_task\extracted_samples\Preapred Dataset\train\fake\14543.png,1,training_diagnostic,numeric_fake,be3be665a7413db71a5c0121ff4c4c22dafd86e0a683def10515d02deaed488c,jpeg75,33.0,0.03490180894732475,0.5751634240150452,10.437237739562988,10.437237739562988,0.9999706745147705,1,0,-4.850890159606934,4.850890159606934,-2.9087066650390625e-05,2.9087066650390625e-05
train_num_fake_28390,E:\archive_investigation_scratch_task\extracted_samples\Preapred Dataset\train\fake\28390.png,1,training_diagnostic,numeric_fake,62b2206c323d227588088350f201a8229f03ec004f667782248e0674a4590630,original,0.0,0.0,0.0,16.357913970947266,16.357913970947266,0.9999998807907104,1,0,0.0,0.0,0.0,0.0
train_num_fake_28390,E:\archive_investigation_scratch_task\extracted_samples\Preapred Dataset\train\fake\28390.png,1,training_diagnostic,numeric_fake,62b2206c323d227588088350f201a8229f03ec004f667782248e0674a4590630,png_control,0.0,0.0,0.0,16.357913970947266,16.357913970947266,0.9999998807907104,1,0,0.0,0.0,0.0,0.0
train_num_fake_28390,E:\archive_investigation_scratch_task\extracted_samples\Preapred Dataset\train\fake\28390.png,1,training_diagnostic,numeric_fake,62b2206c323d227588088350f201a8229f03ec004f667782248e0674a4590630,jpeg95,11.0,0.021793823689222336,0.19172129034996033,16.348474502563477,16.348474502563477,0.9999998807907104,1,0,-0.009439468383789062,0.009439468383789062,0.0,0.0
train_num_fake_28390,E:\archive_investigation_scratch_task\extracted_samples\Preapred Dataset\train\fake\28390.png,1,training_diagnostic,numeric_fake,62b2206c323d227588088350f201a8229f03ec004f667782248e0674a4590630,jpeg75,32.0,0.04295206442475319,0.5577342510223389,11.172060012817383,11.172060012817383,0.999985933303833,1,0,-5.185853958129883,5.185853958129883,-1.3947486877441406e-05,1.3947486877441406e-05
train_num_fake_27621,E:\archive_investigation_scratch_task\extracted_samples\Preapred Dataset\train\fake\27621.png,1,training_diagnostic,numeric_fake,9ac0f45e2e9bd205569bbc949778993a290063be4f94aff3153002c135e7f62b,original,0.0,0.0,0.0,19.954906463623047,19.954906463623047,1.0,1,0,0.0,0.0,0.0,0.0
train_num_fake_27621,E:\archive_investigation_scratch_task\extracted_samples\Preapred Dataset\train\fake\27621.png,1,training_diagnostic,numeric_fake,9ac0f45e2e9bd205569bbc949778993a290063be4f94aff3153002c135e7f62b,png_control,0.0,0.0,0.0,19.954906463623047,19.954906463623047,1.0,1,0,0.0,0.0,0.0,0.0
train_num_fake_27621,E:\archive_investigation_scratch_task\extracted_samples\Preapred Dataset\train\fake\27621.png,1,training_diagnostic,numeric_fake,9ac0f45e2e9bd205569bbc949778993a290063be4f94aff3153002c135e7f62b,jpeg95,9.0,0.023428715765476227,0.15686249732971191,19.088661193847656,19.088661193847656,1.0,1,0,-0.8662452697753906,0.8662452697753906,0.0,0.0
train_num_fake_27621,E:\archive_investigation_scratch_task\extracted_samples\Preapred Dataset\train\fake\27621.png,1,training_diagnostic,numeric_fake,9ac0f45e2e9bd205569bbc949778993a290063be4f94aff3153002c135e7f62b,jpeg75,15.0,0.031877465546131134,0.26143789291381836,18.963123321533203,18.963123321533203,1.0,1,0,-0.9917831420898438,0.9917831420898438,0.0,0.0
train_num_fake_28234,E:\archive_investigation_scratch_task\extracted_samples\Preapred Dataset\train\fake\28234.png,1,training_diagnostic,numeric_fake,1899df1f1685aa22f9679ecab69bce232a9f6718d73c988910c0eacefc92e4f5,original,0.0,0.0,0.0,12.556654930114746,12.556654930114746,0.9999964237213135,1,0,0.0,0.0,0.0,0.0
train_num_fake_28234,E:\archive_investigation_scratch_task\extracted_samples\Preapred Dataset\train\fake\28234.png,1,training_diagnostic,numeric_fake,1899df1f1685aa22f9679ecab69bce232a9f6718d73c988910c0eacefc92e4f5,png_control,0.0,0.0,0.0,12.556654930114746,12.556654930114746,0.9999964237213135,1,0,0.0,0.0,0.0,0.0
train_num_fake_28234,E:\archive_investigation_scratch_task\extracted_samples\Preapred Dataset\train\fake\28234.png,1,training_diagnostic,numeric_fake,1899df1f1685aa22f9679ecab69bce232a9f6718d73c988910c0eacefc92e4f5,jpeg95,12.0,0.01624297723174095,0.20549702644348145,11.947991371154785,11.947991371154785,0.9999935626983643,1,0,-0.6086635589599609,0.6086635589599609,-2.86102294921875e-06,2.86102294921875e-06
train_num_fake_28234,E:\archive_investigation_scratch_task\extracted_samples\Preapred Dataset\train\fake\28234.png,1,training_diagnostic,numeric_fake,1899df1f1685aa22f9679ecab69bce232a9f6718d73c988910c0eacefc92e4f5,jpeg75,30.0,0.028819508850574493,0.5228759050369263,7.41959810256958,7.41959810256958,0.9994009733200073,1,0,-5.137056827545166,5.137056827545166,-0.0005954504013061523,0.0005954504013061523
train_num_fake_25397,E:\archive_investigation_scratch_task\extracted_samples\Preapred Dataset\train\fake\25397.png,1,training_diagnostic,numeric_fake,3a7f952e0ac6f402ac7acfc8840604e9a4265934c37bc32fc4d37089c5a4eb19,original,0.0,0.0,0.0,10.45726203918457,10.45726203918457,0.9999712705612183,1,0,0.0,0.0,0.0,0.0
train_num_fake_25397,E:\archive_investigation_scratch_task\extracted_samples\Preapred Dataset\train\fake\25397.png,1,training_diagnostic,numeric_fake,3a7f952e0ac6f402ac7acfc8840604e9a4265934c37bc32fc4d37089c5a4eb19,png_control,0.0,0.0,0.0,10.45726203918457,10.45726203918457,0.9999712705612183,1,0,0.0,0.0,0.0,0.0
train_num_fake_25397,E:\archive_investigation_scratch_task\extracted_samples\Preapred Dataset\train\fake\25397.png,1,training_diagnostic,numeric_fake,3a7f952e0ac6f402ac7acfc8840604e9a4265934c37bc32fc4d37089c5a4eb19,jpeg95,14.0,0.01706111989915371,0.24400877952575684,10.365612983703613,10.365612983703613,0.9999685287475586,1,0,-0.09164905548095703,0.09164905548095703,-2.7418136596679688e-06,2.7418136596679688e-06
train_num_fake_25397,E:\archive_investigation_scratch_task\extracted_samples\Preapred Dataset\train\fake\25397.png,1,training_diagnostic,numeric_fake,3a7f952e0ac6f402ac7acfc8840604e9a4265934c37bc32fc4d37089c5a4eb19,jpeg75,25.0,0.027333412319421768,0.43572986125946045,10.339800834655762,10.339800834655762,0.9999676942825317,1,0,-0.1174612045288086,0.1174612045288086,-3.5762786865234375e-06,3.5762786865234375e-06
train_num_fake_22684,E:\archive_investigation_scratch_task\extracted_samples\Preapred Dataset\train\fake\22684.png,1,training_diagnostic,numeric_fake,f3cfdd757a2f824ef818cc012a9c1df6758d83c8cc24bdae18fb6d268f086129,original,0.0,0.0,0.0,14.055318832397461,14.055318832397461,0.9999991655349731,1,0,0.0,0.0,0.0,0.0
train_num_fake_22684,E:\archive_investigation_scratch_task\extracted_samples\Preapred Dataset\train\fake\22684.png,1,training_diagnostic,numeric_fake,f3cfdd757a2f824ef818cc012a9c1df6758d83c8cc24bdae18fb6d268f086129,png_control,0.0,0.0,0.0,14.055318832397461,14.055318832397461,0.9999991655349731,1,0,0.0,0.0,0.0,0.0
train_num_fake_22684,E:\archive_investigation_scratch_task\extracted_samples\Preapred Dataset\train\fake\22684.png,1,training_diagnostic,numeric_fake,f3cfdd757a2f824ef818cc012a9c1df6758d83c8cc24bdae18fb6d268f086129,jpeg95,11.0,0.0198721494525671,0.17124754190444946,13.888045310974121,13.888045310974121,0.9999990463256836,1,0,-0.16727352142333984,0.16727352142333984,-1.1920928955078125e-07,1.1920928955078125e-07
train_num_fake_22684,E:\archive_investigation_scratch_task\extracted_samples\Preapred Dataset\train\fake\22684.png,1,training_diagnostic,numeric_fake,f3cfdd757a2f824ef818cc012a9c1df6758d83c8cc24bdae18fb6d268f086129,jpeg75,25.0,0.04056081548333168,0.4281190037727356,11.245051383972168,11.245051383972168,0.9999868869781494,1,0,-2.810267448425293,2.810267448425293,-1.2278556823730469e-05,1.2278556823730469e-05
train_num_fake_7676,E:\archive_investigation_scratch_task\extracted_samples\Preapred Dataset\train\fake\7676.png,1,training_diagnostic,numeric_fake,089fc36f1daee0961b1cb545dd12fd2215a8dfcab5858c1adae53d789a855e78,original,0.0,0.0,0.0,8.21845531463623,8.21845531463623,0.9997304081916809,1,0,0.0,0.0,0.0,0.0
train_num_fake_7676,E:\archive_investigation_scratch_task\extracted_samples\Preapred Dataset\train\fake\7676.png,1,training_diagnostic,numeric_fake,089fc36f1daee0961b1cb545dd12fd2215a8dfcab5858c1adae53d789a855e78,png_control,0.0,0.0,0.0,8.21845531463623,8.21845531463623,0.9997304081916809,1,0,0.0,0.0,0.0,0.0
train_num_fake_7676,E:\archive_investigation_scratch_task\extracted_samples\Preapred Dataset\train\fake\7676.png,1,training_diagnostic,numeric_fake,089fc36f1daee0961b1cb545dd12fd2215a8dfcab5858c1adae53d789a855e78,jpeg95,11.0,0.016166094690561295,0.1917211413383484,7.816520690917969,7.816520690917969,0.9995971322059631,1,0,-0.4019346237182617,0.4019346237182617,-0.00013327598571777344,0.00013327598571777344
train_num_fake_7676,E:\archive_investigation_scratch_task\extracted_samples\Preapred Dataset\train\fake\7676.png,1,training_diagnostic,numeric_fake,089fc36f1daee0961b1cb545dd12fd2215a8dfcab5858c1adae53d789a855e78,jpeg75,26.0,0.029458994045853615,0.4551820755004883,5.274989604949951,5.274989604949951,0.9949080348014832,1,0,-2.9434657096862793,2.9434657096862793,-0.004822373390197754,0.004822373390197754
train_num_fake_23674,E:\archive_investigation_scratch_task\extracted_samples\Preapred Dataset\train\fake\23674.png,1,training_diagnostic,numeric_fake,c8ca929e37b9e603b0142b50d0d87377d98f709446405570538a5d45f904ae54,original,0.0,0.0,0.0,6.720033168792725,6.720033168792725,0.9987949132919312,1,0,0.0,0.0,0.0,0.0
train_num_fake_23674,E:\archive_investigation_scratch_task\extracted_samples\Preapred Dataset\train\fake\23674.png,1,training_diagnostic,numeric_fake,c8ca929e37b9e603b0142b50d0d87377d98f709446405570538a5d45f904ae54,png_control,0.0,0.0,0.0,6.720033168792725,6.720033168792725,0.9987949132919312,1,0,0.0,0.0,0.0,0.0
train_num_fake_23674,E:\archive_investigation_scratch_task\extracted_samples\Preapred Dataset\train\fake\23674.png,1,training_diagnostic,numeric_fake,c8ca929e37b9e603b0142b50d0d87377d98f709446405570538a5d45f904ae54,jpeg95,10.0,0.017836149781942368,0.17429190874099731,6.4711222648620605,6.4711222648620605,0.9984549283981323,1,0,-0.24891090393066406,0.24891090393066406,-0.0003399848937988281,0.0003399848937988281
train_num_fake_23674,E:\archive_investigation_scratch_task\extracted_samples\Preapred Dataset\train\fake\23674.png,1,training_diagnostic,numeric_fake,c8ca929e37b9e603b0142b50d0d87377d98f709446405570538a5d45f904ae54,jpeg75,26.0,0.03525322303175926,0.44524356722831726,4.833445072174072,4.833445072174072,0.9921038150787354,1,0,-1.8865880966186523,1.8865880966186523,-0.006691098213195801,0.006691098213195801
train_vid_real_vid_91007c00fe164ef1051ea98e83169b66ab41796cff63adb9984003b805e44ba8_face_000054_020,E:\archive_investigation_scratch_task\extracted_samples\Preapred Dataset\train\real\vid_91007c00fe164ef1051ea98e83169b66ab41796cff63adb9984003b805e44ba8_face_000054_020.png,0,training_diagnostic,video_real,21f590f4ba2b21f8ae5ce5a230d8bedc7b54b7206ce12f7eb72929e0bf50db75,original,0.0,0.0,0.0,-0.8396908640861511,-0.8396908640861511,0.3015998899936676,0,0,0.0,0.0,0.0,0.0
train_vid_real_vid_91007c00fe164ef1051ea98e83169b66ab41796cff63adb9984003b805e44ba8_face_000054_020,E:\archive_investigation_scratch_task\extracted_samples\Preapred Dataset\train\real\vid_91007c00fe164ef1051ea98e83169b66ab41796cff63adb9984003b805e44ba8_face_000054_020.png,0,training_diagnostic,video_real,21f590f4ba2b21f8ae5ce5a230d8bedc7b54b7206ce12f7eb72929e0bf50db75,png_control,0.0,0.0,0.0,-0.8396908640861511,-0.8396908640861511,0.3015998899936676,0,0,0.0,0.0,0.0,0.0
train_vid_real_vid_91007c00fe164ef1051ea98e83169b66ab41796cff63adb9984003b805e44ba8_face_000054_020,E:\archive_investigation_scratch_task\extracted_samples\Preapred Dataset\train\real\vid_91007c00fe164ef1051ea98e83169b66ab41796cff63adb9984003b805e44ba8_face_000054_020.png,0,training_diagnostic,video_real,21f590f4ba2b21f8ae5ce5a230d8bedc7b54b7206ce12f7eb72929e0bf50db75,jpeg95,8.0,0.012290540151298046,0.10457515716552734,-1.2522308826446533,-1.2522308826446533,0.22231419384479523,0,0,-0.4125400185585022,0.4125400185585022,-0.07928569614887238,0.07928569614887238
train_vid_real_vid_91007c00fe164ef1051ea98e83169b66ab41796cff63adb9984003b805e44ba8_face_000054_020,E:\archive_investigation_scratch_task\extracted_samples\Preapred Dataset\train\real\vid_91007c00fe164ef1051ea98e83169b66ab41796cff63adb9984003b805e44ba8_face_000054_020.png,0,training_diagnostic,video_real,21f590f4ba2b21f8ae5ce5a230d8bedc7b54b7206ce12f7eb72929e0bf50db75,jpeg75,14.0,0.020619172602891922,0.1917211413383484,-1.525023341178894,-1.525023341178894,0.17872300744056702,0,0,-0.6853324770927429,0.6853324770927429,-0.12287688255310059,0.12287688255310059
train_vid_real_vid_c93246b0be9bc417899714250a381ec7df1a51b99749b6e9a71417d032550b9c_face_000020_011,E:\archive_investigation_scratch_task\extracted_samples\Preapred Dataset\train\real\vid_c93246b0be9bc417899714250a381ec7df1a51b99749b6e9a71417d032550b9c_face_000020_011.png,0,training_diagnostic,video_real,4accafa358dfd1e66725706dbe436e537a3a58fa4237db83977f661a4717064a,original,0.0,0.0,0.0,-6.409089088439941,-6.409089088439941,0.001643817056901753,0,0,0.0,0.0,0.0,0.0
train_vid_real_vid_c93246b0be9bc417899714250a381ec7df1a51b99749b6e9a71417d032550b9c_face_000020_011,E:\archive_investigation_scratch_task\extracted_samples\Preapred Dataset\train\real\vid_c93246b0be9bc417899714250a381ec7df1a51b99749b6e9a71417d032550b9c_face_000020_011.png,0,training_diagnostic,video_real,4accafa358dfd1e66725706dbe436e537a3a58fa4237db83977f661a4717064a,png_control,0.0,0.0,0.0,-6.409089088439941,-6.409089088439941,0.001643817056901753,0,0,0.0,0.0,0.0,0.0
train_vid_real_vid_c93246b0be9bc417899714250a381ec7df1a51b99749b6e9a71417d032550b9c_face_000020_011,E:\archive_investigation_scratch_task\extracted_samples\Preapred Dataset\train\real\vid_c93246b0be9bc417899714250a381ec7df1a51b99749b6e9a71417d032550b9c_face_000020_011.png,0,training_diagnostic,video_real,4accafa358dfd1e66725706dbe436e537a3a58fa4237db83977f661a4717064a,jpeg95,6.0,0.009676629677414894,0.0875350832939148,-6.324684143066406,-6.324684143066406,0.0017883282853290439,0,0,0.08440494537353516,0.08440494537353516,0.00014451122842729092,0.00014451122842729092
train_vid_real_vid_c93246b0be9bc417899714250a381ec7df1a51b99749b6e9a71417d032550b9c_face_000020_011,E:\archive_investigation_scratch_task\extracted_samples\Preapred Dataset\train\real\vid_c93246b0be9bc417899714250a381ec7df1a51b99749b6e9a71417d032550b9c_face_000020_011.png,0,training_diagnostic,video_real,4accafa358dfd1e66725706dbe436e537a3a58fa4237db83977f661a4717064a,jpeg75,13.0,0.017741750925779343,0.191721111536026,-2.801783323287964,-2.801783323287964,0.057227883487939835,0,0,3.6073057651519775,3.6073057651519775,0.05558406643103808,0.05558406643103808
train_vid_real_vid_d4778a37744af6a5ba6a49f785a48d843f8b92a2645b291c62224530ba4f784c_face_000024_009,E:\archive_investigation_scratch_task\extracted_samples\Preapred Dataset\train\real\vid_d4778a37744af6a5ba6a49f785a48d843f8b92a2645b291c62224530ba4f784c_face_000024_009.png,0,training_diagnostic,video_real,b3228e7365edf297ae4a0a92dbf14a8792545b652a85a7a87e560bcdc04071d3,original,0.0,0.0,0.0,2.975529909133911,2.975529909133911,0.9514563083648682,1,0,0.0,0.0,0.0,0.0
train_vid_real_vid_d4778a37744af6a5ba6a49f785a48d843f8b92a2645b291c62224530ba4f784c_face_000024_009,E:\archive_investigation_scratch_task\extracted_samples\Preapred Dataset\train\real\vid_d4778a37744af6a5ba6a49f785a48d843f8b92a2645b291c62224530ba4f784c_face_000024_009.png,0,training_diagnostic,video_real,b3228e7365edf297ae4a0a92dbf14a8792545b652a85a7a87e560bcdc04071d3,png_control,0.0,0.0,0.0,2.975529909133911,2.975529909133911,0.9514563083648682,1,0,0.0,0.0,0.0,0.0
train_vid_real_vid_d4778a37744af6a5ba6a49f785a48d843f8b92a2645b291c62224530ba4f784c_face_000024_009,E:\archive_investigation_scratch_task\extracted_samples\Preapred Dataset\train\real\vid_d4778a37744af6a5ba6a49f785a48d843f8b92a2645b291c62224530ba4f784c_face_000024_009.png,0,training_diagnostic,video_real,b3228e7365edf297ae4a0a92dbf14a8792545b652a85a7a87e560bcdc04071d3,jpeg95,9.0,0.013856714591383934,0.12200450897216797,2.624389886856079,2.624389886856079,0.9324148297309875,1,0,-0.35114002227783203,0.35114002227783203,-0.019041478633880615,0.019041478633880615
train_vid_real_vid_d4778a37744af6a5ba6a49f785a48d843f8b92a2645b291c62224530ba4f784c_face_000024_009,E:\archive_investigation_scratch_task\extracted_samples\Preapred Dataset\train\real\vid_d4778a37744af6a5ba6a49f785a48d843f8b92a2645b291c62224530ba4f784c_face_000024_009.png,0,training_diagnostic,video_real,b3228e7365edf297ae4a0a92dbf14a8792545b652a85a7a87e560bcdc04071d3,jpeg75,14.0,0.02454797551035881,0.20549702644348145,2.323805570602417,2.323805570602417,0.9108295440673828,1,0,-0.6517243385314941,0.6517243385314941,-0.04062676429748535,0.04062676429748535
train_vid_real_vid_018a4ab3f0e7176486ba97c7f5e4e0c96abf0cea7c8db0b49f82e67f4b3e753e_face_000042_015,E:\archive_investigation_scratch_task\extracted_samples\Preapred Dataset\train\real\vid_018a4ab3f0e7176486ba97c7f5e4e0c96abf0cea7c8db0b49f82e67f4b3e753e_face_000042_015.png,0,training_diagnostic,video_real,0260d1cbbf8ee1637e2fb590940060a566de5d21880de4ea7a7366a23c7c8e87,original,0.0,0.0,0.0,-5.430612087249756,-5.430612087249756,0.004361309576779604,0,0,0.0,0.0,0.0,0.0
train_vid_real_vid_018a4ab3f0e7176486ba97c7f5e4e0c96abf0cea7c8db0b49f82e67f4b3e753e_face_000042_015,E:\archive_investigation_scratch_task\extracted_samples\Preapred Dataset\train\real\vid_018a4ab3f0e7176486ba97c7f5e4e0c96abf0cea7c8db0b49f82e67f4b3e753e_face_000042_015.png,0,training_diagnostic,video_real,0260d1cbbf8ee1637e2fb590940060a566de5d21880de4ea7a7366a23c7c8e87,png_control,0.0,0.0,0.0,-5.430612087249756,-5.430612087249756,0.004361309576779604,0,0,0.0,0.0,0.0,0.0
train_vid_real_vid_018a4ab3f0e7176486ba97c7f5e4e0c96abf0cea7c8db0b49f82e67f4b3e753e_face_000042_015,E:\archive_investigation_scratch_task\extracted_samples\Preapred Dataset\train\real\vid_018a4ab3f0e7176486ba97c7f5e4e0c96abf0cea7c8db0b49f82e67f4b3e753e_face_000042_015.png,0,training_diagnostic,video_real,0260d1cbbf8ee1637e2fb590940060a566de5d21880de4ea7a7366a23c7c8e87,jpeg95,10.0,0.012648914940655231,0.1369979977607727,-5.005337238311768,-5.005337238311768,0.0066574616357684135,0,0,0.4252748489379883,0.4252748489379883,0.0022961520589888096,0.0022961520589888096
train_vid_real_vid_018a4ab3f0e7176486ba97c7f5e4e0c96abf0cea7c8db0b49f82e67f4b3e753e_face_000042_015,E:\archive_investigation_scratch_task\extracted_samples\Preapred Dataset\train\real\vid_018a4ab3f0e7176486ba97c7f5e4e0c96abf0cea7c8db0b49f82e67f4b3e753e_face_000042_015.png,0,training_diagnostic,video_real,0260d1cbbf8ee1637e2fb590940060a566de5d21880de4ea7a7366a23c7c8e87,jpeg75,19.0,0.023009443655610085,0.2614380121231079,-4.4976396560668945,-4.4976396560668945,0.01101262029260397,0,0,0.9329724311828613,0.9329724311828613,0.006651310715824366,0.006651310715824366
train_vid_real_vid_c18f924a587ece5790146b1c310f97e0e758606948df0751b3ad76a1f9b2a655_face_000048_009,E:\archive_investigation_scratch_task\extracted_samples\Preapred Dataset\train\real\vid_c18f924a587ece5790146b1c310f97e0e758606948df0751b3ad76a1f9b2a655_face_000048_009.png,0,training_diagnostic,video_real,6da5276bf76f61f1ed8e3a73cf242140ca3c984bc0fa65b89e4ab8f526769e7d,original,0.0,0.0,0.0,-0.8192623853683472,-0.8192623853683472,0.30592024326324463,0,0,0.0,0.0,0.0,0.0
train_vid_real_vid_c18f924a587ece5790146b1c310f97e0e758606948df0751b3ad76a1f9b2a655_face_000048_009,E:\archive_investigation_scratch_task\extracted_samples\Preapred Dataset\train\real\vid_c18f924a587ece5790146b1c310f97e0e758606948df0751b3ad76a1f9b2a655_face_000048_009.png,0,training_diagnostic,video_real,6da5276bf76f61f1ed8e3a73cf242140ca3c984bc0fa65b89e4ab8f526769e7d,png_control,0.0,0.0,0.0,-0.8192623853683472,-0.8192623853683472,0.30592024326324463,0,0,0.0,0.0,0.0,0.0
train_vid_real_vid_c18f924a587ece5790146b1c310f97e0e758606948df0751b3ad76a1f9b2a655_face_000048_009,E:\archive_investigation_scratch_task\extracted_samples\Preapred Dataset\train\real\vid_c18f924a587ece5790146b1c310f97e0e758606948df0751b3ad76a1f9b2a655_face_000048_009.png,0,training_diagnostic,video_real,6da5276bf76f61f1ed8e3a73cf242140ca3c984bc0fa65b89e4ab8f526769e7d,jpeg95,8.0,0.012627542950212955,0.12200435996055603,-0.36506038904190063,-0.36506038904190063,0.40973517298698425,0,0,0.45420199632644653,0.45420199632644653,0.10381492972373962,0.10381492972373962
train_vid_real_vid_c18f924a587ece5790146b1c310f97e0e758606948df0751b3ad76a1f9b2a655_face_000048_009,E:\archive_investigation_scratch_task\extracted_samples\Preapred Dataset\train\real\vid_c18f924a587ece5790146b1c310f97e0e758606948df0751b3ad76a1f9b2a655_face_000048_009.png,0,training_diagnostic,video_real,6da5276bf76f61f1ed8e3a73cf242140ca3c984bc0fa65b89e4ab8f526769e7d,jpeg75,15.0,0.021114686504006386,0.24400871992111206,-0.05534172058105469,-0.05534172058105469,0.48616811633110046,0,0,0.7639206647872925,0.7639206647872925,0.18024787306785583,0.18024787306785583
train_vid_real_vid_fc456c0edca8e800b562d0e46b05e2fe9965761c1ecf2c810b2268e123cf7cf1_face_000033_012,E:\archive_investigation_scratch_task\extracted_samples\Preapred Dataset\train\real\vid_fc456c0edca8e800b562d0e46b05e2fe9965761c1ecf2c810b2268e123cf7cf1_face_000033_012.png,0,training_diagnostic,video_real,b859fa02e4f139c4597b3bbb3cd7e65d4aa302d9dd86c27d22b5ba0f90a5fc51,original,0.0,0.0,0.0,-0.5049586892127991,-0.5049586892127991,0.37637606263160706,0,0,0.0,0.0,0.0,0.0
train_vid_real_vid_fc456c0edca8e800b562d0e46b05e2fe9965761c1ecf2c810b2268e123cf7cf1_face_000033_012,E:\archive_investigation_scratch_task\extracted_samples\Preapred Dataset\train\real\vid_fc456c0edca8e800b562d0e46b05e2fe9965761c1ecf2c810b2268e123cf7cf1_face_000033_012.png,0,training_diagnostic,video_real,b859fa02e4f139c4597b3bbb3cd7e65d4aa302d9dd86c27d22b5ba0f90a5fc51,png_control,0.0,0.0,0.0,-0.5049586892127991,-0.5049586892127991,0.37637606263160706,0,0,0.0,0.0,0.0,0.0
train_vid_real_vid_fc456c0edca8e800b562d0e46b05e2fe9965761c1ecf2c810b2268e123cf7cf1_face_000033_012,E:\archive_investigation_scratch_task\extracted_samples\Preapred Dataset\train\real\vid_fc456c0edca8e800b562d0e46b05e2fe9965761c1ecf2c810b2268e123cf7cf1_face_000033_012.png,0,training_diagnostic,video_real,b859fa02e4f139c4597b3bbb3cd7e65d4aa302d9dd86c27d22b5ba0f90a5fc51,jpeg95,10.0,0.013747641816735268,0.1198732852935791,-0.3526327311992645,-0.3526327311992645,0.41274410486221313,0,0,0.15232595801353455,0.15232595801353455,0.03636804223060608,0.03636804223060608
train_vid_real_vid_fc456c0edca8e800b562d0e46b05e2fe9965761c1ecf2c810b2268e123cf7cf1_face_000033_012,E:\archive_investigation_scratch_task\extracted_samples\Preapred Dataset\train\real\vid_fc456c0edca8e800b562d0e46b05e2fe9965761c1ecf2c810b2268e123cf7cf1_face_000033_012.png,0,training_diagnostic,video_real,b859fa02e4f139c4597b3bbb3cd7e65d4aa302d9dd86c27d22b5ba0f90a5fc51,jpeg75,12.0,0.024263039231300354,0.18837228417396545,-0.14833518862724304,-0.14833518862724304,0.4629840552806854,0,0,0.35662350058555603,0.35662350058555603,0.08660799264907837,0.08660799264907837
train_vid_real_vid_14cf3f97208b541a6c95c3593c985d8b8ec8f8bd2343ff1fc624b1d341c0064d_face_000046_025,E:\archive_investigation_scratch_task\extracted_samples\Preapred Dataset\train\real\vid_14cf3f97208b541a6c95c3593c985d8b8ec8f8bd2343ff1fc624b1d341c0064d_face_000046_025.png,0,training_diagnostic,video_real,27ebe3bf887f7bb869f4cc091ecc05a024e32a0e56fa92e753c86ea6a7447af5,original,0.0,0.0,0.0,-2.0721592903137207,-2.0721592903137207,0.1118323877453804,0,0,0.0,0.0,0.0,0.0
train_vid_real_vid_14cf3f97208b541a6c95c3593c985d8b8ec8f8bd2343ff1fc624b1d341c0064d_face_000046_025,E:\archive_investigation_scratch_task\extracted_samples\Preapred Dataset\train\real\vid_14cf3f97208b541a6c95c3593c985d8b8ec8f8bd2343ff1fc624b1d341c0064d_face_000046_025.png,0,training_diagnostic,video_real,27ebe3bf887f7bb869f4cc091ecc05a024e32a0e56fa92e753c86ea6a7447af5,png_control,0.0,0.0,0.0,-2.0721592903137207,-2.0721592903137207,0.1118323877453804,0,0,0.0,0.0,0.0,0.0
train_vid_real_vid_14cf3f97208b541a6c95c3593c985d8b8ec8f8bd2343ff1fc624b1d341c0064d_face_000046_025,E:\archive_investigation_scratch_task\extracted_samples\Preapred Dataset\train\real\vid_14cf3f97208b541a6c95c3593c985d8b8ec8f8bd2343ff1fc624b1d341c0064d_face_000046_025.png,0,training_diagnostic,video_real,27ebe3bf887f7bb869f4cc091ecc05a024e32a0e56fa92e753c86ea6a7447af5,jpeg95,9.0,0.01259386446326971,0.1394336223602295,-0.10455732047557831,-0.10455732047557831,0.4738844633102417,0,0,1.9676019698381424,1.9676019698381424,0.3620520755648613,0.3620520755648613
train_vid_real_vid_14cf3f97208b541a6c95c3593c985d8b8ec8f8bd2343ff1fc624b1d341c0064d_face_000046_025,E:\archive_investigation_scratch_task\extracted_samples\Preapred Dataset\train\real\vid_14cf3f97208b541a6c95c3593c985d8b8ec8f8bd2343ff1fc624b1d341c0064d_face_000046_025.png,0,training_diagnostic,video_real,27ebe3bf887f7bb869f4cc091ecc05a024e32a0e56fa92e753c86ea6a7447af5,jpeg75,17.0,0.023066122084856033,0.26143789291381836,2.105757236480713,2.105757236480713,0.8914614915847778,1,1,4.177916526794434,4.177916526794434,0.7796291038393974,0.7796291038393974
train_vid_real_vid_b1e45689d0d3c2c01f5b064553880599106a8b8cefb27172ff1e6ec0347990ea_face_000015_009,E:\archive_investigation_scratch_task\extracted_samples\Preapred Dataset\train\real\vid_b1e45689d0d3c2c01f5b064553880599106a8b8cefb27172ff1e6ec0347990ea_face_000015_009.png,0,training_diagnostic,video_real,2cb5ca7fb661740710a46a1eb9bcc6bf1edae5a2856ad7e3c134ce9707c04dd8,original,0.0,0.0,0.0,-5.1954755783081055,-5.1954755783081055,0.005511040333658457,0,0,0.0,0.0,0.0,0.0
train_vid_real_vid_b1e45689d0d3c2c01f5b064553880599106a8b8cefb27172ff1e6ec0347990ea_face_000015_009,E:\archive_investigation_scratch_task\extracted_samples\Preapred Dataset\train\real\vid_b1e45689d0d3c2c01f5b064553880599106a8b8cefb27172ff1e6ec0347990ea_face_000015_009.png,0,training_diagnostic,video_real,2cb5ca7fb661740710a46a1eb9bcc6bf1edae5a2856ad7e3c134ce9707c04dd8,png_control,0.0,0.0,0.0,-5.1954755783081055,-5.1954755783081055,0.005511040333658457,0,0,0.0,0.0,0.0,0.0
train_vid_real_vid_b1e45689d0d3c2c01f5b064553880599106a8b8cefb27172ff1e6ec0347990ea_face_000015_009,E:\archive_investigation_scratch_task\extracted_samples\Preapred Dataset\train\real\vid_b1e45689d0d3c2c01f5b064553880599106a8b8cefb27172ff1e6ec0347990ea_face_000015_009.png,0,training_diagnostic,video_real,2cb5ca7fb661740710a46a1eb9bcc6bf1edae5a2856ad7e3c134ce9707c04dd8,jpeg95,10.0,0.013863849453628063,0.13943356275558472,-5.404735088348389,-5.404735088348389,0.004475128371268511,0,0,-0.2092595100402832,0.2092595100402832,-0.001035911962389946,0.001035911962389946
train_vid_real_vid_b1e45689d0d3c2c01f5b064553880599106a8b8cefb27172ff1e6ec0347990ea_face_000015_009,E:\archive_investigation_scratch_task\extracted_samples\Preapred Dataset\train\real\vid_b1e45689d0d3c2c01f5b064553880599106a8b8cefb27172ff1e6ec0347990ea_face_000015_009.png,0,training_diagnostic,video_real,2cb5ca7fb661740710a46a1eb9bcc6bf1edae5a2856ad7e3c134ce9707c04dd8,jpeg75,19.0,0.02462737448513508,0.27886712551116943,-5.486131191253662,-5.486131191253662,0.004126744344830513,0,0,-0.29065561294555664,0.29065561294555664,-0.0013842959888279438,0.0013842959888279438
train_vid_real_vid_5eef96c6b4757969982efc82d5499a91b4296497dd0f8496977a4286d497b275_face_000042_027,E:\archive_investigation_scratch_task\extracted_samples\Preapred Dataset\train\real\vid_5eef96c6b4757969982efc82d5499a91b4296497dd0f8496977a4286d497b275_face_000042_027.png,0,training_diagnostic,video_real,588a61fdcb8760a82a792a1b087bb90e1381c7ee551b7b0856b7a28fbfe86f42,original,0.0,0.0,0.0,-5.1658196449279785,-5.1658196449279785,0.0056759812869131565,0,0,0.0,0.0,0.0,0.0
train_vid_real_vid_5eef96c6b4757969982efc82d5499a91b4296497dd0f8496977a4286d497b275_face_000042_027,E:\archive_investigation_scratch_task\extracted_samples\Preapred Dataset\train\real\vid_5eef96c6b4757969982efc82d5499a91b4296497dd0f8496977a4286d497b275_face_000042_027.png,0,training_diagnostic,video_real,588a61fdcb8760a82a792a1b087bb90e1381c7ee551b7b0856b7a28fbfe86f42,png_control,0.0,0.0,0.0,-5.1658196449279785,-5.1658196449279785,0.0056759812869131565,0,0,0.0,0.0,0.0,0.0
train_vid_real_vid_5eef96c6b4757969982efc82d5499a91b4296497dd0f8496977a4286d497b275_face_000042_027,E:\archive_investigation_scratch_task\extracted_samples\Preapred Dataset\train\real\vid_5eef96c6b4757969982efc82d5499a91b4296497dd0f8496977a4286d497b275_face_000042_027.png,0,training_diagnostic,video_real,588a61fdcb8760a82a792a1b087bb90e1381c7ee551b7b0856b7a28fbfe86f42,jpeg95,13.0,0.009815279394388199,0.10274851322174072,-4.6506733894348145,-4.6506733894348145,0.009464728645980358,0,0,0.5151462554931641,0.5151462554931641,0.0037887473590672016,0.0037887473590672016
train_vid_real_vid_5eef96c6b4757969982efc82d5499a91b4296497dd0f8496977a4286d497b275_face_000042_027,E:\archive_investigation_scratch_task\extracted_samples\Preapred Dataset\train\real\vid_5eef96c6b4757969982efc82d5499a91b4296497dd0f8496977a4286d497b275_face_000042_027.png,0,training_diagnostic,video_real,588a61fdcb8760a82a792a1b087bb90e1381c7ee551b7b0856b7a28fbfe86f42,jpeg75,21.0,0.0178946815431118,0.19172120094299316,-4.638031482696533,-4.638031482696533,0.00958398636430502,0,0,0.5277881622314453,0.5277881622314453,0.003908005077391863,0.003908005077391863
train_vid_real_vid_4633fcb324ad77c35b68ea24dcfd1c6fb27b6c09a9ddcf1be00c1ed5dc463f5e_face_000030_011,E:\archive_investigation_scratch_task\extracted_samples\Preapred Dataset\train\real\vid_4633fcb324ad77c35b68ea24dcfd1c6fb27b6c09a9ddcf1be00c1ed5dc463f5e_face_000030_011.png,0,training_diagnostic,video_real,f18faf62510689bab2e798c86542fab58b17eb4b7201ce6276336c00f7f0cb5e,original,0.0,0.0,0.0,2.1131229400634766,2.1131229400634766,0.89217209815979,1,0,0.0,0.0,0.0,0.0
train_vid_real_vid_4633fcb324ad77c35b68ea24dcfd1c6fb27b6c09a9ddcf1be00c1ed5dc463f5e_face_000030_011,E:\archive_investigation_scratch_task\extracted_samples\Preapred Dataset\train\real\vid_4633fcb324ad77c35b68ea24dcfd1c6fb27b6c09a9ddcf1be00c1ed5dc463f5e_face_000030_011.png,0,training_diagnostic,video_real,f18faf62510689bab2e798c86542fab58b17eb4b7201ce6276336c00f7f0cb5e,png_control,0.0,0.0,0.0,2.1131229400634766,2.1131229400634766,0.89217209815979,1,0,0.0,0.0,0.0,0.0
train_vid_real_vid_4633fcb324ad77c35b68ea24dcfd1c6fb27b6c09a9ddcf1be00c1ed5dc463f5e_face_000030_011,E:\archive_investigation_scratch_task\extracted_samples\Preapred Dataset\train\real\vid_4633fcb324ad77c35b68ea24dcfd1c6fb27b6c09a9ddcf1be00c1ed5dc463f5e_face_000030_011.png,0,training_diagnostic,video_real,f18faf62510689bab2e798c86542fab58b17eb4b7201ce6276336c00f7f0cb5e,jpeg95,8.0,0.010695942677557468,0.08714598417282104,1.9776575565338135,1.9776575565338135,0.8784312009811401,1,0,-0.13546538352966309,0.13546538352966309,-0.013740897178649902,0.013740897178649902
train_vid_real_vid_4633fcb324ad77c35b68ea24dcfd1c6fb27b6c09a9ddcf1be00c1ed5dc463f5e_face_000030_011,E:\archive_investigation_scratch_task\extracted_samples\Preapred Dataset\train\real\vid_4633fcb324ad77c35b68ea24dcfd1c6fb27b6c09a9ddcf1be00c1ed5dc463f5e_face_000030_011.png,0,training_diagnostic,video_real,f18faf62510689bab2e798c86542fab58b17eb4b7201ce6276336c00f7f0cb5e,jpeg75,12.0,0.01867702789604664,0.13943356275558472,1.421266794204712,1.421266794204712,0.8055369257926941,1,0,-0.6918561458587646,0.6918561458587646,-0.08663517236709595,0.08663517236709595
train_vid_real_vid_29640dafebd5cb67f4160caa2c17bf8effe2ed91af69fa7ad427cf997e85d5a1_face_000046_024,E:\archive_investigation_scratch_task\extracted_samples\Preapred Dataset\train\real\vid_29640dafebd5cb67f4160caa2c17bf8effe2ed91af69fa7ad427cf997e85d5a1_face_000046_024.png,0,training_diagnostic,video_real,6799f28c9d7430d5e2c0d887ae77e1a1e2203c7be3fbbe76be31d9c8397e8bbf,original,0.0,0.0,0.0,-5.729789733886719,-5.729789733886719,0.0032372463028877974,0,0,0.0,0.0,0.0,0.0
train_vid_real_vid_29640dafebd5cb67f4160caa2c17bf8effe2ed91af69fa7ad427cf997e85d5a1_face_000046_024,E:\archive_investigation_scratch_task\extracted_samples\Preapred Dataset\train\real\vid_29640dafebd5cb67f4160caa2c17bf8effe2ed91af69fa7ad427cf997e85d5a1_face_000046_024.png,0,training_diagnostic,video_real,6799f28c9d7430d5e2c0d887ae77e1a1e2203c7be3fbbe76be31d9c8397e8bbf,png_control,0.0,0.0,0.0,-5.729789733886719,-5.729789733886719,0.0032372463028877974,0,0,0.0,0.0,0.0,0.0
train_vid_real_vid_29640dafebd5cb67f4160caa2c17bf8effe2ed91af69fa7ad427cf997e85d5a1_face_000046_024,E:\archive_investigation_scratch_task\extracted_samples\Preapred Dataset\train\real\vid_29640dafebd5cb67f4160caa2c17bf8effe2ed91af69fa7ad427cf997e85d5a1_face_000046_024.png,0,training_diagnostic,video_real,6799f28c9d7430d5e2c0d887ae77e1a1e2203c7be3fbbe76be31d9c8397e8bbf,jpeg95,7.0,0.012059283442795277,0.08753502368927002,-5.749442100524902,-5.749442100524902,0.0031744479201734066,0,0,-0.019652366638183594,0.019652366638183594,-6.279838271439075e-05,6.279838271439075e-05
train_vid_real_vid_29640dafebd5cb67f4160caa2c17bf8effe2ed91af69fa7ad427cf997e85d5a1_face_000046_024,E:\archive_investigation_scratch_task\extracted_samples\Preapred Dataset\train\real\vid_29640dafebd5cb67f4160caa2c17bf8effe2ed91af69fa7ad427cf997e85d5a1_face_000046_024.png,0,training_diagnostic,video_real,6799f28c9d7430d5e2c0d887ae77e1a1e2203c7be3fbbe76be31d9c8397e8bbf,jpeg75,19.0,0.021355660632252693,0.18837228417396545,-4.791520595550537,-4.791520595550537,0.008231506682932377,0,0,0.9382691383361816,0.9382691383361816,0.0049942603800445795,0.0049942603800445795
train_vid_real_vid_1045c7a8f08915753771bf9b3e8017e55566c863c4bd55526ed4869d0241913b_face_000058_022,E:\archive_investigation_scratch_task\extracted_samples\Preapred Dataset\train\real\vid_1045c7a8f08915753771bf9b3e8017e55566c863c4bd55526ed4869d0241913b_face_000058_022.png,0,training_diagnostic,video_real,92ec50d3410805b0eefab5c83d9737aa1ec2413bb1d97ee0805e78176a750144,original,0.0,0.0,0.0,-4.3630146980285645,-4.3630146980285645,0.012579658068716526,0,0,0.0,0.0,0.0,0.0
train_vid_real_vid_1045c7a8f08915753771bf9b3e8017e55566c863c4bd55526ed4869d0241913b_face_000058_022,E:\archive_investigation_scratch_task\extracted_samples\Preapred Dataset\train\real\vid_1045c7a8f08915753771bf9b3e8017e55566c863c4bd55526ed4869d0241913b_face_000058_022.png,0,training_diagnostic,video_real,92ec50d3410805b0eefab5c83d9737aa1ec2413bb1d97ee0805e78176a750144,png_control,0.0,0.0,0.0,-4.3630146980285645,-4.3630146980285645,0.012579658068716526,0,0,0.0,0.0,0.0,0.0
train_vid_real_vid_1045c7a8f08915753771bf9b3e8017e55566c863c4bd55526ed4869d0241913b_face_000058_022,E:\archive_investigation_scratch_task\extracted_samples\Preapred Dataset\train\real\vid_1045c7a8f08915753771bf9b3e8017e55566c863c4bd55526ed4869d0241913b_face_000058_022.png,0,training_diagnostic,video_real,92ec50d3410805b0eefab5c83d9737aa1ec2413bb1d97ee0805e78176a750144,jpeg95,8.0,0.012635278515517712,0.10457515716552734,-4.8298773765563965,-4.8298773765563965,0.007924205623567104,0,0,-0.46686267852783203,0.46686267852783203,-0.004655452445149422,0.004655452445149422
train_vid_real_vid_1045c7a8f08915753771bf9b3e8017e55566c863c4bd55526ed4869d0241913b_face_000058_022,E:\archive_investigation_scratch_task\extracted_samples\Preapred Dataset\train\real\vid_1045c7a8f08915753771bf9b3e8017e55566c863c4bd55526ed4869d0241913b_face_000058_022.png,0,training_diagnostic,video_real,92ec50d3410805b0eefab5c83d9737aa1ec2413bb1d97ee0805e78176a750144,jpeg75,17.0,0.022718507796525955,0.21008408069610596,-3.4668076038360596,-3.4668076038360596,0.030271554365754128,0,0,0.8962070941925049,0.8962070941925049,0.0176918962970376,0.0176918962970376
train_vid_real_vid_1a37aaf47ba7c01f28190038b6ffbebf9bf76de9c6d18bfe3d2acc2f978d66c6_face_000050_017,E:\archive_investigation_scratch_task\extracted_samples\Preapred Dataset\train\real\vid_1a37aaf47ba7c01f28190038b6ffbebf9bf76de9c6d18bfe3d2acc2f978d66c6_face_000050_017.png,0,training_diagnostic,video_real,4b65fdd48d13bc147ad8c0fdd9f819d0715fdd314b2505b4c5625f02311fccee,original,0.0,0.0,0.0,-1.8048620223999023,-1.8048620223999023,0.14126025140285492,0,0,0.0,0.0,0.0,0.0
train_vid_real_vid_1a37aaf47ba7c01f28190038b6ffbebf9bf76de9c6d18bfe3d2acc2f978d66c6_face_000050_017,E:\archive_investigation_scratch_task\extracted_samples\Preapred Dataset\train\real\vid_1a37aaf47ba7c01f28190038b6ffbebf9bf76de9c6d18bfe3d2acc2f978d66c6_face_000050_017.png,0,training_diagnostic,video_real,4b65fdd48d13bc147ad8c0fdd9f819d0715fdd314b2505b4c5625f02311fccee,png_control,0.0,0.0,0.0,-1.8048620223999023,-1.8048620223999023,0.14126025140285492,0,0,0.0,0.0,0.0,0.0
train_vid_real_vid_1a37aaf47ba7c01f28190038b6ffbebf9bf76de9c6d18bfe3d2acc2f978d66c6_face_000050_017,E:\archive_investigation_scratch_task\extracted_samples\Preapred Dataset\train\real\vid_1a37aaf47ba7c01f28190038b6ffbebf9bf76de9c6d18bfe3d2acc2f978d66c6_face_000050_017.png,0,training_diagnostic,video_real,4b65fdd48d13bc147ad8c0fdd9f819d0715fdd314b2505b4c5625f02311fccee,jpeg95,8.0,0.011081083677709103,0.08753490447998047,-0.7324385046958923,-0.7324385046958923,0.3246598541736603,0,0,1.07242351770401,1.07242351770401,0.18339960277080536,0.18339960277080536
train_vid_real_vid_1a37aaf47ba7c01f28190038b6ffbebf9bf76de9c6d18bfe3d2acc2f978d66c6_face_000050_017,E:\archive_investigation_scratch_task\extracted_samples\Preapred Dataset\train\real\vid_1a37aaf47ba7c01f28190038b6ffbebf9bf76de9c6d18bfe3d2acc2f978d66c6_face_000050_017.png,0,training_diagnostic,video_real,4b65fdd48d13bc147ad8c0fdd9f819d0715fdd314b2505b4c5625f02311fccee,jpeg75,13.0,0.02026437781751156,0.2091502547264099,0.8524526953697205,0.8524526953697205,0.701081395149231,1,1,2.657314717769623,2.657314717769623,0.559821143746376,0.559821143746376
train_vid_real_vid_ec28c919e8dcb6c49cd3fa4dfb52b0eb2d202b2b1bcf2899e9c7884cfe82a0d2_face_000066_024,E:\archive_investigation_scratch_task\extracted_samples\Preapred Dataset\train\real\vid_ec28c919e8dcb6c49cd3fa4dfb52b0eb2d202b2b1bcf2899e9c7884cfe82a0d2_face_000066_024.png,0,training_diagnostic,video_real,b08732b235a2b16136b08a9c06ecc3e76fa20b477ce64e354599e87452d96c4d,original,0.0,0.0,0.0,-1.0429582595825195,-1.0429582595825195,0.26057958602905273,0,0,0.0,0.0,0.0,0.0
train_vid_real_vid_ec28c919e8dcb6c49cd3fa4dfb52b0eb2d202b2b1bcf2899e9c7884cfe82a0d2_face_000066_024,E:\archive_investigation_scratch_task\extracted_samples\Preapred Dataset\train\real\vid_ec28c919e8dcb6c49cd3fa4dfb52b0eb2d202b2b1bcf2899e9c7884cfe82a0d2_face_000066_024.png,0,training_diagnostic,video_real,b08732b235a2b16136b08a9c06ecc3e76fa20b477ce64e354599e87452d96c4d,png_control,0.0,0.0,0.0,-1.0429582595825195,-1.0429582595825195,0.26057958602905273,0,0,0.0,0.0,0.0,0.0
train_vid_real_vid_ec28c919e8dcb6c49cd3fa4dfb52b0eb2d202b2b1bcf2899e9c7884cfe82a0d2_face_000066_024,E:\archive_investigation_scratch_task\extracted_samples\Preapred Dataset\train\real\vid_ec28c919e8dcb6c49cd3fa4dfb52b0eb2d202b2b1bcf2899e9c7884cfe82a0d2_face_000066_024.png,0,training_diagnostic,video_real,b08732b235a2b16136b08a9c06ecc3e76fa20b477ce64e354599e87452d96c4d,jpeg95,8.0,0.01256985031068325,0.10457521677017212,-1.0129592418670654,-1.0129592418670654,0.26640111207962036,0,0,0.0299990177154541,0.0299990177154541,0.005821526050567627,0.005821526050567627
train_vid_real_vid_ec28c919e8dcb6c49cd3fa4dfb52b0eb2d202b2b1bcf2899e9c7884cfe82a0d2_face_000066_024,E:\archive_investigation_scratch_task\extracted_samples\Preapred Dataset\train\real\vid_ec28c919e8dcb6c49cd3fa4dfb52b0eb2d202b2b1bcf2899e9c7884cfe82a0d2_face_000066_024.png,0,training_diagnostic,video_real,b08732b235a2b16136b08a9c06ecc3e76fa20b477ce64e354599e87452d96c4d,jpeg75,16.0,0.022522684186697006,0.22657954692840576,-1.2761350870132446,-1.2761350870132446,0.21820884943008423,0,0,-0.2331768274307251,0.2331768274307251,-0.042370736598968506,0.042370736598968506
train_vid_real_vid_cc3a02a36d7e32d728638c0c201e4394e5a080f7a280dc3dd1e5e604e1178aeb_face_000045_016,E:\archive_investigation_scratch_task\extracted_samples\Preapred Dataset\train\real\vid_cc3a02a36d7e32d728638c0c201e4394e5a080f7a280dc3dd1e5e604e1178aeb_face_000045_016.png,0,training_diagnostic,video_real,e569ff44afb44faf296aaf7b72b835d528d1ab9e5986b3ab0569bdc24e463dab,original,0.0,0.0,0.0,-1.9777050018310547,-1.9777050018310547,0.12156369537115097,0,0,0.0,0.0,0.0,0.0
train_vid_real_vid_cc3a02a36d7e32d728638c0c201e4394e5a080f7a280dc3dd1e5e604e1178aeb_face_000045_016,E:\archive_investigation_scratch_task\extracted_samples\Preapred Dataset\train\real\vid_cc3a02a36d7e32d728638c0c201e4394e5a080f7a280dc3dd1e5e604e1178aeb_face_000045_016.png,0,training_diagnostic,video_real,e569ff44afb44faf296aaf7b72b835d528d1ab9e5986b3ab0569bdc24e463dab,png_control,0.0,0.0,0.0,-1.9777050018310547,-1.9777050018310547,0.12156369537115097,0,0,0.0,0.0,0.0,0.0
train_vid_real_vid_cc3a02a36d7e32d728638c0c201e4394e5a080f7a280dc3dd1e5e604e1178aeb_face_000045_016,E:\archive_investigation_scratch_task\extracted_samples\Preapred Dataset\train\real\vid_cc3a02a36d7e32d728638c0c201e4394e5a080f7a280dc3dd1e5e604e1178aeb_face_000045_016.png,0,training_diagnostic,video_real,e569ff44afb44faf296aaf7b72b835d528d1ab9e5986b3ab0569bdc24e463dab,jpeg95,8.0,0.012416619807481766,0.08714616298675537,-1.4871232509613037,-1.4871232509613037,0.18435390293598175,0,0,0.490581750869751,0.490581750869751,0.06279020756483078,0.06279020756483078
train_vid_real_vid_cc3a02a36d7e32d728638c0c201e4394e5a080f7a280dc3dd1e5e604e1178aeb_face_000045_016,E:\archive_investigation_scratch_task\extracted_samples\Preapred Dataset\train\real\vid_cc3a02a36d7e32d728638c0c201e4394e5a080f7a280dc3dd1e5e604e1178aeb_face_000045_016.png,0,training_diagnostic,video_real,e569ff44afb44faf296aaf7b72b835d528d1ab9e5986b3ab0569bdc24e463dab,jpeg75,14.0,0.022187326103448868,0.1917211264371872,-2.2363827228546143,-2.2363827228546143,0.09653055667877197,0,0,-0.25867772102355957,0.25867772102355957,-0.025033138692378998,0.025033138692378998
train_vid_real_vid_0c8b000a438aa37c611792450771d2686162b4dda7f3d29e579ab02439f543d3_face_000006_005,E:\archive_investigation_scratch_task\extracted_samples\Preapred Dataset\train\real\vid_0c8b000a438aa37c611792450771d2686162b4dda7f3d29e579ab02439f543d3_face_000006_005.png,0,training_diagnostic,video_real,d53f83239c57a035ad78d8251c5462b469e4be0c639149ea274002039fa23927,original,0.0,0.0,0.0,-5.0695600509643555,-5.0695600509643555,0.006245927885174751,0,0,0.0,0.0,0.0,0.0
train_vid_real_vid_0c8b000a438aa37c611792450771d2686162b4dda7f3d29e579ab02439f543d3_face_000006_005,E:\archive_investigation_scratch_task\extracted_samples\Preapred Dataset\train\real\vid_0c8b000a438aa37c611792450771d2686162b4dda7f3d29e579ab02439f543d3_face_000006_005.png,0,training_diagnostic,video_real,d53f83239c57a035ad78d8251c5462b469e4be0c639149ea274002039fa23927,png_control,0.0,0.0,0.0,-5.0695600509643555,-5.0695600509643555,0.006245927885174751,0,0,0.0,0.0,0.0,0.0
train_vid_real_vid_0c8b000a438aa37c611792450771d2686162b4dda7f3d29e579ab02439f543d3_face_000006_005,E:\archive_investigation_scratch_task\extracted_samples\Preapred Dataset\train\real\vid_0c8b000a438aa37c611792450771d2686162b4dda7f3d29e579ab02439f543d3_face_000006_005.png,0,training_diagnostic,video_real,d53f83239c57a035ad78d8251c5462b469e4be0c639149ea274002039fa23927,jpeg95,12.0,0.01194755919277668,0.12200438976287842,-4.186768054962158,-4.186768054962158,0.014967874623835087,0,0,0.8827919960021973,0.8827919960021973,0.008721946738660336,0.008721946738660336
train_vid_real_vid_0c8b000a438aa37c611792450771d2686162b4dda7f3d29e579ab02439f543d3_face_000006_005,E:\archive_investigation_scratch_task\extracted_samples\Preapred Dataset\train\real\vid_0c8b000a438aa37c611792450771d2686162b4dda7f3d29e579ab02439f543d3_face_000006_005.png,0,training_diagnostic,video_real,d53f83239c57a035ad78d8251c5462b469e4be0c639149ea274002039fa23927,jpeg75,19.0,0.022338783368468285,0.2788672149181366,-1.5517772436141968,-1.5517772436141968,0.17482972145080566,0,0,3.5177828073501587,3.5177828073501587,0.1685837935656309,0.1685837935656309
train_vid_fake_vid_310b9ade785759640674d10050994b39dc60e673a5d3aace2e49e7d82f76e568_face_000000_001,E:\archive_investigation_scratch_task\extracted_samples\Preapred Dataset\train\fake\vid_310b9ade785759640674d10050994b39dc60e673a5d3aace2e49e7d82f76e568_face_000000_001.png,1,training_diagnostic,video_fake,3b77a43dc55eaa30207764cf4496c09222bfbc292fd6229277295b1c0ed31689,original,0.0,0.0,0.0,4.222483158111572,4.222483158111572,0.9855497479438782,1,0,0.0,0.0,0.0,0.0
train_vid_fake_vid_310b9ade785759640674d10050994b39dc60e673a5d3aace2e49e7d82f76e568_face_000000_001,E:\archive_investigation_scratch_task\extracted_samples\Preapred Dataset\train\fake\vid_310b9ade785759640674d10050994b39dc60e673a5d3aace2e49e7d82f76e568_face_000000_001.png,1,training_diagnostic,video_fake,3b77a43dc55eaa30207764cf4496c09222bfbc292fd6229277295b1c0ed31689,png_control,0.0,0.0,0.0,4.222483158111572,4.222483158111572,0.9855497479438782,1,0,0.0,0.0,0.0,0.0
train_vid_fake_vid_310b9ade785759640674d10050994b39dc60e673a5d3aace2e49e7d82f76e568_face_000000_001,E:\archive_investigation_scratch_task\extracted_samples\Preapred Dataset\train\fake\vid_310b9ade785759640674d10050994b39dc60e673a5d3aace2e49e7d82f76e568_face_000000_001.png,1,training_diagnostic,video_fake,3b77a43dc55eaa30207764cf4496c09222bfbc292fd6229277295b1c0ed31689,jpeg95,9.0,0.011971806176006794,0.1394336223602295,4.646002769470215,4.646002769470215,0.9904913306236267,1,0,0.4235196113586426,0.4235196113586426,0.004941582679748535,0.004941582679748535
train_vid_fake_vid_310b9ade785759640674d10050994b39dc60e673a5d3aace2e49e7d82f76e568_face_000000_001,E:\archive_investigation_scratch_task\extracted_samples\Preapred Dataset\train\fake\vid_310b9ade785759640674d10050994b39dc60e673a5d3aace2e49e7d82f76e568_face_000000_001.png,1,training_diagnostic,video_fake,3b77a43dc55eaa30207764cf4496c09222bfbc292fd6229277295b1c0ed31689,jpeg75,24.0,0.021049804985523224,0.39386945962905884,4.899685382843018,4.899685382843018,0.9926061630249023,1,0,0.6772022247314453,0.6772022247314453,0.00705641508102417,0.00705641508102417
train_vid_fake_vid_6d646e1a900ba0d784c71c26e4946f8817b716299f9663cd39ae360039c8e17d_face_000008_005,E:\archive_investigation_scratch_task\extracted_samples\Preapred Dataset\train\fake\vid_6d646e1a900ba0d784c71c26e4946f8817b716299f9663cd39ae360039c8e17d_face_000008_005.png,1,training_diagnostic,video_fake,106e7576a60911408527bbe4384cc5efac4c88efbc18859afebf629b15b78512,original,0.0,0.0,0.0,2.1988723278045654,2.1988723278045654,0.9001482129096985,1,0,0.0,0.0,0.0,0.0
train_vid_fake_vid_6d646e1a900ba0d784c71c26e4946f8817b716299f9663cd39ae360039c8e17d_face_000008_005,E:\archive_investigation_scratch_task\extracted_samples\Preapred Dataset\train\fake\vid_6d646e1a900ba0d784c71c26e4946f8817b716299f9663cd39ae360039c8e17d_face_000008_005.png,1,training_diagnostic,video_fake,106e7576a60911408527bbe4384cc5efac4c88efbc18859afebf629b15b78512,png_control,0.0,0.0,0.0,2.1988723278045654,2.1988723278045654,0.9001482129096985,1,0,0.0,0.0,0.0,0.0
train_vid_fake_vid_6d646e1a900ba0d784c71c26e4946f8817b716299f9663cd39ae360039c8e17d_face_000008_005,E:\archive_investigation_scratch_task\extracted_samples\Preapred Dataset\train\fake\vid_6d646e1a900ba0d784c71c26e4946f8817b716299f9663cd39ae360039c8e17d_face_000008_005.png,1,training_diagnostic,video_fake,106e7576a60911408527bbe4384cc5efac4c88efbc18859afebf629b15b78512,jpeg95,7.0,0.011875059455633163,0.10457516461610794,2.044846773147583,2.044846773147583,0.885425865650177,1,0,-0.15402555465698242,0.15402555465698242,-0.014722347259521484,0.014722347259521484
train_vid_fake_vid_6d646e1a900ba0d784c71c26e4946f8817b716299f9663cd39ae360039c8e17d_face_000008_005,E:\archive_investigation_scratch_task\extracted_samples\Preapred Dataset\train\fake\vid_6d646e1a900ba0d784c71c26e4946f8817b716299f9663cd39ae360039c8e17d_face_000008_005.png,1,training_diagnostic,video_fake,106e7576a60911408527bbe4384cc5efac4c88efbc18859afebf629b15b78512,jpeg75,11.0,0.02051793597638607,0.1742919385433197,3.484056234359741,3.484056234359741,0.9702306985855103,1,0,1.2851839065551758,1.2851839065551758,0.07008248567581177,0.07008248567581177
train_vid_fake_vid_1b8f7cf985f25d3031a1762d61cfe292364bf9a2c2e021705e23d62bdae18290_face_000008_005,E:\archive_investigation_scratch_task\extracted_samples\Preapred Dataset\train\fake\vid_1b8f7cf985f25d3031a1762d61cfe292364bf9a2c2e021705e23d62bdae18290_face_000008_005.png,1,training_diagnostic,video_fake,dc8a17a92cd42d2e6fb3a720231acc6d3f6f2bf06855b491e548fdf8a2964717,original,0.0,0.0,0.0,8.661789894104004,8.661789894104004,0.999826967716217,1,0,0.0,0.0,0.0,0.0
train_vid_fake_vid_1b8f7cf985f25d3031a1762d61cfe292364bf9a2c2e021705e23d62bdae18290_face_000008_005,E:\archive_investigation_scratch_task\extracted_samples\Preapred Dataset\train\fake\vid_1b8f7cf985f25d3031a1762d61cfe292364bf9a2c2e021705e23d62bdae18290_face_000008_005.png,1,training_diagnostic,video_fake,dc8a17a92cd42d2e6fb3a720231acc6d3f6f2bf06855b491e548fdf8a2964717,png_control,0.0,0.0,0.0,8.661789894104004,8.661789894104004,0.999826967716217,1,0,0.0,0.0,0.0,0.0
train_vid_fake_vid_1b8f7cf985f25d3031a1762d61cfe292364bf9a2c2e021705e23d62bdae18290_face_000008_005,E:\archive_investigation_scratch_task\extracted_samples\Preapred Dataset\train\fake\vid_1b8f7cf985f25d3031a1762d61cfe292364bf9a2c2e021705e23d62bdae18290_face_000008_005.png,1,training_diagnostic,video_fake,dc8a17a92cd42d2e6fb3a720231acc6d3f6f2bf06855b491e548fdf8a2964717,jpeg95,11.0,0.011790943332016468,0.13943356275558472,8.979202270507812,8.979202270507812,0.9998739957809448,1,0,0.3174123764038086,0.3174123764038086,4.70280647277832e-05,4.70280647277832e-05
train_vid_fake_vid_1b8f7cf985f25d3031a1762d61cfe292364bf9a2c2e021705e23d62bdae18290_face_000008_005,E:\archive_investigation_scratch_task\extracted_samples\Preapred Dataset\train\fake\vid_1b8f7cf985f25d3031a1762d61cfe292364bf9a2c2e021705e23d62bdae18290_face_000008_005.png,1,training_diagnostic,video_fake,dc8a17a92cd42d2e6fb3a720231acc6d3f6f2bf06855b491e548fdf8a2964717,jpeg75,32.0,0.021944181993603706,0.3660130500793457,10.492907524108887,10.492907524108887,0.9999722242355347,1,0,1.8311176300048828,1.8311176300048828,0.00014525651931762695,0.00014525651931762695
train_vid_fake_vid_672851a6129a4d489523c750552d486f92039d0033a614934af3c7a1a5fe0a85_face_000046_024,E:\archive_investigation_scratch_task\extracted_samples\Preapred Dataset\train\fake\vid_672851a6129a4d489523c750552d486f92039d0033a614934af3c7a1a5fe0a85_face_000046_024.png,1,training_diagnostic,video_fake,06ba4c9a128530587f30f621f2a9340d301966e834f8abe71a2fbf885aa66066,original,0.0,0.0,0.0,3.857398748397827,3.857398748397827,0.9793140292167664,1,0,0.0,0.0,0.0,0.0
train_vid_fake_vid_672851a6129a4d489523c750552d486f92039d0033a614934af3c7a1a5fe0a85_face_000046_024,E:\archive_investigation_scratch_task\extracted_samples\Preapred Dataset\train\fake\vid_672851a6129a4d489523c750552d486f92039d0033a614934af3c7a1a5fe0a85_face_000046_024.png,1,training_diagnostic,video_fake,06ba4c9a128530587f30f621f2a9340d301966e834f8abe71a2fbf885aa66066,png_control,0.0,0.0,0.0,3.857398748397827,3.857398748397827,0.9793140292167664,1,0,0.0,0.0,0.0,0.0
train_vid_fake_vid_672851a6129a4d489523c750552d486f92039d0033a614934af3c7a1a5fe0a85_face_000046_024,E:\archive_investigation_scratch_task\extracted_samples\Preapred Dataset\train\fake\vid_672851a6129a4d489523c750552d486f92039d0033a614934af3c7a1a5fe0a85_face_000046_024.png,1,training_diagnostic,video_fake,06ba4c9a128530587f30f621f2a9340d301966e834f8abe71a2fbf885aa66066,jpeg95,7.0,0.012810268439352512,0.12200427055358887,3.2041685581207275,3.2041685581207275,0.960990846157074,1,0,-0.6532301902770996,0.6532301902770996,-0.018323183059692383,0.018323183059692383
train_vid_fake_vid_672851a6129a4d489523c750552d486f92039d0033a614934af3c7a1a5fe0a85_face_000046_024,E:\archive_investigation_scratch_task\extracted_samples\Preapred Dataset\train\fake\vid_672851a6129a4d489523c750552d486f92039d0033a614934af3c7a1a5fe0a85_face_000046_024.png,1,training_diagnostic,video_fake,06ba4c9a128530587f30f621f2a9340d301966e834f8abe71a2fbf885aa66066,jpeg75,19.0,0.023501256480813026,0.27399617433547974,4.229275703430176,4.229275703430176,0.9856460690498352,1,0,0.37187695503234863,0.37187695503234863,0.006332039833068848,0.006332039833068848
train_vid_fake_vid_e0d0e95dffbe101c6d58c9035a2e6476013c5373ac0fc01e51cae660a1c15a5d_face_000054_028,E:\archive_investigation_scratch_task\extracted_samples\Preapred Dataset\train\fake\vid_e0d0e95dffbe101c6d58c9035a2e6476013c5373ac0fc01e51cae660a1c15a5d_face_000054_028.png,1,training_diagnostic,video_fake,101a449b02a5f1f6a36671fc80b5175b24a1e9fa24fe74b7fd69141563449e17,original,0.0,0.0,0.0,4.661863327026367,4.661863327026367,0.9906395673751831,1,0,0.0,0.0,0.0,0.0
train_vid_fake_vid_e0d0e95dffbe101c6d58c9035a2e6476013c5373ac0fc01e51cae660a1c15a5d_face_000054_028,E:\archive_investigation_scratch_task\extracted_samples\Preapred Dataset\train\fake\vid_e0d0e95dffbe101c6d58c9035a2e6476013c5373ac0fc01e51cae660a1c15a5d_face_000054_028.png,1,training_diagnostic,video_fake,101a449b02a5f1f6a36671fc80b5175b24a1e9fa24fe74b7fd69141563449e17,png_control,0.0,0.0,0.0,4.661863327026367,4.661863327026367,0.9906395673751831,1,0,0.0,0.0,0.0,0.0
train_vid_fake_vid_e0d0e95dffbe101c6d58c9035a2e6476013c5373ac0fc01e51cae660a1c15a5d_face_000054_028,E:\archive_investigation_scratch_task\extracted_samples\Preapred Dataset\train\fake\vid_e0d0e95dffbe101c6d58c9035a2e6476013c5373ac0fc01e51cae660a1c15a5d_face_000054_028.png,1,training_diagnostic,video_fake,101a449b02a5f1f6a36671fc80b5175b24a1e9fa24fe74b7fd69141563449e17,jpeg95,7.0,0.010463970713317394,0.10274851322174072,5.321924686431885,5.321924686431885,0.9951404333114624,1,0,0.6600613594055176,0.6600613594055176,0.004500865936279297,0.004500865936279297
train_vid_fake_vid_e0d0e95dffbe101c6d58c9035a2e6476013c5373ac0fc01e51cae660a1c15a5d_face_000054_028,E:\archive_investigation_scratch_task\extracted_samples\Preapred Dataset\train\fake\vid_e0d0e95dffbe101c6d58c9035a2e6476013c5373ac0fc01e51cae660a1c15a5d_face_000054_028.png,1,training_diagnostic,video_fake,101a449b02a5f1f6a36671fc80b5175b24a1e9fa24fe74b7fd69141563449e17,jpeg75,15.0,0.019061753526329994,0.17429208755493164,4.763478755950928,4.763478755950928,0.9915363788604736,1,0,0.10161542892456055,0.10161542892456055,0.0008968114852905273,0.0008968114852905273
train_vid_fake_vid_f062c6563e8fef314cabe4b45d299b7e3cd2845799e0359a11d68fc5f0b33828_face_000016_009,E:\archive_investigation_scratch_task\extracted_samples\Preapred Dataset\train\fake\vid_f062c6563e8fef314cabe4b45d299b7e3cd2845799e0359a11d68fc5f0b33828_face_000016_009.png,1,training_diagnostic,video_fake,3776af44bff82895794d533d5a2f2b75fa133806d1ca186bed4f26b9257c0167,original,0.0,0.0,0.0,4.78659200668335,4.78659200668335,0.9917281866073608,1,0,0.0,0.0,0.0,0.0
train_vid_fake_vid_f062c6563e8fef314cabe4b45d299b7e3cd2845799e0359a11d68fc5f0b33828_face_000016_009,E:\archive_investigation_scratch_task\extracted_samples\Preapred Dataset\train\fake\vid_f062c6563e8fef314cabe4b45d299b7e3cd2845799e0359a11d68fc5f0b33828_face_000016_009.png,1,training_diagnostic,video_fake,3776af44bff82895794d533d5a2f2b75fa133806d1ca186bed4f26b9257c0167,png_control,0.0,0.0,0.0,4.78659200668335,4.78659200668335,0.9917281866073608,1,0,0.0,0.0,0.0,0.0
train_vid_fake_vid_f062c6563e8fef314cabe4b45d299b7e3cd2845799e0359a11d68fc5f0b33828_face_000016_009,E:\archive_investigation_scratch_task\extracted_samples\Preapred Dataset\train\fake\vid_f062c6563e8fef314cabe4b45d299b7e3cd2845799e0359a11d68fc5f0b33828_face_000016_009.png,1,training_diagnostic,video_fake,3776af44bff82895794d533d5a2f2b75fa133806d1ca186bed4f26b9257c0167,jpeg95,6.0,0.011132540181279182,0.08714604377746582,4.5696611404418945,4.5696611404418945,0.9897448420524597,1,0,-0.21693086624145508,0.21693086624145508,-0.001983344554901123,0.001983344554901123
train_vid_fake_vid_f062c6563e8fef314cabe4b45d299b7e3cd2845799e0359a11d68fc5f0b33828_face_000016_009,E:\archive_investigation_scratch_task\extracted_samples\Preapred Dataset\train\fake\vid_f062c6563e8fef314cabe4b45d299b7e3cd2845799e0359a11d68fc5f0b33828_face_000016_009.png,1,training_diagnostic,video_fake,3776af44bff82895794d533d5a2f2b75fa133806d1ca186bed4f26b9257c0167,jpeg75,13.0,0.019808072596788406,0.1394336223602295,5.00161600112915,5.00161600112915,0.9933178424835205,1,0,0.21502399444580078,0.21502399444580078,0.001589655876159668,0.001589655876159668
train_vid_fake_vid_a6f8abeb23db6ca82d855a20e3249f9d604e2edddb4a3d1b3693c674be6ec86a_face_000057_022,E:\archive_investigation_scratch_task\extracted_samples\Preapred Dataset\train\fake\vid_a6f8abeb23db6ca82d855a20e3249f9d604e2edddb4a3d1b3693c674be6ec86a_face_000057_022.png,1,training_diagnostic,video_fake,0c62921acc19f1e501e587151733ee4ad9616e2c370e1aa112971192d938b6e9,original,0.0,0.0,0.0,2.9482100009918213,2.9482100009918213,0.9501788020133972,1,0,0.0,0.0,0.0,0.0
train_vid_fake_vid_a6f8abeb23db6ca82d855a20e3249f9d604e2edddb4a3d1b3693c674be6ec86a_face_000057_022,E:\archive_investigation_scratch_task\extracted_samples\Preapred Dataset\train\fake\vid_a6f8abeb23db6ca82d855a20e3249f9d604e2edddb4a3d1b3693c674be6ec86a_face_000057_022.png,1,training_diagnostic,video_fake,0c62921acc19f1e501e587151733ee4ad9616e2c370e1aa112971192d938b6e9,png_control,0.0,0.0,0.0,2.9482100009918213,2.9482100009918213,0.9501788020133972,1,0,0.0,0.0,0.0,0.0
train_vid_fake_vid_a6f8abeb23db6ca82d855a20e3249f9d604e2edddb4a3d1b3693c674be6ec86a_face_000057_022,E:\archive_investigation_scratch_task\extracted_samples\Preapred Dataset\train\fake\vid_a6f8abeb23db6ca82d855a20e3249f9d604e2edddb4a3d1b3693c674be6ec86a_face_000057_022.png,1,training_diagnostic,video_fake,0c62921acc19f1e501e587151733ee4ad9616e2c370e1aa112971192d938b6e9,jpeg95,8.0,0.010821334086358547,0.10457515716552734,3.015965700149536,3.015965700149536,0.9532902240753174,1,0,0.06775569915771484,0.06775569915771484,0.003111422061920166,0.003111422061920166
train_vid_fake_vid_a6f8abeb23db6ca82d855a20e3249f9d604e2edddb4a3d1b3693c674be6ec86a_face_000057_022,E:\archive_investigation_scratch_task\extracted_samples\Preapred Dataset\train\fake\vid_a6f8abeb23db6ca82d855a20e3249f9d604e2edddb4a3d1b3693c674be6ec86a_face_000057_022.png,1,training_diagnostic,video_fake,0c62921acc19f1e501e587151733ee4ad9616e2c370e1aa112971192d938b6e9,jpeg75,17.0,0.02046165056526661,0.22262179851531982,2.4773473739624023,2.4773473739624023,0.9225384593009949,1,0,-0.47086262702941895,0.47086262702941895,-0.027640342712402344,0.027640342712402344
train_vid_fake_vid_433118ead1b3bca63913fe77a73c656c7f68e1a0206f70cf1519ef1832697ef0_face_000020_011,E:\archive_investigation_scratch_task\extracted_samples\Preapred Dataset\train\fake\vid_433118ead1b3bca63913fe77a73c656c7f68e1a0206f70cf1519ef1832697ef0_face_000020_011.png,1,training_diagnostic,video_fake,1c9507bceee8459fed67c0933b1fd803f07c1a871dabc2329659d7e8eca2b0e3,original,0.0,0.0,0.0,6.757373332977295,6.757373332977295,0.9988390803337097,1,0,0.0,0.0,0.0,0.0
train_vid_fake_vid_433118ead1b3bca63913fe77a73c656c7f68e1a0206f70cf1519ef1832697ef0_face_000020_011,E:\archive_investigation_scratch_task\extracted_samples\Preapred Dataset\train\fake\vid_433118ead1b3bca63913fe77a73c656c7f68e1a0206f70cf1519ef1832697ef0_face_000020_011.png,1,training_diagnostic,video_fake,1c9507bceee8459fed67c0933b1fd803f07c1a871dabc2329659d7e8eca2b0e3,png_control,0.0,0.0,0.0,6.757373332977295,6.757373332977295,0.9988390803337097,1,0,0.0,0.0,0.0,0.0
train_vid_fake_vid_433118ead1b3bca63913fe77a73c656c7f68e1a0206f70cf1519ef1832697ef0_face_000020_011,E:\archive_investigation_scratch_task\extracted_samples\Preapred Dataset\train\fake\vid_433118ead1b3bca63913fe77a73c656c7f68e1a0206f70cf1519ef1832697ef0_face_000020_011.png,1,training_diagnostic,video_fake,1c9507bceee8459fed67c0933b1fd803f07c1a871dabc2329659d7e8eca2b0e3,jpeg95,9.0,0.012783115729689598,0.15686273574829102,6.725754261016846,6.725754261016846,0.9988018274307251,1,0,-0.03161907196044922,0.03161907196044922,-3.725290298461914e-05,3.725290298461914e-05
train_vid_fake_vid_433118ead1b3bca63913fe77a73c656c7f68e1a0206f70cf1519ef1832697ef0_face_000020_011,E:\archive_investigation_scratch_task\extracted_samples\Preapred Dataset\train\fake\vid_433118ead1b3bca63913fe77a73c656c7f68e1a0206f70cf1519ef1832697ef0_face_000020_011.png,1,training_diagnostic,video_fake,1c9507bceee8459fed67c0933b1fd803f07c1a871dabc2329659d7e8eca2b0e3,jpeg75,13.0,0.023582590743899345,0.2091503143310547,6.653846740722656,6.653846740722656,0.9987126588821411,1,0,-0.10352659225463867,0.10352659225463867,-0.00012642145156860352,0.00012642145156860352
train_vid_fake_vid_d5a744044c4b60f8d9487d03275b9205b9e92f00af55b475cd7aa8c6571d7f7a_face_000056_024,E:\archive_investigation_scratch_task\extracted_samples\Preapred Dataset\train\fake\vid_d5a744044c4b60f8d9487d03275b9205b9e92f00af55b475cd7aa8c6571d7f7a_face_000056_024.png,1,training_diagnostic,video_fake,f624aebb81a5623a8390b45489e45709a55cb69e45495b7c90b586c1c6f1ee80,original,0.0,0.0,0.0,4.107052326202393,4.107052326202393,0.9838101863861084,1,0,0.0,0.0,0.0,0.0
train_vid_fake_vid_d5a744044c4b60f8d9487d03275b9205b9e92f00af55b475cd7aa8c6571d7f7a_face_000056_024,E:\archive_investigation_scratch_task\extracted_samples\Preapred Dataset\train\fake\vid_d5a744044c4b60f8d9487d03275b9205b9e92f00af55b475cd7aa8c6571d7f7a_face_000056_024.png,1,training_diagnostic,video_fake,f624aebb81a5623a8390b45489e45709a55cb69e45495b7c90b586c1c6f1ee80,png_control,0.0,0.0,0.0,4.107052326202393,4.107052326202393,0.9838101863861084,1,0,0.0,0.0,0.0,0.0
train_vid_fake_vid_d5a744044c4b60f8d9487d03275b9205b9e92f00af55b475cd7aa8c6571d7f7a_face_000056_024,E:\archive_investigation_scratch_task\extracted_samples\Preapred Dataset\train\fake\vid_d5a744044c4b60f8d9487d03275b9205b9e92f00af55b475cd7aa8c6571d7f7a_face_000056_024.png,1,training_diagnostic,video_fake,f624aebb81a5623a8390b45489e45709a55cb69e45495b7c90b586c1c6f1ee80,jpeg95,7.0,0.011949705891311169,0.08753500878810883,3.913759469985962,3.913759469985962,0.9804255366325378,1,0,-0.19329285621643066,0.19329285621643066,-0.0033846497535705566,0.0033846497535705566
train_vid_fake_vid_d5a744044c4b60f8d9487d03275b9205b9e92f00af55b475cd7aa8c6571d7f7a_face_000056_024,E:\archive_investigation_scratch_task\extracted_samples\Preapred Dataset\train\fake\vid_d5a744044c4b60f8d9487d03275b9205b9e92f00af55b475cd7aa8c6571d7f7a_face_000056_024.png,1,training_diagnostic,video_fake,f624aebb81a5623a8390b45489e45709a55cb69e45495b7c90b586c1c6f1ee80,jpeg75,13.0,0.02152404561638832,0.22657951712608337,5.317428112030029,5.317428112030029,0.9951186180114746,1,0,1.2103757858276367,1.2103757858276367,0.011308431625366211,0.011308431625366211
train_vid_fake_vid_0806a00697fe5179db7373bdbb11fdda182a109de80126923821ce91e7225f80_face_000000_001,E:\archive_investigation_scratch_task\extracted_samples\Preapred Dataset\train\fake\vid_0806a00697fe5179db7373bdbb11fdda182a109de80126923821ce91e7225f80_face_000000_001.png,1,training_diagnostic,video_fake,72826952396cfcda9f4c7c9c2ad141f8755ef0c14a7868cf504795e72e5dd090,original,0.0,0.0,0.0,5.360359191894531,5.360359191894531,0.9953227639198303,1,0,0.0,0.0,0.0,0.0
train_vid_fake_vid_0806a00697fe5179db7373bdbb11fdda182a109de80126923821ce91e7225f80_face_000000_001,E:\archive_investigation_scratch_task\extracted_samples\Preapred Dataset\train\fake\vid_0806a00697fe5179db7373bdbb11fdda182a109de80126923821ce91e7225f80_face_000000_001.png,1,training_diagnostic,video_fake,72826952396cfcda9f4c7c9c2ad141f8755ef0c14a7868cf504795e72e5dd090,png_control,0.0,0.0,0.0,5.360359191894531,5.360359191894531,0.9953227639198303,1,0,0.0,0.0,0.0,0.0
train_vid_fake_vid_0806a00697fe5179db7373bdbb11fdda182a109de80126923821ce91e7225f80_face_000000_001,E:\archive_investigation_scratch_task\extracted_samples\Preapred Dataset\train\fake\vid_0806a00697fe5179db7373bdbb11fdda182a109de80126923821ce91e7225f80_face_000000_001.png,1,training_diagnostic,video_fake,72826952396cfcda9f4c7c9c2ad141f8755ef0c14a7868cf504795e72e5dd090,jpeg95,4.0,0.01033205445855856,0.0697169303894043,6.0239434242248535,6.0239434242248535,0.9975857734680176,1,0,0.6635842323303223,0.6635842323303223,0.002263009548187256,0.002263009548187256
train_vid_fake_vid_0806a00697fe5179db7373bdbb11fdda182a109de80126923821ce91e7225f80_face_000000_001,E:\archive_investigation_scratch_task\extracted_samples\Preapred Dataset\train\fake\vid_0806a00697fe5179db7373bdbb11fdda182a109de80126923821ce91e7225f80_face_000000_001.png,1,training_diagnostic,video_fake,72826952396cfcda9f4c7c9c2ad141f8755ef0c14a7868cf504795e72e5dd090,jpeg75,6.0,0.015055591240525246,0.10274851322174072,5.253000736236572,5.253000736236572,0.9947955012321472,1,0,-0.10735845565795898,0.10735845565795898,-0.0005272626876831055,0.0005272626876831055
train_vid_fake_vid_bed621dfd82b8984100a156fceef41c212131703d9679b5ee254a12a48cc6233_face_000018_010,E:\archive_investigation_scratch_task\extracted_samples\Preapred Dataset\train\fake\vid_bed621dfd82b8984100a156fceef41c212131703d9679b5ee254a12a48cc6233_face_000018_010.png,1,training_diagnostic,video_fake,83e2f89bac6a1cdb2fc374660c2a35e078d0a988df277c8ae0b444674498f532,original,0.0,0.0,0.0,1.225468397140503,1.225468397140503,0.7730244994163513,1,0,0.0,0.0,0.0,0.0
train_vid_fake_vid_bed621dfd82b8984100a156fceef41c212131703d9679b5ee254a12a48cc6233_face_000018_010,E:\archive_investigation_scratch_task\extracted_samples\Preapred Dataset\train\fake\vid_bed621dfd82b8984100a156fceef41c212131703d9679b5ee254a12a48cc6233_face_000018_010.png,1,training_diagnostic,video_fake,83e2f89bac6a1cdb2fc374660c2a35e078d0a988df277c8ae0b444674498f532,png_control,0.0,0.0,0.0,1.225468397140503,1.225468397140503,0.7730244994163513,1,0,0.0,0.0,0.0,0.0
train_vid_fake_vid_bed621dfd82b8984100a156fceef41c212131703d9679b5ee254a12a48cc6233_face_000018_010,E:\archive_investigation_scratch_task\extracted_samples\Preapred Dataset\train\fake\vid_bed621dfd82b8984100a156fceef41c212131703d9679b5ee254a12a48cc6233_face_000018_010.png,1,training_diagnostic,video_fake,83e2f89bac6a1cdb2fc374660c2a35e078d0a988df277c8ae0b444674498f532,jpeg95,7.0,0.011839634738862514,0.10457515716552734,1.774879813194275,1.774879813194275,0.8550634980201721,1,0,0.549411416053772,0.549411416053772,0.0820389986038208,0.0820389986038208
train_vid_fake_vid_bed621dfd82b8984100a156fceef41c212131703d9679b5ee254a12a48cc6233_face_000018_010,E:\archive_investigation_scratch_task\extracted_samples\Preapred Dataset\train\fake\vid_bed621dfd82b8984100a156fceef41c212131703d9679b5ee254a12a48cc6233_face_000018_010.png,1,training_diagnostic,video_fake,83e2f89bac6a1cdb2fc374660c2a35e078d0a988df277c8ae0b444674498f532,jpeg75,13.0,0.021495789289474487,0.19257701933383942,2.7447431087493896,2.7447431087493896,0.939615786075592,1,0,1.5192747116088867,1.5192747116088867,0.16659128665924072,0.16659128665924072
train_vid_fake_vid_87148d30ab59f34dd252c00e7d6642fb4a687a4818cf69c7ddbc9fcc94eb846d_face_000020_011,E:\archive_investigation_scratch_task\extracted_samples\Preapred Dataset\train\fake\vid_87148d30ab59f34dd252c00e7d6642fb4a687a4818cf69c7ddbc9fcc94eb846d_face_000020_011.png,1,training_diagnostic,video_fake,5296b49a03efc0768fed5c815190b9518eb195bc9e8e7b0d22da7c4f0d9c945e,original,0.0,0.0,0.0,4.7198052406311035,4.7198052406311035,0.9911618232727051,1,0,0.0,0.0,0.0,0.0
train_vid_fake_vid_87148d30ab59f34dd252c00e7d6642fb4a687a4818cf69c7ddbc9fcc94eb846d_face_000020_011,E:\archive_investigation_scratch_task\extracted_samples\Preapred Dataset\train\fake\vid_87148d30ab59f34dd252c00e7d6642fb4a687a4818cf69c7ddbc9fcc94eb846d_face_000020_011.png,1,training_diagnostic,video_fake,5296b49a03efc0768fed5c815190b9518eb195bc9e8e7b0d22da7c4f0d9c945e,png_control,0.0,0.0,0.0,4.7198052406311035,4.7198052406311035,0.9911618232727051,1,0,0.0,0.0,0.0,0.0
train_vid_fake_vid_87148d30ab59f34dd252c00e7d6642fb4a687a4818cf69c7ddbc9fcc94eb846d_face_000020_011,E:\archive_investigation_scratch_task\extracted_samples\Preapred Dataset\train\fake\vid_87148d30ab59f34dd252c00e7d6642fb4a687a4818cf69c7ddbc9fcc94eb846d_face_000020_011.png,1,training_diagnostic,video_fake,5296b49a03efc0768fed5c815190b9518eb195bc9e8e7b0d22da7c4f0d9c945e,jpeg95,7.0,0.012093629688024521,0.11987316608428955,4.0587921142578125,4.0587921142578125,0.9830233454704285,1,0,-0.661013126373291,0.661013126373291,-0.008138477802276611,0.008138477802276611
train_vid_fake_vid_87148d30ab59f34dd252c00e7d6642fb4a687a4818cf69c7ddbc9fcc94eb846d_face_000020_011,E:\archive_investigation_scratch_task\extracted_samples\Preapred Dataset\train\fake\vid_87148d30ab59f34dd252c00e7d6642fb4a687a4818cf69c7ddbc9fcc94eb846d_face_000020_011.png,1,training_diagnostic,video_fake,5296b49a03efc0768fed5c815190b9518eb195bc9e8e7b0d22da7c4f0d9c945e,jpeg75,16.0,0.021529655903577805,0.2568713128566742,3.5357353687286377,3.5357353687286377,0.9716875553131104,1,0,-1.1840698719024658,1.1840698719024658,-0.019474267959594727,0.019474267959594727
train_vid_fake_vid_a01f6ad35f0508d89050e0e696020076d1ff35951fb4e428915cf467e372da64_face_000036_019,E:\archive_investigation_scratch_task\extracted_samples\Preapred Dataset\train\fake\vid_a01f6ad35f0508d89050e0e696020076d1ff35951fb4e428915cf467e372da64_face_000036_019.png,1,training_diagnostic,video_fake,3a656e9e33215e95c4d1a331db00c97329bd45d9cde24378afec2465fdab0dd3,original,0.0,0.0,0.0,2.8296022415161133,2.8296022415161133,0.9442546367645264,1,0,0.0,0.0,0.0,0.0
train_vid_fake_vid_a01f6ad35f0508d89050e0e696020076d1ff35951fb4e428915cf467e372da64_face_000036_019,E:\archive_investigation_scratch_task\extracted_samples\Preapred Dataset\train\fake\vid_a01f6ad35f0508d89050e0e696020076d1ff35951fb4e428915cf467e372da64_face_000036_019.png,1,training_diagnostic,video_fake,3a656e9e33215e95c4d1a331db00c97329bd45d9cde24378afec2465fdab0dd3,png_control,0.0,0.0,0.0,2.8296022415161133,2.8296022415161133,0.9442546367645264,1,0,0.0,0.0,0.0,0.0
train_vid_fake_vid_a01f6ad35f0508d89050e0e696020076d1ff35951fb4e428915cf467e372da64_face_000036_019,E:\archive_investigation_scratch_task\extracted_samples\Preapred Dataset\train\fake\vid_a01f6ad35f0508d89050e0e696020076d1ff35951fb4e428915cf467e372da64_face_000036_019.png,1,training_diagnostic,video_fake,3a656e9e33215e95c4d1a331db00c97329bd45d9cde24378afec2465fdab0dd3,jpeg95,8.0,0.011512944474816322,0.10274851322174072,3.0168981552124023,3.0168981552124023,0.953331708908081,1,0,0.18729591369628906,0.18729591369628906,0.009077072143554688,0.009077072143554688
train_vid_fake_vid_a01f6ad35f0508d89050e0e696020076d1ff35951fb4e428915cf467e372da64_face_000036_019,E:\archive_investigation_scratch_task\extracted_samples\Preapred Dataset\train\fake\vid_a01f6ad35f0508d89050e0e696020076d1ff35951fb4e428915cf467e372da64_face_000036_019.png,1,training_diagnostic,video_fake,3a656e9e33215e95c4d1a331db00c97329bd45d9cde24378afec2465fdab0dd3,jpeg75,15.0,0.01946403831243515,0.17506998777389526,1.6056387424468994,1.6056387424468994,0.8328049778938293,1,0,-1.2239634990692139,1.2239634990692139,-0.11144965887069702,0.11144965887069702
train_vid_fake_vid_23e4dc34e94f4a97921ba03b892a5538d2b5031abac3dd1532158b9251a6bf2b_face_000042_015,E:\archive_investigation_scratch_task\extracted_samples\Preapred Dataset\train\fake\vid_23e4dc34e94f4a97921ba03b892a5538d2b5031abac3dd1532158b9251a6bf2b_face_000042_015.png,1,training_diagnostic,video_fake,e7c6c2489a74880cd285d4eaf492a9d1cec7ce4733c30d3b4fdaed9cbfd34a1f,original,0.0,0.0,0.0,4.634581565856934,4.634581565856934,0.9903832077980042,1,0,0.0,0.0,0.0,0.0
train_vid_fake_vid_23e4dc34e94f4a97921ba03b892a5538d2b5031abac3dd1532158b9251a6bf2b_face_000042_015,E:\archive_investigation_scratch_task\extracted_samples\Preapred Dataset\train\fake\vid_23e4dc34e94f4a97921ba03b892a5538d2b5031abac3dd1532158b9251a6bf2b_face_000042_015.png,1,training_diagnostic,video_fake,e7c6c2489a74880cd285d4eaf492a9d1cec7ce4733c30d3b4fdaed9cbfd34a1f,png_control,0.0,0.0,0.0,4.634581565856934,4.634581565856934,0.9903832077980042,1,0,0.0,0.0,0.0,0.0
train_vid_fake_vid_23e4dc34e94f4a97921ba03b892a5538d2b5031abac3dd1532158b9251a6bf2b_face_000042_015,E:\archive_investigation_scratch_task\extracted_samples\Preapred Dataset\train\fake\vid_23e4dc34e94f4a97921ba03b892a5538d2b5031abac3dd1532158b9251a6bf2b_face_000042_015.png,1,training_diagnostic,video_fake,e7c6c2489a74880cd285d4eaf492a9d1cec7ce4733c30d3b4fdaed9cbfd34a1f,jpeg95,7.0,0.010985437780618668,0.10457516461610794,4.535215854644775,4.535215854644775,0.9893892407417297,1,0,-0.0993657112121582,0.0993657112121582,-0.000993967056274414,0.000993967056274414
train_vid_fake_vid_23e4dc34e94f4a97921ba03b892a5538d2b5031abac3dd1532158b9251a6bf2b_face_000042_015,E:\archive_investigation_scratch_task\extracted_samples\Preapred Dataset\train\fake\vid_23e4dc34e94f4a97921ba03b892a5538d2b5031abac3dd1532158b9251a6bf2b_face_000042_015.png,1,training_diagnostic,video_fake,e7c6c2489a74880cd285d4eaf492a9d1cec7ce4733c30d3b4fdaed9cbfd34a1f,jpeg75,12.0,0.018626708537340164,0.17124752700328827,4.531815052032471,4.531815052032471,0.9893534183502197,1,0,-0.10276651382446289,0.10276651382446289,-0.0010297894477844238,0.0010297894477844238
train_vid_fake_vid_fd2a664831044f9db5c0b91715ebb5bd31797d703f15f3232b3ab447769399a0_face_000014_008,E:\archive_investigation_scratch_task\extracted_samples\Preapred Dataset\train\fake\vid_fd2a664831044f9db5c0b91715ebb5bd31797d703f15f3232b3ab447769399a0_face_000014_008.png,1,training_diagnostic,video_fake,9803d60dd08c49968ad3b897f18b5a9d04d54641ffc1c5c3a87474a703367a96,original,0.0,0.0,0.0,6.122283458709717,6.122283458709717,0.9978113770484924,1,0,0.0,0.0,0.0,0.0
train_vid_fake_vid_fd2a664831044f9db5c0b91715ebb5bd31797d703f15f3232b3ab447769399a0_face_000014_008,E:\archive_investigation_scratch_task\extracted_samples\Preapred Dataset\train\fake\vid_fd2a664831044f9db5c0b91715ebb5bd31797d703f15f3232b3ab447769399a0_face_000014_008.png,1,training_diagnostic,video_fake,9803d60dd08c49968ad3b897f18b5a9d04d54641ffc1c5c3a87474a703367a96,png_control,0.0,0.0,0.0,6.122283458709717,6.122283458709717,0.9978113770484924,1,0,0.0,0.0,0.0,0.0
train_vid_fake_vid_fd2a664831044f9db5c0b91715ebb5bd31797d703f15f3232b3ab447769399a0_face_000014_008,E:\archive_investigation_scratch_task\extracted_samples\Preapred Dataset\train\fake\vid_fd2a664831044f9db5c0b91715ebb5bd31797d703f15f3232b3ab447769399a0_face_000014_008.png,1,training_diagnostic,video_fake,9803d60dd08c49968ad3b897f18b5a9d04d54641ffc1c5c3a87474a703367a96,jpeg95,7.0,0.012098267674446106,0.12200438976287842,6.763225555419922,6.763225555419922,0.9988458156585693,1,0,0.6409420967102051,0.6409420967102051,0.0010344386100769043,0.0010344386100769043
train_vid_fake_vid_fd2a664831044f9db5c0b91715ebb5bd31797d703f15f3232b3ab447769399a0_face_000014_008,E:\archive_investigation_scratch_task\extracted_samples\Preapred Dataset\train\fake\vid_fd2a664831044f9db5c0b91715ebb5bd31797d703f15f3232b3ab447769399a0_face_000014_008.png,1,training_diagnostic,video_fake,9803d60dd08c49968ad3b897f18b5a9d04d54641ffc1c5c3a87474a703367a96,jpeg75,13.0,0.021776873618364334,0.19172120094299316,5.151785850524902,5.151785850524902,0.9942442774772644,1,0,-0.9704976081848145,0.9704976081848145,-0.0035670995712280273,0.0035670995712280273
train_vid_fake_vid_145e4d1a750bf818b1ce374dc571d1d2921c17a5f49f121c361d883266606a9d_face_000004_003,E:\archive_investigation_scratch_task\extracted_samples\Preapred Dataset\train\fake\vid_145e4d1a750bf818b1ce374dc571d1d2921c17a5f49f121c361d883266606a9d_face_000004_003.png,1,training_diagnostic,video_fake,3a55dcfdff51caafe27744e23cda8154fb17b00aae9487956f0a92321ac50201,original,0.0,0.0,0.0,13.00682258605957,13.00682258605957,0.9999977350234985,1,0,0.0,0.0,0.0,0.0
train_vid_fake_vid_145e4d1a750bf818b1ce374dc571d1d2921c17a5f49f121c361d883266606a9d_face_000004_003,E:\archive_investigation_scratch_task\extracted_samples\Preapred Dataset\train\fake\vid_145e4d1a750bf818b1ce374dc571d1d2921c17a5f49f121c361d883266606a9d_face_000004_003.png,1,training_diagnostic,video_fake,3a55dcfdff51caafe27744e23cda8154fb17b00aae9487956f0a92321ac50201,png_control,0.0,0.0,0.0,13.00682258605957,13.00682258605957,0.9999977350234985,1,0,0.0,0.0,0.0,0.0
train_vid_fake_vid_145e4d1a750bf818b1ce374dc571d1d2921c17a5f49f121c361d883266606a9d_face_000004_003,E:\archive_investigation_scratch_task\extracted_samples\Preapred Dataset\train\fake\vid_145e4d1a750bf818b1ce374dc571d1d2921c17a5f49f121c361d883266606a9d_face_000004_003.png,1,training_diagnostic,video_fake,3a55dcfdff51caafe27744e23cda8154fb17b00aae9487956f0a92321ac50201,jpeg95,8.0,0.012562312185764313,0.12200427055358887,12.8137845993042,12.8137845993042,0.9999972581863403,1,0,-0.1930379867553711,0.1930379867553711,-4.76837158203125e-07,4.76837158203125e-07
train_vid_fake_vid_145e4d1a750bf818b1ce374dc571d1d2921c17a5f49f121c361d883266606a9d_face_000004_003,E:\archive_investigation_scratch_task\extracted_samples\Preapred Dataset\train\fake\vid_145e4d1a750bf818b1ce374dc571d1d2921c17a5f49f121c361d883266606a9d_face_000004_003.png,1,training_diagnostic,video_fake,3a55dcfdff51caafe27744e23cda8154fb17b00aae9487956f0a92321ac50201,jpeg75,13.0,0.021972082555294037,0.20549702644348145,13.04953384399414,13.04953384399414,0.9999978542327881,1,0,0.04271125793457031,0.04271125793457031,1.1920928955078125e-07,1.1920928955078125e-07
ext_dev_real_23452,F:\val to be deleted 2\real\23452.png,0,external_development,external_real,78f10b99c7cd95f8b1d64845f4aec145ba7999f0ce229e9ccdd72d0d7c6dd1a7,original,0.0,0.0,0.0,13.874054908752441,13.874054908752441,0.9999990463256836,1,0,0.0,0.0,0.0,0.0
ext_dev_real_23452,F:\val to be deleted 2\real\23452.png,0,external_development,external_real,78f10b99c7cd95f8b1d64845f4aec145ba7999f0ce229e9ccdd72d0d7c6dd1a7,png_control,0.0,0.0,0.0,13.874054908752441,13.874054908752441,0.9999990463256836,1,0,0.0,0.0,0.0,0.0
ext_dev_real_23452,F:\val to be deleted 2\real\23452.png,0,external_development,external_real,78f10b99c7cd95f8b1d64845f4aec145ba7999f0ce229e9ccdd72d0d7c6dd1a7,jpeg95,9.0,0.017712417989969254,0.15686273574829102,12.881905555725098,12.881905555725098,0.9999974966049194,1,0,-0.9921493530273438,0.9921493530273438,-1.5497207641601562e-06,1.5497207641601562e-06
ext_dev_real_23452,F:\val to be deleted 2\real\23452.png,0,external_development,external_real,78f10b99c7cd95f8b1d64845f4aec145ba7999f0ce229e9ccdd72d0d7c6dd1a7,jpeg75,26.0,0.03955020755529404,0.4551820456981659,8.705459594726562,8.705459594726562,0.9998342990875244,1,0,-5.168595314025879,5.168595314025879,-0.0001647472381591797,0.0001647472381591797
ext_dev_real_7044,F:\val to be deleted 2\real\7044.png,0,external_development,external_real,e1e1b55b99eef078a75f3b8f37896d0a39cf95df586181597f65e11ee5b81706,original,0.0,0.0,0.0,13.289267539978027,13.289267539978027,0.9999983310699463,1,0,0.0,0.0,0.0,0.0
ext_dev_real_7044,F:\val to be deleted 2\real\7044.png,0,external_development,external_real,e1e1b55b99eef078a75f3b8f37896d0a39cf95df586181597f65e11ee5b81706,png_control,0.0,0.0,0.0,13.289267539978027,13.289267539978027,0.9999983310699463,1,0,0.0,0.0,0.0,0.0
ext_dev_real_7044,F:\val to be deleted 2\real\7044.png,0,external_development,external_real,e1e1b55b99eef078a75f3b8f37896d0a39cf95df586181597f65e11ee5b81706,jpeg95,10.0,0.019839253276586533,0.17507001757621765,13.308090209960938,13.308090209960938,0.9999983310699463,1,0,0.018822669982910156,0.018822669982910156,0.0,0.0
ext_dev_real_7044,F:\val to be deleted 2\real\7044.png,0,external_development,external_real,e1e1b55b99eef078a75f3b8f37896d0a39cf95df586181597f65e11ee5b81706,jpeg75,31.0,0.040247827768325806,0.5427170395851135,8.165790557861328,8.165790557861328,0.9997158646583557,1,0,-5.123476982116699,5.123476982116699,-0.00028246641159057617,0.00028246641159057617
ext_dev_real_24764,F:\val to be deleted 2\real\24764.png,0,external_development,external_real,85c33a0411a70b3a4f1a7af6b16d6df70c9b968691c2a72bedb3096104555e67,original,0.0,0.0,0.0,12.94190502166748,12.94190502166748,0.999997615814209,1,0,0.0,0.0,0.0,0.0
ext_dev_real_24764,F:\val to be deleted 2\real\24764.png,0,external_development,external_real,85c33a0411a70b3a4f1a7af6b16d6df70c9b968691c2a72bedb3096104555e67,png_control,0.0,0.0,0.0,12.94190502166748,12.94190502166748,0.999997615814209,1,0,0.0,0.0,0.0,0.0
ext_dev_real_24764,F:\val to be deleted 2\real\24764.png,0,external_development,external_real,85c33a0411a70b3a4f1a7af6b16d6df70c9b968691c2a72bedb3096104555e67,jpeg95,10.0,0.01804216578602791,0.1742919683456421,13.11190128326416,13.11190128326416,0.9999979734420776,1,0,0.1699962615966797,0.1699962615966797,3.5762786865234375e-07,3.5762786865234375e-07
ext_dev_real_24764,F:\val to be deleted 2\real\24764.png,0,external_development,external_real,85c33a0411a70b3a4f1a7af6b16d6df70c9b968691c2a72bedb3096104555e67,jpeg75,30.0,0.037103187292814255,0.5228759050369263,10.031685829162598,10.031685829162598,0.9999560117721558,1,0,-2.910219192504883,2.910219192504883,-4.1604042053222656e-05,4.1604042053222656e-05
ext_dev_real_24462,F:\val to be deleted 2\real\24462.png,0,external_development,external_real,a786b838c5290881c2edfffdc755a1afb52f51351bbb2a0f3b1a08a79504046b,original,0.0,0.0,0.0,10.99620532989502,10.99620532989502,0.9999831914901733,1,0,0.0,0.0,0.0,0.0
ext_dev_real_24462,F:\val to be deleted 2\real\24462.png,0,external_development,external_real,a786b838c5290881c2edfffdc755a1afb52f51351bbb2a0f3b1a08a79504046b,png_control,0.0,0.0,0.0,10.99620532989502,10.99620532989502,0.9999831914901733,1,0,0.0,0.0,0.0,0.0
ext_dev_real_24462,F:\val to be deleted 2\real\24462.png,0,external_development,external_real,a786b838c5290881c2edfffdc755a1afb52f51351bbb2a0f3b1a08a79504046b,jpeg95,12.0,0.015408259816467762,0.2091503143310547,10.650250434875488,10.650250434875488,0.9999762773513794,1,0,-0.34595489501953125,0.34595489501953125,-6.9141387939453125e-06,6.9141387939453125e-06
ext_dev_real_24462,F:\val to be deleted 2\real\24462.png,0,external_development,external_real,a786b838c5290881c2edfffdc755a1afb52f51351bbb2a0f3b1a08a79504046b,jpeg75,37.0,0.03147009015083313,0.5054466128349304,7.5314507484436035,7.5314507484436035,0.9994643330574036,1,0,-3.464754581451416,3.464754581451416,-0.0005188584327697754,0.0005188584327697754
ext_dev_real_8073,F:\val to be deleted 2\real\8073.png,0,external_development,external_real,e060173941371c6efb360f42db111a92f13be8c0bac259cb1df07b9c06c73d89,original,0.0,0.0,0.0,13.476901054382324,13.476901054382324,0.9999985694885254,1,0,0.0,0.0,0.0,0.0
ext_dev_real_8073,F:\val to be deleted 2\real\8073.png,0,external_development,external_real,e060173941371c6efb360f42db111a92f13be8c0bac259cb1df07b9c06c73d89,png_control,0.0,0.0,0.0,13.476901054382324,13.476901054382324,0.9999985694885254,1,0,0.0,0.0,0.0,0.0
ext_dev_real_8073,F:\val to be deleted 2\real\8073.png,0,external_development,external_real,e060173941371c6efb360f42db111a92f13be8c0bac259cb1df07b9c06c73d89,jpeg95,10.0,0.02074858918786049,0.17429208755493164,12.903996467590332,12.903996467590332,0.9999974966049194,1,0,-0.5729045867919922,0.5729045867919922,-1.0728836059570312e-06,1.0728836059570312e-06
ext_dev_real_8073,F:\val to be deleted 2\real\8073.png,0,external_development,external_real,e060173941371c6efb360f42db111a92f13be8c0bac259cb1df07b9c06c73d89,jpeg75,22.0,0.04010963439941406,0.38515400886535645,6.737039089202881,6.737039089202881,0.9988152980804443,1,0,-6.739861965179443,6.739861965179443,-0.0011832714080810547,0.0011832714080810547
ext_dev_real_7301,F:\val to be deleted 2\real\7301.png,0,external_development,external_real,485ea71e3011c1dc2371851b9629aca3ec95e4287883c297d1eaaf6a1a2ca75a,original,0.0,0.0,0.0,18.13369369506836,18.13369369506836,1.0,1,0,0.0,0.0,0.0,0.0
ext_dev_real_7301,F:\val to be deleted 2\real\7301.png,0,external_development,external_real,485ea71e3011c1dc2371851b9629aca3ec95e4287883c297d1eaaf6a1a2ca75a,png_control,0.0,0.0,0.0,18.13369369506836,18.13369369506836,1.0,1,0,0.0,0.0,0.0,0.0
ext_dev_real_7301,F:\val to be deleted 2\real\7301.png,0,external_development,external_real,485ea71e3011c1dc2371851b9629aca3ec95e4287883c297d1eaaf6a1a2ca75a,jpeg95,15.0,0.023199444636702538,0.22657954692840576,17.73676872253418,17.73676872253418,1.0,1,0,-0.3969249725341797,0.3969249725341797,0.0,0.0
ext_dev_real_7301,F:\val to be deleted 2\real\7301.png,0,external_development,external_real,485ea71e3011c1dc2371851b9629aca3ec95e4287883c297d1eaaf6a1a2ca75a,jpeg75,39.0,0.05241886526346207,0.667865514755249,13.388007164001465,13.388007164001465,0.9999984502792358,1,0,-4.7456865310668945,4.7456865310668945,-1.5497207641601562e-06,1.5497207641601562e-06
ext_dev_real_19464,F:\val to be deleted 2\real\19464.png,0,external_development,external_real,049d9658ad5ae9955808adad23587f43a72fbb5d100089d029f9f9b5c32779fd,original,0.0,0.0,0.0,15.804676055908203,15.804676055908203,0.9999998807907104,1,0,0.0,0.0,0.0,0.0
ext_dev_real_19464,F:\val to be deleted 2\real\19464.png,0,external_development,external_real,049d9658ad5ae9955808adad23587f43a72fbb5d100089d029f9f9b5c32779fd,png_control,0.0,0.0,0.0,15.804676055908203,15.804676055908203,0.9999998807907104,1,0,0.0,0.0,0.0,0.0
ext_dev_real_19464,F:\val to be deleted 2\real\19464.png,0,external_development,external_real,049d9658ad5ae9955808adad23587f43a72fbb5d100089d029f9f9b5c32779fd,jpeg95,13.0,0.026175713166594505,0.22657954692840576,15.798401832580566,15.798401832580566,0.9999998807907104,1,0,-0.006274223327636719,0.006274223327636719,0.0,0.0
ext_dev_real_19464,F:\val to be deleted 2\real\19464.png,0,external_development,external_real,049d9658ad5ae9955808adad23587f43a72fbb5d100089d029f9f9b5c32779fd,jpeg75,37.0,0.0631093680858612,0.6336159706115723,13.010560035705566,13.010560035705566,0.9999977350234985,1,0,-2.7941160202026367,2.7941160202026367,-2.1457672119140625e-06,2.1457672119140625e-06
ext_dev_real_23373,F:\val to be deleted 2\real\23373.png,0,external_development,external_real,7dee7c8a03ba39343abec77b6def8067883a53c2db6703c46e522c89f3a4f69b,original,0.0,0.0,0.0,9.395731925964355,9.395731925964355,0.9999169111251831,1,0,0.0,0.0,0.0,0.0
ext_dev_real_23373,F:\val to be deleted 2\real\23373.png,0,external_development,external_real,7dee7c8a03ba39343abec77b6def8067883a53c2db6703c46e522c89f3a4f69b,png_control,0.0,0.0,0.0,9.395731925964355,9.395731925964355,0.9999169111251831,1,0,0.0,0.0,0.0,0.0
ext_dev_real_23373,F:\val to be deleted 2\real\23373.png,0,external_development,external_real,7dee7c8a03ba39343abec77b6def8067883a53c2db6703c46e522c89f3a4f69b,jpeg95,13.0,0.016775887459516525,0.22262179851531982,9.951712608337402,9.951712608337402,0.9999523162841797,1,0,0.5559806823730469,0.5559806823730469,3.540515899658203e-05,3.540515899658203e-05
ext_dev_real_23373,F:\val to be deleted 2\real\23373.png,0,external_development,external_real,7dee7c8a03ba39343abec77b6def8067883a53c2db6703c46e522c89f3a4f69b,jpeg75,27.0,0.03729552403092384,0.46236830949783325,8.291972160339355,8.291972160339355,0.999749481678009,1,0,-1.103759765625,1.103759765625,-0.00016742944717407227,0.00016742944717407227
ext_dev_real_15647,F:\val to be deleted 2\real\15647.png,0,external_development,external_real,dc6d5e948f01eb4e8cbd6712ddd0d18ae7e06ea28b95ac537901acd54b2fa524,original,0.0,0.0,0.0,19.738914489746094,19.738914489746094,1.0,1,0,0.0,0.0,0.0,0.0
ext_dev_real_15647,F:\val to be deleted 2\real\15647.png,0,external_development,external_real,dc6d5e948f01eb4e8cbd6712ddd0d18ae7e06ea28b95ac537901acd54b2fa524,png_control,0.0,0.0,0.0,19.738914489746094,19.738914489746094,1.0,1,0,0.0,0.0,0.0,0.0
ext_dev_real_15647,F:\val to be deleted 2\real\15647.png,0,external_development,external_real,dc6d5e948f01eb4e8cbd6712ddd0d18ae7e06ea28b95ac537901acd54b2fa524,jpeg95,11.0,0.024122757837176323,0.19172120094299316,19.853729248046875,19.853729248046875,1.0,1,0,0.11481475830078125,0.11481475830078125,0.0,0.0
ext_dev_real_15647,F:\val to be deleted 2\real\15647.png,0,external_development,external_real,dc6d5e948f01eb4e8cbd6712ddd0d18ae7e06ea28b95ac537901acd54b2fa524,jpeg75,38.0,0.0561571903526783,0.6507406234741211,15.915728569030762,15.915728569030762,0.9999998807907104,1,0,-3.823185920715332,3.823185920715332,-1.1920928955078125e-07,1.1920928955078125e-07
ext_dev_real_28794,F:\val to be deleted 2\real\28794.png,0,external_development,external_real,98a014263bd5782251277667b13d36c12c8231ea112e2c28828cc3f496f3e318,original,0.0,0.0,0.0,10.39185905456543,10.39185905456543,0.9999693632125854,1,0,0.0,0.0,0.0,0.0
ext_dev_real_28794,F:\val to be deleted 2\real\28794.png,0,external_development,external_real,98a014263bd5782251277667b13d36c12c8231ea112e2c28828cc3f496f3e318,png_control,0.0,0.0,0.0,10.39185905456543,10.39185905456543,0.9999693632125854,1,0,0.0,0.0,0.0,0.0
ext_dev_real_28794,F:\val to be deleted 2\real\28794.png,0,external_development,external_real,98a014263bd5782251277667b13d36c12c8231ea112e2c28828cc3f496f3e318,jpeg95,11.0,0.016449620947241783,0.19172120094299316,10.630846977233887,10.630846977233887,0.9999758005142212,1,0,0.23898792266845703,0.23898792266845703,6.4373016357421875e-06,6.4373016357421875e-06
ext_dev_real_28794,F:\val to be deleted 2\real\28794.png,0,external_development,external_real,98a014263bd5782251277667b13d36c12c8231ea112e2c28828cc3f496f3e318,jpeg75,29.0,0.036643996834754944,0.5054466128349304,8.827061653137207,8.827061653137207,0.999853253364563,1,0,-1.5647974014282227,1.5647974014282227,-0.00011610984802246094,0.00011610984802246094
ext_dev_real_12569,F:\val to be deleted 2\real\12569.png,0,external_development,external_real,34faef48ee3cc2c0be0adde671dbb152265a1fd6702144a29fe4e946e5011e59,original,0.0,0.0,0.0,19.37128448486328,19.37128448486328,1.0,1,0,0.0,0.0,0.0,0.0
ext_dev_real_12569,F:\val to be deleted 2\real\12569.png,0,external_development,external_real,34faef48ee3cc2c0be0adde671dbb152265a1fd6702144a29fe4e946e5011e59,png_control,0.0,0.0,0.0,19.37128448486328,19.37128448486328,1.0,1,0,0.0,0.0,0.0,0.0
ext_dev_real_12569,F:\val to be deleted 2\real\12569.png,0,external_development,external_real,34faef48ee3cc2c0be0adde671dbb152265a1fd6702144a29fe4e946e5011e59,jpeg95,16.0,0.026237111538648605,0.27886709570884705,19.077835083007812,19.077835083007812,1.0,1,0,-0.29344940185546875,0.29344940185546875,0.0,0.0
ext_dev_real_12569,F:\val to be deleted 2\real\12569.png,0,external_development,external_real,34faef48ee3cc2c0be0adde671dbb152265a1fd6702144a29fe4e946e5011e59,jpeg75,35.0,0.06903161853551865,0.6127450466156006,14.54028606414795,14.54028606414795,0.9999995231628418,1,0,-4.830998420715332,4.830998420715332,-4.76837158203125e-07,4.76837158203125e-07
ext_dev_real_12079,F:\val to be deleted 2\real\12079.png,0,external_development,external_real,15a185b5940887bfa69e4850827ca67dbe59dfa0c7277f887c53e4b5bedcf67d,original,0.0,0.0,0.0,15.835805892944336,15.835805892944336,0.9999998807907104,1,0,0.0,0.0,0.0,0.0
ext_dev_real_12079,F:\val to be deleted 2\real\12079.png,0,external_development,external_real,15a185b5940887bfa69e4850827ca67dbe59dfa0c7277f887c53e4b5bedcf67d,png_control,0.0,0.0,0.0,15.835805892944336,15.835805892944336,0.9999998807907104,1,0,0.0,0.0,0.0,0.0
ext_dev_real_12079,F:\val to be deleted 2\real\12079.png,0,external_development,external_real,15a185b5940887bfa69e4850827ca67dbe59dfa0c7277f887c53e4b5bedcf67d,jpeg95,11.0,0.021411210298538208,0.1917211413383484,15.645041465759277,15.645041465759277,0.9999998807907104,1,0,-0.1907644271850586,0.1907644271850586,0.0,0.0
ext_dev_real_12079,F:\val to be deleted 2\real\12079.png,0,external_development,external_real,15a185b5940887bfa69e4850827ca67dbe59dfa0c7277f887c53e4b5bedcf67d,jpeg75,36.0,0.043604325503110886,0.6302521824836731,11.796809196472168,11.796809196472168,0.9999924898147583,1,0,-4.038996696472168,4.038996696472168,-7.3909759521484375e-06,7.3909759521484375e-06
ext_dev_real_25426,F:\val to be deleted 2\real\25426.png,0,external_development,external_real,0c474014215cfc65089d10893617e1fb72e3028fc0548dc2b56cea8f6f7a67c2,original,0.0,0.0,0.0,8.399415016174316,8.399415016174316,0.9997751116752625,1,0,0.0,0.0,0.0,0.0
ext_dev_real_25426,F:\val to be deleted 2\real\25426.png,0,external_development,external_real,0c474014215cfc65089d10893617e1fb72e3028fc0548dc2b56cea8f6f7a67c2,png_control,0.0,0.0,0.0,8.399415016174316,8.399415016174316,0.9997751116752625,1,0,0.0,0.0,0.0,0.0
ext_dev_real_25426,F:\val to be deleted 2\real\25426.png,0,external_development,external_real,0c474014215cfc65089d10893617e1fb72e3028fc0548dc2b56cea8f6f7a67c2,jpeg95,9.0,0.018238600343465805,0.1568627506494522,8.269771575927734,8.269771575927734,0.9997438788414001,1,0,-0.12964344024658203,0.12964344024658203,-3.123283386230469e-05,3.123283386230469e-05
ext_dev_real_25426,F:\val to be deleted 2\real\25426.png,0,external_development,external_real,0c474014215cfc65089d10893617e1fb72e3028fc0548dc2b56cea8f6f7a67c2,jpeg75,26.0,0.03672416880726814,0.4452437162399292,5.914951324462891,5.914951324462891,0.9973084926605225,1,0,-2.484463691711426,2.484463691711426,-0.0024666190147399902,0.0024666190147399902
ext_dev_real_16328,F:\val to be deleted 2\real\16328.png,0,external_development,external_real,b72e8fbc28453409eb0f20ee9d1ab993f3bc3834d60a176f3244c15abd9b01d7,original,0.0,0.0,0.0,12.01209545135498,12.01209545135498,0.9999939203262329,1,0,0.0,0.0,0.0,0.0
ext_dev_real_16328,F:\val to be deleted 2\real\16328.png,0,external_development,external_real,b72e8fbc28453409eb0f20ee9d1ab993f3bc3834d60a176f3244c15abd9b01d7,png_control,0.0,0.0,0.0,12.01209545135498,12.01209545135498,0.9999939203262329,1,0,0.0,0.0,0.0,0.0
ext_dev_real_16328,F:\val to be deleted 2\real\16328.png,0,external_development,external_real,b72e8fbc28453409eb0f20ee9d1ab993f3bc3834d60a176f3244c15abd9b01d7,jpeg95,14.0,0.024118052795529366,0.24400871992111206,12.190363883972168,12.190363883972168,0.9999948740005493,1,0,0.1782684326171875,0.1782684326171875,9.5367431640625e-07,9.5367431640625e-07
ext_dev_real_16328,F:\val to be deleted 2\real\16328.png,0,external_development,external_real,b72e8fbc28453409eb0f20ee9d1ab993f3bc3834d60a176f3244c15abd9b01d7,jpeg75,38.0,0.055946387350559235,0.6507407426834106,6.803696155548096,6.803696155548096,0.9988915324211121,1,0,-5.208399295806885,5.208399295806885,-0.0011023879051208496,0.0011023879051208496
ext_dev_real_5682,F:\val to be deleted 2\real\5682.png,0,external_development,external_real,76b824f87e66c45f30074ba05bc5eff9d5df6851a0ddf5df2d83bce6c521845a,original,0.0,0.0,0.0,13.988880157470703,13.988880157470703,0.9999991655349731,1,0,0.0,0.0,0.0,0.0
ext_dev_real_5682,F:\val to be deleted 2\real\5682.png,0,external_development,external_real,76b824f87e66c45f30074ba05bc5eff9d5df6851a0ddf5df2d83bce6c521845a,png_control,0.0,0.0,0.0,13.988880157470703,13.988880157470703,0.9999991655349731,1,0,0.0,0.0,0.0,0.0
ext_dev_real_5682,F:\val to be deleted 2\real\5682.png,0,external_development,external_real,76b824f87e66c45f30074ba05bc5eff9d5df6851a0ddf5df2d83bce6c521845a,jpeg95,11.0,0.020945368334650993,0.1917211413383484,13.342248916625977,13.342248916625977,0.9999984502792358,1,0,-0.6466312408447266,0.6466312408447266,-7.152557373046875e-07,7.152557373046875e-07
ext_dev_real_5682,F:\val to be deleted 2\real\5682.png,0,external_development,external_real,76b824f87e66c45f30074ba05bc5eff9d5df6851a0ddf5df2d83bce6c521845a,jpeg75,37.0,0.04771958664059639,0.6164910793304443,8.233710289001465,8.233710289001465,0.9997344613075256,1,0,-5.755169868469238,5.755169868469238,-0.00026470422744750977,0.00026470422744750977
ext_dev_real_18006,F:\val to be deleted 2\real\18006.png,0,external_development,external_real,7dc48b6ff13a5fc0f69207aa2d02d62c16b3baa9e1648ff8a2bbfff28485f57f,original,0.0,0.0,0.0,15.016966819763184,15.016966819763184,0.9999996423721313,1,0,0.0,0.0,0.0,0.0
ext_dev_real_18006,F:\val to be deleted 2\real\18006.png,0,external_development,external_real,7dc48b6ff13a5fc0f69207aa2d02d62c16b3baa9e1648ff8a2bbfff28485f57f,png_control,0.0,0.0,0.0,15.016966819763184,15.016966819763184,0.9999996423721313,1,0,0.0,0.0,0.0,0.0
ext_dev_real_18006,F:\val to be deleted 2\real\18006.png,0,external_development,external_real,7dc48b6ff13a5fc0f69207aa2d02d62c16b3baa9e1648ff8a2bbfff28485f57f,jpeg95,12.0,0.0230990219861269,0.20915043354034424,15.373034477233887,15.373034477233887,0.9999997615814209,1,0,0.3560676574707031,0.3560676574707031,1.1920928955078125e-07,1.1920928955078125e-07
ext_dev_real_18006,F:\val to be deleted 2\real\18006.png,0,external_development,external_real,7dc48b6ff13a5fc0f69207aa2d02d62c16b3baa9e1648ff8a2bbfff28485f57f,jpeg75,33.0,0.05244147405028343,0.565116822719574,10.442561149597168,10.442561149597168,0.9999707937240601,1,0,-4.574405670166016,4.574405670166016,-2.8848648071289062e-05,2.8848648071289062e-05
ext_dev_real_12619,F:\val to be deleted 2\real\12619.png,0,external_development,external_real,cb7e87e89b507ba8d14bf4ee47bef60e5fa3d85d8b04b771feb19e4c965196e9,original,0.0,0.0,0.0,7.902802467346191,7.902802467346191,0.9996304512023926,1,0,0.0,0.0,0.0,0.0
ext_dev_real_12619,F:\val to be deleted 2\real\12619.png,0,external_development,external_real,cb7e87e89b507ba8d14bf4ee47bef60e5fa3d85d8b04b771feb19e4c965196e9,png_control,0.0,0.0,0.0,7.902802467346191,7.902802467346191,0.9996304512023926,1,0,0.0,0.0,0.0,0.0
ext_dev_real_12619,F:\val to be deleted 2\real\12619.png,0,external_development,external_real,cb7e87e89b507ba8d14bf4ee47bef60e5fa3d85d8b04b771feb19e4c965196e9,jpeg95,14.0,0.02393665537238121,0.24400866031646729,7.407405853271484,7.407405853271484,0.9993935823440552,1,0,-0.49539661407470703,0.49539661407470703,-0.00023686885833740234,0.00023686885833740234
ext_dev_real_12619,F:\val to be deleted 2\real\12619.png,0,external_development,external_real,cb7e87e89b507ba8d14bf4ee47bef60e5fa3d85d8b04b771feb19e4c965196e9,jpeg75,37.0,0.04983366280794144,0.6336158514022827,1.1744616031646729,1.1744616031646729,0.7639505863189697,1,0,-6.7283408641815186,6.7283408641815186,-0.23567986488342285,0.23567986488342285
ext_dev_real_6246,F:\val to be deleted 2\real\6246.png,0,external_development,external_real,519c0346bd70a1f31a257fe291555cca1c095b554090acdd95133b14a2f7f886,original,0.0,0.0,0.0,-1.9438209533691406,-1.9438209533691406,0.12522868812084198,0,0,0.0,0.0,0.0,0.0
ext_dev_real_6246,F:\val to be deleted 2\real\6246.png,0,external_development,external_real,519c0346bd70a1f31a257fe291555cca1c095b554090acdd95133b14a2f7f886,png_control,0.0,0.0,0.0,-1.9438209533691406,-1.9438209533691406,0.12522868812084198,0,0,0.0,0.0,0.0,0.0
ext_dev_real_6246,F:\val to be deleted 2\real\6246.png,0,external_development,external_real,519c0346bd70a1f31a257fe291555cca1c095b554090acdd95133b14a2f7f886,jpeg95,9.0,0.02363145723938942,0.15686273574829102,-3.748297929763794,-3.748297929763794,0.023015612736344337,0,0,-1.8044769763946533,1.8044769763946533,-0.10221307538449764,0.10221307538449764
ext_dev_real_6246,F:\val to be deleted 2\real\6246.png,0,external_development,external_real,519c0346bd70a1f31a257fe291555cca1c095b554090acdd95133b14a2f7f886,jpeg75,19.0,0.04126029089093208,0.33115482330322266,-7.386113166809082,-7.386113166809082,0.000619416416157037,0,0,-5.442292213439941,5.442292213439941,-0.12460927170468494,0.12460927170468494
ext_dev_real_12680,F:\val to be deleted 2\real\12680.png,0,external_development,external_real,4570f2797c90b4b0bf323cb8d9faa3f7af276e2803711dd53e18a39ee19ef6cc,original,0.0,0.0,0.0,18.173826217651367,18.173826217651367,1.0,1,0,0.0,0.0,0.0,0.0
ext_dev_real_12680,F:\val to be deleted 2\real\12680.png,0,external_development,external_real,4570f2797c90b4b0bf323cb8d9faa3f7af276e2803711dd53e18a39ee19ef6cc,png_control,0.0,0.0,0.0,18.173826217651367,18.173826217651367,1.0,1,0,0.0,0.0,0.0,0.0
ext_dev_real_12680,F:\val to be deleted 2\real\12680.png,0,external_development,external_real,4570f2797c90b4b0bf323cb8d9faa3f7af276e2803711dd53e18a39ee19ef6cc,jpeg95,13.0,0.025843637064099312,0.22657954692840576,18.024457931518555,18.024457931518555,1.0,1,0,-0.1493682861328125,0.1493682861328125,0.0,0.0
ext_dev_real_12680,F:\val to be deleted 2\real\12680.png,0,external_development,external_real,4570f2797c90b4b0bf323cb8d9faa3f7af276e2803711dd53e18a39ee19ef6cc,jpeg75,41.0,0.05843634903430939,0.7145968675613403,11.790597915649414,11.790597915649414,0.9999923706054688,1,0,-6.383228302001953,6.383228302001953,-7.62939453125e-06,7.62939453125e-06
ext_dev_real_19695,F:\val to be deleted 2\real\19695.png,0,external_development,external_real,e4a5e32aaadf6aa47694137f43fea158663553c2c51a66949f9a82d3acb74a79,original,0.0,0.0,0.0,6.997608661651611,6.997608661651611,0.9990867376327515,1,0,0.0,0.0,0.0,0.0
ext_dev_real_19695,F:\val to be deleted 2\real\19695.png,0,external_development,external_real,e4a5e32aaadf6aa47694137f43fea158663553c2c51a66949f9a82d3acb74a79,png_control,0.0,0.0,0.0,6.997608661651611,6.997608661651611,0.9990867376327515,1,0,0.0,0.0,0.0,0.0
ext_dev_real_19695,F:\val to be deleted 2\real\19695.png,0,external_development,external_real,e4a5e32aaadf6aa47694137f43fea158663553c2c51a66949f9a82d3acb74a79,jpeg95,12.0,0.022370949387550354,0.2091503143310547,6.834717273712158,6.834717273712158,0.9989253878593445,1,0,-0.16289138793945312,0.16289138793945312,-0.00016134977340698242,0.00016134977340698242
ext_dev_real_19695,F:\val to be deleted 2\real\19695.png,0,external_development,external_real,e4a5e32aaadf6aa47694137f43fea158663553c2c51a66949f9a82d3acb74a79,jpeg75,37.0,0.0467272587120533,0.5054466724395752,4.887994289398193,4.887994289398193,0.9925198554992676,1,0,-2.109614372253418,2.109614372253418,-0.006566882133483887,0.006566882133483887
ext_dev_real_16787,F:\val to be deleted 2\real\16787.png,0,external_development,external_real,f719f035cb8187c37986f73c0bd5cd92553ffe63df5a122dc3a7f57f0114238e,original,0.0,0.0,0.0,15.84584903717041,15.84584903717041,0.9999998807907104,1,0,0.0,0.0,0.0,0.0
ext_dev_real_16787,F:\val to be deleted 2\real\16787.png,0,external_development,external_real,f719f035cb8187c37986f73c0bd5cd92553ffe63df5a122dc3a7f57f0114238e,png_control,0.0,0.0,0.0,15.84584903717041,15.84584903717041,0.9999998807907104,1,0,0.0,0.0,0.0,0.0
ext_dev_real_16787,F:\val to be deleted 2\real\16787.png,0,external_development,external_real,f719f035cb8187c37986f73c0bd5cd92553ffe63df5a122dc3a7f57f0114238e,jpeg95,9.0,0.022689925506711006,0.15686273574829102,15.541577339172363,15.541577339172363,0.9999998807907104,1,0,-0.3042716979980469,0.3042716979980469,0.0,0.0
ext_dev_real_16787,F:\val to be deleted 2\real\16787.png,0,external_development,external_real,f719f035cb8187c37986f73c0bd5cd92553ffe63df5a122dc3a7f57f0114238e,jpeg75,34.0,0.052948661148548126,0.5925925970077515,9.428927421569824,9.428927421569824,0.9999196529388428,1,0,-6.416921615600586,6.416921615600586,-8.022785186767578e-05,8.022785186767578e-05
ext_dev_real_21603,F:\val to be deleted 2\real\21603.png,0,external_development,external_real,608ac6bf73aae16d2639401b25382e2276148476f025423c9450b54971224b28,original,0.0,0.0,0.0,9.997166633605957,9.997166633605957,0.9999544620513916,1,0,0.0,0.0,0.0,0.0
ext_dev_real_21603,F:\val to be deleted 2\real\21603.png,0,external_development,external_real,608ac6bf73aae16d2639401b25382e2276148476f025423c9450b54971224b28,png_control,0.0,0.0,0.0,9.997166633605957,9.997166633605957,0.9999544620513916,1,0,0.0,0.0,0.0,0.0
ext_dev_real_21603,F:\val to be deleted 2\real\21603.png,0,external_development,external_real,608ac6bf73aae16d2639401b25382e2276148476f025423c9450b54971224b28,jpeg95,14.0,0.0222872756421566,0.24400877952575684,9.950371742248535,9.950371742248535,0.9999523162841797,1,0,-0.046794891357421875,0.046794891357421875,-2.1457672119140625e-06,2.1457672119140625e-06
ext_dev_real_21603,F:\val to be deleted 2\real\21603.png,0,external_development,external_real,608ac6bf73aae16d2639401b25382e2276148476f025423c9450b54971224b28,jpeg75,37.0,0.044506050646305084,0.6336158514022827,8.04251766204834,8.04251766204834,0.9996786117553711,1,0,-1.9546489715576172,1.9546489715576172,-0.0002758502960205078,0.0002758502960205078
ext_dev_real_9410,F:\val to be deleted 2\real\9410.png,0,external_development,external_real,b3bf58912a019d5e8c8f5ed96cadedf3a0378fbf885fe2f0761ce770197a7e80,original,0.0,0.0,0.0,16.146940231323242,16.146940231323242,0.9999998807907104,1,0,0.0,0.0,0.0,0.0
ext_dev_real_9410,F:\val to be deleted 2\real\9410.png,0,external_development,external_real,b3bf58912a019d5e8c8f5ed96cadedf3a0378fbf885fe2f0761ce770197a7e80,png_control,0.0,0.0,0.0,16.146940231323242,16.146940231323242,0.9999998807907104,1,0,0.0,0.0,0.0,0.0
ext_dev_real_9410,F:\val to be deleted 2\real\9410.png,0,external_development,external_real,b3bf58912a019d5e8c8f5ed96cadedf3a0378fbf885fe2f0761ce770197a7e80,jpeg95,14.0,0.02192101813852787,0.2397465705871582,15.789521217346191,15.789521217346191,0.9999998807907104,1,0,-0.3574190139770508,0.3574190139770508,0.0,0.0
ext_dev_real_9410,F:\val to be deleted 2\real\9410.png,0,external_development,external_real,b3bf58912a019d5e8c8f5ed96cadedf3a0378fbf885fe2f0761ce770197a7e80,jpeg75,36.0,0.04722483083605766,0.6302521824836731,12.315226554870605,12.315226554870605,0.9999954700469971,1,0,-3.8317136764526367,3.8317136764526367,-4.410743713378906e-06,4.410743713378906e-06
ext_dev_real_8527,F:\val to be deleted 2\real\8527.png,0,external_development,external_real,3e97d9b81cc41d8f87943a4f3901254738a9833fc73071f32579d08071d6d33e,original,0.0,0.0,0.0,2.8364174365997314,2.8364174365997314,0.9446123242378235,1,0,0.0,0.0,0.0,0.0
ext_dev_real_8527,F:\val to be deleted 2\real\8527.png,0,external_development,external_real,3e97d9b81cc41d8f87943a4f3901254738a9833fc73071f32579d08071d6d33e,png_control,0.0,0.0,0.0,2.8364174365997314,2.8364174365997314,0.9446123242378235,1,0,0.0,0.0,0.0,0.0
ext_dev_real_8527,F:\val to be deleted 2\real\8527.png,0,external_development,external_real,3e97d9b81cc41d8f87943a4f3901254738a9833fc73071f32579d08071d6d33e,jpeg95,12.0,0.028051620349287987,0.20915037393569946,2.996721029281616,2.996721029281616,0.9524257779121399,1,0,0.16030359268188477,0.16030359268188477,0.007813453674316406,0.007813453674316406
ext_dev_real_8527,F:\val to be deleted 2\real\8527.png,0,external_development,external_real,3e97d9b81cc41d8f87943a4f3901254738a9833fc73071f32579d08071d6d33e,jpeg75,32.0,0.06696228682994843,0.5577343106269836,-0.9429779648780823,-0.9429779648780823,0.28029921650886536,0,1,-3.7793954014778137,3.7793954014778137,-0.6643131077289581,0.6643131077289581
ext_dev_real_15237,F:\val to be deleted 2\real\15237.png,0,external_development,external_real,9204fa65c31525dd3d19ba24fc3270f3009fc61e595794bd474eff2a0f20defc,original,0.0,0.0,0.0,14.960405349731445,14.960405349731445,0.9999996423721313,1,0,0.0,0.0,0.0,0.0
ext_dev_real_15237,F:\val to be deleted 2\real\15237.png,0,external_development,external_real,9204fa65c31525dd3d19ba24fc3270f3009fc61e595794bd474eff2a0f20defc,png_control,0.0,0.0,0.0,14.960405349731445,14.960405349731445,0.9999996423721313,1,0,0.0,0.0,0.0,0.0
ext_dev_real_15237,F:\val to be deleted 2\real\15237.png,0,external_development,external_real,9204fa65c31525dd3d19ba24fc3270f3009fc61e595794bd474eff2a0f20defc,jpeg95,10.0,0.021758541464805603,0.17429202795028687,14.381163597106934,14.381163597106934,0.9999994039535522,1,0,-0.5792417526245117,0.5792417526245117,-2.384185791015625e-07,2.384185791015625e-07
ext_dev_real_15237,F:\val to be deleted 2\real\15237.png,0,external_development,external_real,9204fa65c31525dd3d19ba24fc3270f3009fc61e595794bd474eff2a0f20defc,jpeg75,35.0,0.04579276964068413,0.6100219488143921,8.560894966125488,8.560894966125488,0.9998086094856262,1,0,-6.399510383605957,6.399510383605957,-0.00019103288650512695,0.00019103288650512695
ext_dev_real_24831,F:\val to be deleted 2\real\24831.png,0,external_development,external_real,ef135b8be7ad72bc5d99ed8ad9ee54fc1330f7ab76254f82974cdfbe8f7f0653,original,0.0,0.0,0.0,16.204092025756836,16.204092025756836,0.9999998807907104,1,0,0.0,0.0,0.0,0.0
ext_dev_real_24831,F:\val to be deleted 2\real\24831.png,0,external_development,external_real,ef135b8be7ad72bc5d99ed8ad9ee54fc1330f7ab76254f82974cdfbe8f7f0653,png_control,0.0,0.0,0.0,16.204092025756836,16.204092025756836,0.9999998807907104,1,0,0.0,0.0,0.0,0.0
ext_dev_real_24831,F:\val to be deleted 2\real\24831.png,0,external_development,external_real,ef135b8be7ad72bc5d99ed8ad9ee54fc1330f7ab76254f82974cdfbe8f7f0653,jpeg95,10.0,0.019188635051250458,0.1712474822998047,15.905439376831055,15.905439376831055,0.9999998807907104,1,0,-0.29865264892578125,0.29865264892578125,0.0,0.0
ext_dev_real_24831,F:\val to be deleted 2\real\24831.png,0,external_development,external_real,ef135b8be7ad72bc5d99ed8ad9ee54fc1330f7ab76254f82974cdfbe8f7f0653,jpeg75,30.0,0.043687306344509125,0.5137425661087036,10.598174095153809,10.598174095153809,0.9999750852584839,1,0,-5.605917930603027,5.605917930603027,-2.47955322265625e-05,2.47955322265625e-05
ext_dev_real_1889,F:\val to be deleted 2\real\1889.png,0,external_development,external_real,7bc7c30343ee99964d3189a4d5c0cd2bd3dbf499fedb60c7ade5cb8153c595e3,original,0.0,0.0,0.0,16.20952033996582,16.20952033996582,0.9999998807907104,1,0,0.0,0.0,0.0,0.0
ext_dev_real_1889,F:\val to be deleted 2\real\1889.png,0,external_development,external_real,7bc7c30343ee99964d3189a4d5c0cd2bd3dbf499fedb60c7ade5cb8153c595e3,png_control,0.0,0.0,0.0,16.20952033996582,16.20952033996582,0.9999998807907104,1,0,0.0,0.0,0.0,0.0
ext_dev_real_1889,F:\val to be deleted 2\real\1889.png,0,external_development,external_real,7bc7c30343ee99964d3189a4d5c0cd2bd3dbf499fedb60c7ade5cb8153c595e3,jpeg95,13.0,0.023498181253671646,0.22262179851531982,15.78088092803955,15.78088092803955,0.9999998807907104,1,0,-0.42863941192626953,0.42863941192626953,0.0,0.0
ext_dev_real_1889,F:\val to be deleted 2\real\1889.png,0,external_development,external_real,7bc7c30343ee99964d3189a4d5c0cd2bd3dbf499fedb60c7ade5cb8153c595e3,jpeg75,37.0,0.05356767773628235,0.6448800563812256,11.15229606628418,11.15229606628418,0.9999856948852539,1,0,-5.057224273681641,5.057224273681641,-1.4185905456542969e-05,1.4185905456542969e-05
ext_dev_real_15771,F:\val to be deleted 2\real\15771.png,0,external_development,external_real,b9e899ee5987d47d4c92907636b0513aad1869095c8496965d0dbf20e6f0a342,original,0.0,0.0,0.0,12.447576522827148,12.447576522827148,0.9999960660934448,1,0,0.0,0.0,0.0,0.0
ext_dev_real_15771,F:\val to be deleted 2\real\15771.png,0,external_development,external_real,b9e899ee5987d47d4c92907636b0513aad1869095c8496965d0dbf20e6f0a342,png_control,0.0,0.0,0.0,12.447576522827148,12.447576522827148,0.9999960660934448,1,0,0.0,0.0,0.0,0.0
ext_dev_real_15771,F:\val to be deleted 2\real\15771.png,0,external_development,external_real,b9e899ee5987d47d4c92907636b0513aad1869095c8496965d0dbf20e6f0a342,jpeg95,14.0,0.019639523699879646,0.24400866031646729,12.431561470031738,12.431561470031738,0.9999960660934448,1,0,-0.016015052795410156,0.016015052795410156,0.0,0.0
ext_dev_real_15771,F:\val to be deleted 2\real\15771.png,0,external_development,external_real,b9e899ee5987d47d4c92907636b0513aad1869095c8496965d0dbf20e6f0a342,jpeg75,36.0,0.03980432078242302,0.6164911985397339,7.464540958404541,7.464540958404541,0.999427318572998,1,0,-4.983035564422607,4.983035564422607,-0.0005687475204467773,0.0005687475204467773
ext_dev_real_25469,F:\val to be deleted 2\real\25469.png,0,external_development,external_real,e138af18060845f50df280eaedb752b3b65c95751aed339f4b2f716c0648d55f,original,0.0,0.0,0.0,16.329883575439453,16.329883575439453,0.9999998807907104,1,0,0.0,0.0,0.0,0.0
ext_dev_real_25469,F:\val to be deleted 2\real\25469.png,0,external_development,external_real,e138af18060845f50df280eaedb752b3b65c95751aed339f4b2f716c0648d55f,png_control,0.0,0.0,0.0,16.329883575439453,16.329883575439453,0.9999998807907104,1,0,0.0,0.0,0.0,0.0
ext_dev_real_25469,F:\val to be deleted 2\real\25469.png,0,external_development,external_real,e138af18060845f50df280eaedb752b3b65c95751aed339f4b2f716c0648d55f,jpeg95,13.0,0.022574953734874725,0.22657951712608337,15.823671340942383,15.823671340942383,0.9999998807907104,1,0,-0.5062122344970703,0.5062122344970703,0.0,0.0
ext_dev_real_25469,F:\val to be deleted 2\real\25469.png,0,external_development,external_real,e138af18060845f50df280eaedb752b3b65c95751aed339f4b2f716c0648d55f,jpeg75,36.0,0.049483537673950195,0.6274509429931641,13.041632652282715,13.041632652282715,0.9999978542327881,1,0,-3.2882509231567383,3.2882509231567383,-2.0265579223632812e-06,2.0265579223632812e-06
ext_dev_real_964,F:\val to be deleted 2\real\964.png,0,external_development,external_real,56f6abe93e591ea119bfddad2d5a954c3bf8fc2e5317e3adcf556bfb3513d7e8,original,0.0,0.0,0.0,16.097591400146484,16.097591400146484,0.9999998807907104,1,0,0.0,0.0,0.0,0.0
ext_dev_real_964,F:\val to be deleted 2\real\964.png,0,external_development,external_real,56f6abe93e591ea119bfddad2d5a954c3bf8fc2e5317e3adcf556bfb3513d7e8,png_control,0.0,0.0,0.0,16.097591400146484,16.097591400146484,0.9999998807907104,1,0,0.0,0.0,0.0,0.0
ext_dev_real_964,F:\val to be deleted 2\real\964.png,0,external_development,external_real,56f6abe93e591ea119bfddad2d5a954c3bf8fc2e5317e3adcf556bfb3513d7e8,jpeg95,14.0,0.019844066351652145,0.24400877952575684,15.323431968688965,15.323431968688965,0.9999997615814209,1,0,-0.7741594314575195,0.7741594314575195,-1.1920928955078125e-07,1.1920928955078125e-07
ext_dev_real_964,F:\val to be deleted 2\real\964.png,0,external_development,external_real,56f6abe93e591ea119bfddad2d5a954c3bf8fc2e5317e3adcf556bfb3513d7e8,jpeg75,38.0,0.038897376507520676,0.6507407426834106,8.536904335021973,8.536904335021973,0.9998039603233337,1,0,-7.560687065124512,7.560687065124512,-0.00019592046737670898,0.00019592046737670898
ext_dev_real_8923,F:\val to be deleted 2\real\8923.png,0,external_development,external_real,6a94a7614cedba5cef20e9c68b9555b9fa3554a1e3d6e6aa803651a488b70df0,original,0.0,0.0,0.0,15.888028144836426,15.888028144836426,0.9999998807907104,1,0,0.0,0.0,0.0,0.0
ext_dev_real_8923,F:\val to be deleted 2\real\8923.png,0,external_development,external_real,6a94a7614cedba5cef20e9c68b9555b9fa3554a1e3d6e6aa803651a488b70df0,png_control,0.0,0.0,0.0,15.888028144836426,15.888028144836426,0.9999998807907104,1,0,0.0,0.0,0.0,0.0
ext_dev_real_8923,F:\val to be deleted 2\real\8923.png,0,external_development,external_real,6a94a7614cedba5cef20e9c68b9555b9fa3554a1e3d6e6aa803651a488b70df0,jpeg95,13.0,0.022034363821148872,0.19172120094299316,15.119837760925293,15.119837760925293,0.9999997615814209,1,0,-0.7681903839111328,0.7681903839111328,-1.1920928955078125e-07,1.1920928955078125e-07
ext_dev_real_8923,F:\val to be deleted 2\real\8923.png,0,external_development,external_real,6a94a7614cedba5cef20e9c68b9555b9fa3554a1e3d6e6aa803651a488b70df0,jpeg75,32.0,0.05129024386405945,0.5577343106269836,9.291497230529785,9.291497230529785,0.9999078512191772,1,0,-6.596530914306641,6.596530914306641,-9.202957153320312e-05,9.202957153320312e-05
ext_dev_real_16377,F:\val to be deleted 2\real\16377.png,0,external_development,external_real,bf87fe150823d8024c7e897f15c49db44ed07454776e9be82411e9b25e718914,original,0.0,0.0,0.0,19.203590393066406,19.203590393066406,1.0,1,0,0.0,0.0,0.0,0.0
ext_dev_real_16377,F:\val to be deleted 2\real\16377.png,0,external_development,external_real,bf87fe150823d8024c7e897f15c49db44ed07454776e9be82411e9b25e718914,png_control,0.0,0.0,0.0,19.203590393066406,19.203590393066406,1.0,1,0,0.0,0.0,0.0,0.0
ext_dev_real_16377,F:\val to be deleted 2\real\16377.png,0,external_development,external_real,bf87fe150823d8024c7e897f15c49db44ed07454776e9be82411e9b25e718914,jpeg95,13.0,0.022847771644592285,0.2091503143310547,19.205059051513672,19.205059051513672,1.0,1,0,0.001468658447265625,0.001468658447265625,0.0,0.0
ext_dev_real_16377,F:\val to be deleted 2\real\16377.png,0,external_development,external_real,bf87fe150823d8024c7e897f15c49db44ed07454776e9be82411e9b25e718914,jpeg75,36.0,0.055878691375255585,0.6274510622024536,15.028595924377441,15.028595924377441,0.9999997615814209,1,0,-4.174994468688965,4.174994468688965,-2.384185791015625e-07,2.384185791015625e-07
ext_dev_fake_20103,F:\val to be deleted 2\fake\20103.png,1,external_development,external_fake,b3d8260ea0a9522ee7ea87cc0a709dc95d3a5da2faf156b0a815909909ef2337,original,0.0,0.0,0.0,18.141796112060547,18.141796112060547,1.0,1,0,0.0,0.0,0.0,0.0
ext_dev_fake_20103,F:\val to be deleted 2\fake\20103.png,1,external_development,external_fake,b3d8260ea0a9522ee7ea87cc0a709dc95d3a5da2faf156b0a815909909ef2337,png_control,0.0,0.0,0.0,18.141796112060547,18.141796112060547,1.0,1,0,0.0,0.0,0.0,0.0
ext_dev_fake_20103,F:\val to be deleted 2\fake\20103.png,1,external_development,external_fake,b3d8260ea0a9522ee7ea87cc0a709dc95d3a5da2faf156b0a815909909ef2337,jpeg95,24.0,0.028207778930664062,0.41830068826675415,18.249561309814453,18.249561309814453,1.0,1,0,0.10776519775390625,0.10776519775390625,0.0,0.0
ext_dev_fake_20103,F:\val to be deleted 2\fake\20103.png,1,external_development,external_fake,b3d8260ea0a9522ee7ea87cc0a709dc95d3a5da2faf156b0a815909909ef2337,jpeg75,43.0,0.055905237793922424,0.736364483833313,13.602591514587402,13.602591514587402,0.9999988079071045,1,0,-4.5392045974731445,4.5392045974731445,-1.1920928955078125e-06,1.1920928955078125e-06
ext_dev_fake_23293,F:\val to be deleted 2\fake\23293.png,1,external_development,external_fake,74aa6b34be6994180cac21a41ac081d3ef104ecf763016f0313fd74026b647ce,original,0.0,0.0,0.0,16.325576782226562,16.325576782226562,0.9999998807907104,1,0,0.0,0.0,0.0,0.0
ext_dev_fake_23293,F:\val to be deleted 2\fake\23293.png,1,external_development,external_fake,74aa6b34be6994180cac21a41ac081d3ef104ecf763016f0313fd74026b647ce,png_control,0.0,0.0,0.0,16.325576782226562,16.325576782226562,0.9999998807907104,1,0,0.0,0.0,0.0,0.0
ext_dev_fake_23293,F:\val to be deleted 2\fake\23293.png,1,external_development,external_fake,74aa6b34be6994180cac21a41ac081d3ef104ecf763016f0313fd74026b647ce,jpeg95,19.0,0.029475517570972443,0.3311546742916107,15.85693073272705,15.85693073272705,0.9999998807907104,1,0,-0.4686460494995117,0.4686460494995117,0.0,0.0
ext_dev_fake_23293,F:\val to be deleted 2\fake\23293.png,1,external_development,external_fake,74aa6b34be6994180cac21a41ac081d3ef104ecf763016f0313fd74026b647ce,jpeg75,48.0,0.0610647015273571,0.8366012573242188,11.9401216506958,11.9401216506958,0.9999934434890747,1,0,-4.385455131530762,4.385455131530762,-6.4373016357421875e-06,6.4373016357421875e-06
ext_dev_fake_20972,F:\val to be deleted 2\fake\20972.png,1,external_development,external_fake,5982c198792e4d0a14870f9b7c9c103ea1de87a30a767dbc84a656658f0e0320,original,0.0,0.0,0.0,11.420079231262207,11.420079231262207,0.9999890327453613,1,0,0.0,0.0,0.0,0.0
ext_dev_fake_20972,F:\val to be deleted 2\fake\20972.png,1,external_development,external_fake,5982c198792e4d0a14870f9b7c9c103ea1de87a30a767dbc84a656658f0e0320,png_control,0.0,0.0,0.0,11.420079231262207,11.420079231262207,0.9999890327453613,1,0,0.0,0.0,0.0,0.0
ext_dev_fake_20972,F:\val to be deleted 2\fake\20972.png,1,external_development,external_fake,5982c198792e4d0a14870f9b7c9c103ea1de87a30a767dbc84a656658f0e0320,jpeg95,15.0,0.02554941736161709,0.26143789291381836,10.593855857849121,10.593855857849121,0.9999749660491943,1,0,-0.8262233734130859,0.8262233734130859,-1.4066696166992188e-05,1.4066696166992188e-05
ext_dev_fake_20972,F:\val to be deleted 2\fake\20972.png,1,external_development,external_fake,5982c198792e4d0a14870f9b7c9c103ea1de87a30a767dbc84a656658f0e0320,jpeg75,41.0,0.04796922206878662,0.7021149396896362,7.1377272605896,7.1377272605896,0.9992061257362366,1,0,-4.282351970672607,4.282351970672607,-0.0007829070091247559,0.0007829070091247559
ext_dev_fake_19068,F:\val to be deleted 2\fake\19068.png,1,external_development,external_fake,45ddca930f5ed1fbcc9e52f259f662d2c5d6491693ed77d8e6741112ef7c3bf1,original,0.0,0.0,0.0,18.258865356445312,18.258865356445312,1.0,1,0,0.0,0.0,0.0,0.0
ext_dev_fake_19068,F:\val to be deleted 2\fake\19068.png,1,external_development,external_fake,45ddca930f5ed1fbcc9e52f259f662d2c5d6491693ed77d8e6741112ef7c3bf1,png_control,0.0,0.0,0.0,18.258865356445312,18.258865356445312,1.0,1,0,0.0,0.0,0.0,0.0
ext_dev_fake_19068,F:\val to be deleted 2\fake\19068.png,1,external_development,external_fake,45ddca930f5ed1fbcc9e52f259f662d2c5d6491693ed77d8e6741112ef7c3bf1,jpeg95,12.0,0.02311156690120697,0.20915046334266663,17.498760223388672,17.498760223388672,1.0,1,0,-0.7601051330566406,0.7601051330566406,0.0,0.0
ext_dev_fake_19068,F:\val to be deleted 2\fake\19068.png,1,external_development,external_fake,45ddca930f5ed1fbcc9e52f259f662d2c5d6491693ed77d8e6741112ef7c3bf1,jpeg75,31.0,0.04674537479877472,0.530867338180542,11.854479789733887,11.854479789733887,0.999992847442627,1,0,-6.404385566711426,6.404385566711426,-7.152557373046875e-06,7.152557373046875e-06
ext_dev_fake_8799,F:\val to be deleted 2\fake\8799.png,1,external_development,external_fake,aee93c8c856f8c66c548fbe3b93e2d71056591a53f24c36685260eef38fff625,original,0.0,0.0,0.0,14.146370887756348,14.146370887756348,0.9999992847442627,1,0,0.0,0.0,0.0,0.0
ext_dev_fake_8799,F:\val to be deleted 2\fake\8799.png,1,external_development,external_fake,aee93c8c856f8c66c548fbe3b93e2d71056591a53f24c36685260eef38fff625,png_control,0.0,0.0,0.0,14.146370887756348,14.146370887756348,0.9999992847442627,1,0,0.0,0.0,0.0,0.0
ext_dev_fake_8799,F:\val to be deleted 2\fake\8799.png,1,external_development,external_fake,aee93c8c856f8c66c548fbe3b93e2d71056591a53f24c36685260eef38fff625,jpeg95,13.0,0.019513020291924477,0.22657950222492218,14.17812442779541,14.17812442779541,0.9999992847442627,1,0,0.0317535400390625,0.0317535400390625,0.0,0.0
ext_dev_fake_8799,F:\val to be deleted 2\fake\8799.png,1,external_development,external_fake,aee93c8c856f8c66c548fbe3b93e2d71056591a53f24c36685260eef38fff625,jpeg75,48.0,0.0372367799282074,0.8366012573242188,11.93932056427002,11.93932056427002,0.9999934434890747,1,0,-2.207050323486328,2.207050323486328,-5.841255187988281e-06,5.841255187988281e-06
ext_dev_fake_27857,F:\val to be deleted 2\fake\27857.png,1,external_development,external_fake,22ccf749818f6a84d1266b1c5c4a43688439b2441900b381f4012cedadc7191a,original,0.0,0.0,0.0,17.957183837890625,17.957183837890625,1.0,1,0,0.0,0.0,0.0,0.0
ext_dev_fake_27857,F:\val to be deleted 2\fake\27857.png,1,external_development,external_fake,22ccf749818f6a84d1266b1c5c4a43688439b2441900b381f4012cedadc7191a,png_control,0.0,0.0,0.0,17.957183837890625,17.957183837890625,1.0,1,0,0.0,0.0,0.0,0.0
ext_dev_fake_27857,F:\val to be deleted 2\fake\27857.png,1,external_development,external_fake,22ccf749818f6a84d1266b1c5c4a43688439b2441900b381f4012cedadc7191a,jpeg95,12.0,0.02229151874780655,0.2091503143310547,17.69309425354004,17.69309425354004,1.0,1,0,-0.26408958435058594,0.26408958435058594,0.0,0.0
ext_dev_fake_27857,F:\val to be deleted 2\fake\27857.png,1,external_development,external_fake,22ccf749818f6a84d1266b1c5c4a43688439b2441900b381f4012cedadc7191a,jpeg75,28.0,0.04019179940223694,0.4794931411743164,12.427720069885254,12.427720069885254,0.9999959468841553,1,0,-5.529463768005371,5.529463768005371,-4.0531158447265625e-06,4.0531158447265625e-06
ext_dev_fake_3080,F:\val to be deleted 2\fake\3080.png,1,external_development,external_fake,2ace3d4ee8c18751583064bf1310e678275ef1303552f26a9639a63df728529f,original,0.0,0.0,0.0,13.59201717376709,13.59201717376709,0.9999988079071045,1,0,0.0,0.0,0.0,0.0
ext_dev_fake_3080,F:\val to be deleted 2\fake\3080.png,1,external_development,external_fake,2ace3d4ee8c18751583064bf1310e678275ef1303552f26a9639a63df728529f,png_control,0.0,0.0,0.0,13.59201717376709,13.59201717376709,0.9999988079071045,1,0,0.0,0.0,0.0,0.0
ext_dev_fake_3080,F:\val to be deleted 2\fake\3080.png,1,external_development,external_fake,2ace3d4ee8c18751583064bf1310e678275ef1303552f26a9639a63df728529f,jpeg95,17.0,0.017950216308236122,0.29629629850387573,12.931551933288574,12.931551933288574,0.999997615814209,1,0,-0.6604652404785156,0.6604652404785156,-1.1920928955078125e-06,1.1920928955078125e-06
ext_dev_fake_3080,F:\val to be deleted 2\fake\3080.png,1,external_development,external_fake,2ace3d4ee8c18751583064bf1310e678275ef1303552f26a9639a63df728529f,jpeg75,40.0,0.03183848038315773,0.697167694568634,10.528618812561035,10.528618812561035,0.9999732971191406,1,0,-3.0633983612060547,3.0633983612060547,-2.5510787963867188e-05,2.5510787963867188e-05
ext_dev_fake_2570,F:\val to be deleted 2\fake\2570.png,1,external_development,external_fake,dfe03ee8deeebab7d5dbf6796eb17f819bdca1642c318a226db2b36ba34e5364,original,0.0,0.0,0.0,17.26719856262207,17.26719856262207,1.0,1,0,0.0,0.0,0.0,0.0
ext_dev_fake_2570,F:\val to be deleted 2\fake\2570.png,1,external_development,external_fake,dfe03ee8deeebab7d5dbf6796eb17f819bdca1642c318a226db2b36ba34e5364,png_control,0.0,0.0,0.0,17.26719856262207,17.26719856262207,1.0,1,0,0.0,0.0,0.0,0.0
ext_dev_fake_2570,F:\val to be deleted 2\fake\2570.png,1,external_development,external_fake,dfe03ee8deeebab7d5dbf6796eb17f819bdca1642c318a226db2b36ba34e5364,jpeg95,16.0,0.02387419156730175,0.27886709570884705,17.14753532409668,17.14753532409668,1.0,1,0,-0.11966323852539062,0.11966323852539062,0.0,0.0
ext_dev_fake_2570,F:\val to be deleted 2\fake\2570.png,1,external_development,external_fake,dfe03ee8deeebab7d5dbf6796eb17f819bdca1642c318a226db2b36ba34e5364,jpeg75,40.0,0.04493757709860802,0.6971678733825684,14.326254844665527,14.326254844665527,0.9999994039535522,1,0,-2.940943717956543,2.940943717956543,-5.960464477539062e-07,5.960464477539062e-07
ext_dev_fake_17592,F:\val to be deleted 2\fake\17592.png,1,external_development,external_fake,322830a7f15093ab4a9756fa5f424ec11ef001498ea42a41a609f0b6b0ce3deb,original,0.0,0.0,0.0,17.53553009033203,17.53553009033203,1.0,1,0,0.0,0.0,0.0,0.0
ext_dev_fake_17592,F:\val to be deleted 2\fake\17592.png,1,external_development,external_fake,322830a7f15093ab4a9756fa5f424ec11ef001498ea42a41a609f0b6b0ce3deb,png_control,0.0,0.0,0.0,17.53553009033203,17.53553009033203,1.0,1,0,0.0,0.0,0.0,0.0
ext_dev_fake_17592,F:\val to be deleted 2\fake\17592.png,1,external_development,external_fake,322830a7f15093ab4a9756fa5f424ec11ef001498ea42a41a609f0b6b0ce3deb,jpeg95,12.0,0.01787847839295864,0.1917211413383484,17.05846405029297,17.05846405029297,1.0,1,0,-0.4770660400390625,0.4770660400390625,0.0,0.0
ext_dev_fake_17592,F:\val to be deleted 2\fake\17592.png,1,external_development,external_fake,322830a7f15093ab4a9756fa5f424ec11ef001498ea42a41a609f0b6b0ce3deb,jpeg75,40.0,0.03219980746507645,0.6971678137779236,13.744589805603027,13.744589805603027,0.999998927116394,1,0,-3.790940284729004,3.790940284729004,-1.0728836059570312e-06,1.0728836059570312e-06
ext_dev_fake_29146,F:\val to be deleted 2\fake\29146.png,1,external_development,external_fake,5192e7ed0a6779b10bc2f7d7a1b07bcf3d3d777fdd661c0b42fa0adba213ac87,original,0.0,0.0,0.0,15.867805480957031,15.867805480957031,0.9999998807907104,1,0,0.0,0.0,0.0,0.0
ext_dev_fake_29146,F:\val to be deleted 2\fake\29146.png,1,external_development,external_fake,5192e7ed0a6779b10bc2f7d7a1b07bcf3d3d777fdd661c0b42fa0adba213ac87,png_control,0.0,0.0,0.0,15.867805480957031,15.867805480957031,0.9999998807907104,1,0,0.0,0.0,0.0,0.0
ext_dev_fake_29146,F:\val to be deleted 2\fake\29146.png,1,external_development,external_fake,5192e7ed0a6779b10bc2f7d7a1b07bcf3d3d777fdd661c0b42fa0adba213ac87,jpeg95,20.0,0.024962756782770157,0.3485836982727051,15.286656379699707,15.286656379699707,0.9999997615814209,1,0,-0.5811491012573242,0.5811491012573242,-1.1920928955078125e-07,1.1920928955078125e-07
ext_dev_fake_29146,F:\val to be deleted 2\fake\29146.png,1,external_development,external_fake,5192e7ed0a6779b10bc2f7d7a1b07bcf3d3d777fdd661c0b42fa0adba213ac87,jpeg75,58.0,0.042740561068058014,1.0108929872512817,10.034381866455078,10.034381866455078,0.9999561309814453,1,0,-5.833423614501953,5.833423614501953,-4.374980926513672e-05,4.374980926513672e-05
ext_dev_fake_9601,F:\val to be deleted 2\fake\9601.png,1,external_development,external_fake,6954f79d475e4b0adedb2ad7d059d31759d9493847b1967922147aa85511b260,original,0.0,0.0,0.0,15.7908353805542,15.7908353805542,0.9999998807907104,1,0,0.0,0.0,0.0,0.0
ext_dev_fake_9601,F:\val to be deleted 2\fake\9601.png,1,external_development,external_fake,6954f79d475e4b0adedb2ad7d059d31759d9493847b1967922147aa85511b260,png_control,0.0,0.0,0.0,15.7908353805542,15.7908353805542,0.9999998807907104,1,0,0.0,0.0,0.0,0.0
ext_dev_fake_9601,F:\val to be deleted 2\fake\9601.png,1,external_development,external_fake,6954f79d475e4b0adedb2ad7d059d31759d9493847b1967922147aa85511b260,jpeg95,15.0,0.02628297545015812,0.2265796661376953,14.981526374816895,14.981526374816895,0.9999996423721313,1,0,-0.8093090057373047,0.8093090057373047,-2.384185791015625e-07,2.384185791015625e-07
ext_dev_fake_9601,F:\val to be deleted 2\fake\9601.png,1,external_development,external_fake,6954f79d475e4b0adedb2ad7d059d31759d9493847b1967922147aa85511b260,jpeg75,50.0,0.04376101493835449,0.8714598417282104,10.616223335266113,10.616223335266113,0.9999754428863525,1,0,-5.174612045288086,5.174612045288086,-2.4437904357910156e-05,2.4437904357910156e-05
ext_dev_fake_5590,F:\val to be deleted 2\fake\5590.png,1,external_development,external_fake,2b18b8bc60893164d3fdcf2cb361f3ff01a6f6f5367168b6e6524e8b9ad86d17,original,0.0,0.0,0.0,21.183406829833984,21.183406829833984,1.0,1,0,0.0,0.0,0.0,0.0
ext_dev_fake_5590,F:\val to be deleted 2\fake\5590.png,1,external_development,external_fake,2b18b8bc60893164d3fdcf2cb361f3ff01a6f6f5367168b6e6524e8b9ad86d17,png_control,0.0,0.0,0.0,21.183406829833984,21.183406829833984,1.0,1,0,0.0,0.0,0.0,0.0
ext_dev_fake_5590,F:\val to be deleted 2\fake\5590.png,1,external_development,external_fake,2b18b8bc60893164d3fdcf2cb361f3ff01a6f6f5367168b6e6524e8b9ad86d17,jpeg95,17.0,0.03007553704082966,0.2962961196899414,21.143436431884766,21.143436431884766,1.0,1,0,-0.03997039794921875,0.03997039794921875,0.0,0.0
ext_dev_fake_5590,F:\val to be deleted 2\fake\5590.png,1,external_development,external_fake,2b18b8bc60893164d3fdcf2cb361f3ff01a6f6f5367168b6e6524e8b9ad86d17,jpeg75,45.0,0.06652780622243881,0.7843137979507446,17.552490234375,17.552490234375,1.0,1,0,-3.6309165954589844,3.6309165954589844,0.0,0.0
ext_dev_fake_6105,F:\val to be deleted 2\fake\6105.png,1,external_development,external_fake,2deea4becf4c5ee6d816846ca1e19d0dcbe756a9f79abe5aa4242e364c046aa3,original,0.0,0.0,0.0,16.167383193969727,16.167383193969727,0.9999998807907104,1,0,0.0,0.0,0.0,0.0
ext_dev_fake_6105,F:\val to be deleted 2\fake\6105.png,1,external_development,external_fake,2deea4becf4c5ee6d816846ca1e19d0dcbe756a9f79abe5aa4242e364c046aa3,png_control,0.0,0.0,0.0,16.167383193969727,16.167383193969727,0.9999998807907104,1,0,0.0,0.0,0.0,0.0
ext_dev_fake_6105,F:\val to be deleted 2\fake\6105.png,1,external_development,external_fake,2deea4becf4c5ee6d816846ca1e19d0dcbe756a9f79abe5aa4242e364c046aa3,jpeg95,21.0,0.027077334001660347,0.3660128116607666,15.34644889831543,15.34644889831543,0.9999997615814209,1,0,-0.8209342956542969,0.8209342956542969,-1.1920928955078125e-07,1.1920928955078125e-07
ext_dev_fake_6105,F:\val to be deleted 2\fake\6105.png,1,external_development,external_fake,2deea4becf4c5ee6d816846ca1e19d0dcbe756a9f79abe5aa4242e364c046aa3,jpeg75,48.0,0.05874064192175865,0.8366013765335083,11.078057289123535,11.078057289123535,0.9999845027923584,1,0,-5.089325904846191,5.089325904846191,-1.537799835205078e-05,1.537799835205078e-05
ext_dev_fake_11847,F:\val to be deleted 2\fake\11847.png,1,external_development,external_fake,b05bfec3ed775849bdee23dfcc44f034ce2ca02fad6e1350ec1798a83cbd3897,original,0.0,0.0,0.0,19.536317825317383,19.536317825317383,1.0,1,0,0.0,0.0,0.0,0.0
ext_dev_fake_11847,F:\val to be deleted 2\fake\11847.png,1,external_development,external_fake,b05bfec3ed775849bdee23dfcc44f034ce2ca02fad6e1350ec1798a83cbd3897,png_control,0.0,0.0,0.0,19.536317825317383,19.536317825317383,1.0,1,0,0.0,0.0,0.0,0.0
ext_dev_fake_11847,F:\val to be deleted 2\fake\11847.png,1,external_development,external_fake,b05bfec3ed775849bdee23dfcc44f034ce2ca02fad6e1350ec1798a83cbd3897,jpeg95,19.0,0.0285070538520813,0.2568712532520294,18.482030868530273,18.482030868530273,1.0,1,0,-1.0542869567871094,1.0542869567871094,0.0,0.0
ext_dev_fake_11847,F:\val to be deleted 2\fake\11847.png,1,external_development,external_fake,b05bfec3ed775849bdee23dfcc44f034ce2ca02fad6e1350ec1798a83cbd3897,jpeg75,40.0,0.054661594331264496,0.6849902272224426,14.283102989196777,14.283102989196777,0.9999994039535522,1,0,-5.2532148361206055,5.2532148361206055,-5.960464477539062e-07,5.960464477539062e-07
ext_dev_fake_7779,F:\val to be deleted 2\fake\7779.png,1,external_development,external_fake,416918792b59dacec4e15fc14ccbecefad8c1e79089acaf4654c0ac0adff0145,original,0.0,0.0,0.0,17.700546264648438,17.700546264648438,1.0,1,0,0.0,0.0,0.0,0.0
ext_dev_fake_7779,F:\val to be deleted 2\fake\7779.png,1,external_development,external_fake,416918792b59dacec4e15fc14ccbecefad8c1e79089acaf4654c0ac0adff0145,png_control,0.0,0.0,0.0,17.700546264648438,17.700546264648438,1.0,1,0,0.0,0.0,0.0,0.0
ext_dev_fake_7779,F:\val to be deleted 2\fake\7779.png,1,external_development,external_fake,416918792b59dacec4e15fc14ccbecefad8c1e79089acaf4654c0ac0adff0145,jpeg95,17.0,0.02057824097573757,0.29629629850387573,17.06930160522461,17.06930160522461,1.0,1,0,-0.6312446594238281,0.6312446594238281,0.0,0.0
ext_dev_fake_7779,F:\val to be deleted 2\fake\7779.png,1,external_development,external_fake,416918792b59dacec4e15fc14ccbecefad8c1e79089acaf4654c0ac0adff0145,jpeg75,39.0,0.03877975791692734,0.6797387003898621,14.546025276184082,14.546025276184082,0.9999995231628418,1,0,-3.1545209884643555,3.1545209884643555,-4.76837158203125e-07,4.76837158203125e-07
ext_dev_fake_11182,F:\val to be deleted 2\fake\11182.png,1,external_development,external_fake,9ad1a104339a3afaba9f1b2ff815e26739dac827716d65ac08a0c116d952968e,original,0.0,0.0,0.0,13.0203857421875,13.0203857421875,0.9999977350234985,1,0,0.0,0.0,0.0,0.0
ext_dev_fake_11182,F:\val to be deleted 2\fake\11182.png,1,external_development,external_fake,9ad1a104339a3afaba9f1b2ff815e26739dac827716d65ac08a0c116d952968e,png_control,0.0,0.0,0.0,13.0203857421875,13.0203857421875,0.9999977350234985,1,0,0.0,0.0,0.0,0.0
ext_dev_fake_11182,F:\val to be deleted 2\fake\11182.png,1,external_development,external_fake,9ad1a104339a3afaba9f1b2ff815e26739dac827716d65ac08a0c116d952968e,jpeg95,24.0,0.017902079969644547,0.4183006286621094,11.123915672302246,11.123915672302246,0.9999852180480957,1,0,-1.896470069885254,1.896470069885254,-1.2516975402832031e-05,1.2516975402832031e-05
ext_dev_fake_11182,F:\val to be deleted 2\fake\11182.png,1,external_development,external_fake,9ad1a104339a3afaba9f1b2ff815e26739dac827716d65ac08a0c116d952968e,jpeg75,59.0,0.02906232886016369,1.0283225774765015,7.592439651489258,7.592439651489258,0.9994959831237793,1,0,-5.427946090698242,5.427946090698242,-0.0005017518997192383,0.0005017518997192383
ext_dev_fake_6187,F:\val to be deleted 2\fake\6187.png,1,external_development,external_fake,96b580cf4fb813e4a275b0a22892b69f7c84deaf261f1147f2cd6a1ce9df75da,original,0.0,0.0,0.0,19.385122299194336,19.385122299194336,1.0,1,0,0.0,0.0,0.0,0.0
ext_dev_fake_6187,F:\val to be deleted 2\fake\6187.png,1,external_development,external_fake,96b580cf4fb813e4a275b0a22892b69f7c84deaf261f1147f2cd6a1ce9df75da,png_control,0.0,0.0,0.0,19.385122299194336,19.385122299194336,1.0,1,0,0.0,0.0,0.0,0.0
ext_dev_fake_6187,F:\val to be deleted 2\fake\6187.png,1,external_development,external_fake,96b580cf4fb813e4a275b0a22892b69f7c84deaf261f1147f2cd6a1ce9df75da,jpeg95,18.0,0.018426720052957535,0.31372547149658203,18.747575759887695,18.747575759887695,1.0,1,0,-0.6375465393066406,0.6375465393066406,0.0,0.0
ext_dev_fake_6187,F:\val to be deleted 2\fake\6187.png,1,external_development,external_fake,96b580cf4fb813e4a275b0a22892b69f7c84deaf261f1147f2cd6a1ce9df75da,jpeg75,39.0,0.03710326924920082,0.6797386407852173,14.261139869689941,14.261139869689941,0.9999994039535522,1,0,-5.1239824295043945,5.1239824295043945,-5.960464477539062e-07,5.960464477539062e-07
ext_dev_fake_21185,F:\val to be deleted 2\fake\21185.png,1,external_development,external_fake,fb12bd5fe82cf9c129a1dc867c1eda6bdd91d17a891ff1acd9f0f38e94d4b4ea,original,0.0,0.0,0.0,17.057754516601562,17.057754516601562,1.0,1,0,0.0,0.0,0.0,0.0
ext_dev_fake_21185,F:\val to be deleted 2\fake\21185.png,1,external_development,external_fake,fb12bd5fe82cf9c129a1dc867c1eda6bdd91d17a891ff1acd9f0f38e94d4b4ea,png_control,0.0,0.0,0.0,17.057754516601562,17.057754516601562,1.0,1,0,0.0,0.0,0.0,0.0
ext_dev_fake_21185,F:\val to be deleted 2\fake\21185.png,1,external_development,external_fake,fb12bd5fe82cf9c129a1dc867c1eda6bdd91d17a891ff1acd9f0f38e94d4b4ea,jpeg95,14.0,0.02206902578473091,0.24400882422924042,15.984317779541016,15.984317779541016,0.9999998807907104,1,0,-1.0734367370605469,1.0734367370605469,-1.1920928955078125e-07,1.1920928955078125e-07
ext_dev_fake_21185,F:\val to be deleted 2\fake\21185.png,1,external_development,external_fake,fb12bd5fe82cf9c129a1dc867c1eda6bdd91d17a891ff1acd9f0f38e94d4b4ea,jpeg75,38.0,0.04214531555771828,0.5993664264678955,11.139647483825684,11.139647483825684,0.9999854564666748,1,0,-5.918107032775879,5.918107032775879,-1.4543533325195312e-05,1.4543533325195312e-05
ext_dev_fake_8991,F:\val to be deleted 2\fake\8991.png,1,external_development,external_fake,adcc7c93c26ec565513fb3560eb0889eb5f42fe14d36d9df37dd4688e213f481,original,0.0,0.0,0.0,18.16545867919922,18.16545867919922,1.0,1,0,0.0,0.0,0.0,0.0
ext_dev_fake_8991,F:\val to be deleted 2\fake\8991.png,1,external_development,external_fake,adcc7c93c26ec565513fb3560eb0889eb5f42fe14d36d9df37dd4688e213f481,png_control,0.0,0.0,0.0,18.16545867919922,18.16545867919922,1.0,1,0,0.0,0.0,0.0,0.0
ext_dev_fake_8991,F:\val to be deleted 2\fake\8991.png,1,external_development,external_fake,adcc7c93c26ec565513fb3560eb0889eb5f42fe14d36d9df37dd4688e213f481,jpeg95,15.0,0.027008134871721268,0.26143789291381836,17.774524688720703,17.774524688720703,1.0,1,0,-0.3909339904785156,0.3909339904785156,0.0,0.0
ext_dev_fake_8991,F:\val to be deleted 2\fake\8991.png,1,external_development,external_fake,adcc7c93c26ec565513fb3560eb0889eb5f42fe14d36d9df37dd4688e213f481,jpeg75,43.0,0.04908038303256035,0.7494552731513977,13.970901489257812,13.970901489257812,0.9999991655349731,1,0,-4.194557189941406,4.194557189941406,-8.344650268554688e-07,8.344650268554688e-07
ext_dev_fake_11996,F:\val to be deleted 2\fake\11996.png,1,external_development,external_fake,72c19f5db0873d35c8f9029134dcbe95c546a5470d21a54b4ac2a6c3df979510,original,0.0,0.0,0.0,15.622002601623535,15.622002601623535,0.9999998807907104,1,0,0.0,0.0,0.0,0.0
ext_dev_fake_11996,F:\val to be deleted 2\fake\11996.png,1,external_development,external_fake,72c19f5db0873d35c8f9029134dcbe95c546a5470d21a54b4ac2a6c3df979510,png_control,0.0,0.0,0.0,15.622002601623535,15.622002601623535,0.9999998807907104,1,0,0.0,0.0,0.0,0.0
ext_dev_fake_11996,F:\val to be deleted 2\fake\11996.png,1,external_development,external_fake,72c19f5db0873d35c8f9029134dcbe95c546a5470d21a54b4ac2a6c3df979510,jpeg95,15.0,0.020077774301171303,0.26143789291381836,15.216646194458008,15.216646194458008,0.9999997615814209,1,0,-0.40535640716552734,0.40535640716552734,-1.1920928955078125e-07,1.1920928955078125e-07
ext_dev_fake_11996,F:\val to be deleted 2\fake\11996.png,1,external_development,external_fake,72c19f5db0873d35c8f9029134dcbe95c546a5470d21a54b4ac2a6c3df979510,jpeg75,52.0,0.03654804825782776,0.906318187713623,10.002188682556152,10.002188682556152,0.9999547004699707,1,0,-5.619813919067383,5.619813919067383,-4.5180320739746094e-05,4.5180320739746094e-05
ext_dev_fake_16406,F:\val to be deleted 2\fake\16406.png,1,external_development,external_fake,2d638d54b37073c887d211db28d66650350f1b571bb6cdca5d7cc23e4ac9a4af,original,0.0,0.0,0.0,17.827035903930664,17.827035903930664,1.0,1,0,0.0,0.0,0.0,0.0
ext_dev_fake_16406,F:\val to be deleted 2\fake\16406.png,1,external_development,external_fake,2d638d54b37073c887d211db28d66650350f1b571bb6cdca5d7cc23e4ac9a4af,png_control,0.0,0.0,0.0,17.827035903930664,17.827035903930664,1.0,1,0,0.0,0.0,0.0,0.0
ext_dev_fake_16406,F:\val to be deleted 2\fake\16406.png,1,external_development,external_fake,2d638d54b37073c887d211db28d66650350f1b571bb6cdca5d7cc23e4ac9a4af,jpeg95,13.0,0.0254872664809227,0.22657950222492218,17.321887969970703,17.321887969970703,1.0,1,0,-0.5051479339599609,0.5051479339599609,0.0,0.0
ext_dev_fake_16406,F:\val to be deleted 2\fake\16406.png,1,external_development,external_fake,2d638d54b37073c887d211db28d66650350f1b571bb6cdca5d7cc23e4ac9a4af,jpeg75,37.0,0.049696046859025955,0.6448801755905151,11.411260604858398,11.411260604858398,0.9999889135360718,1,0,-6.415775299072266,6.415775299072266,-1.1086463928222656e-05,1.1086463928222656e-05
ext_dev_fake_2737,F:\val to be deleted 2\fake\2737.png,1,external_development,external_fake,e19dca3b48a8e108962b4f924522e9b0009bd6a6da3b23c89f17afd7a1e70050,original,0.0,0.0,0.0,10.368672370910645,10.368672370910645,0.9999686479568481,1,0,0.0,0.0,0.0,0.0
ext_dev_fake_2737,F:\val to be deleted 2\fake\2737.png,1,external_development,external_fake,e19dca3b48a8e108962b4f924522e9b0009bd6a6da3b23c89f17afd7a1e70050,png_control,0.0,0.0,0.0,10.368672370910645,10.368672370910645,0.9999686479568481,1,0,0.0,0.0,0.0,0.0
ext_dev_fake_2737,F:\val to be deleted 2\fake\2737.png,1,external_development,external_fake,e19dca3b48a8e108962b4f924522e9b0009bd6a6da3b23c89f17afd7a1e70050,jpeg95,12.0,0.01745200902223587,0.2091503143310547,10.440178871154785,10.440178871154785,0.9999707937240601,1,0,0.07150650024414062,0.07150650024414062,2.1457672119140625e-06,2.1457672119140625e-06
ext_dev_fake_2737,F:\val to be deleted 2\fake\2737.png,1,external_development,external_fake,e19dca3b48a8e108962b4f924522e9b0009bd6a6da3b23c89f17afd7a1e70050,jpeg75,51.0,0.030817311257123947,0.888888955116272,7.498332977294922,7.498332977294922,0.9994463324546814,1,0,-2.8703393936157227,2.8703393936157227,-0.000522315502166748,0.000522315502166748
ext_dev_fake_4117,F:\val to be deleted 2\fake\4117.png,1,external_development,external_fake,e994ca995a1198781692c353c368e2b870b64b02cf0a40246d8a4fce2ed04314,original,0.0,0.0,0.0,16.517553329467773,16.517553329467773,0.9999998807907104,1,0,0.0,0.0,0.0,0.0
ext_dev_fake_4117,F:\val to be deleted 2\fake\4117.png,1,external_development,external_fake,e994ca995a1198781692c353c368e2b870b64b02cf0a40246d8a4fce2ed04314,png_control,0.0,0.0,0.0,16.517553329467773,16.517553329467773,0.9999998807907104,1,0,0.0,0.0,0.0,0.0
ext_dev_fake_4117,F:\val to be deleted 2\fake\4117.png,1,external_development,external_fake,e994ca995a1198781692c353c368e2b870b64b02cf0a40246d8a4fce2ed04314,jpeg95,17.0,0.026613358408212662,0.2962963581085205,16.6019229888916,16.6019229888916,0.9999998807907104,1,0,0.08436965942382812,0.08436965942382812,0.0,0.0
ext_dev_fake_4117,F:\val to be deleted 2\fake\4117.png,1,external_development,external_fake,e994ca995a1198781692c353c368e2b870b64b02cf0a40246d8a4fce2ed04314,jpeg75,58.0,0.0511435940861702,1.0108932256698608,14.225455284118652,14.225455284118652,0.9999992847442627,1,0,-2.292098045349121,2.292098045349121,-5.960464477539062e-07,5.960464477539062e-07
ext_dev_fake_7376,F:\val to be deleted 2\fake\7376.png,1,external_development,external_fake,6d42621abba9d93ee3f961ae980ca19cc78a9e7bf209037558816064bb9d1d4b,original,0.0,0.0,0.0,18.701263427734375,18.701263427734375,1.0,1,0,0.0,0.0,0.0,0.0
ext_dev_fake_7376,F:\val to be deleted 2\fake\7376.png,1,external_development,external_fake,6d42621abba9d93ee3f961ae980ca19cc78a9e7bf209037558816064bb9d1d4b,png_control,0.0,0.0,0.0,18.701263427734375,18.701263427734375,1.0,1,0,0.0,0.0,0.0,0.0
ext_dev_fake_7376,F:\val to be deleted 2\fake\7376.png,1,external_development,external_fake,6d42621abba9d93ee3f961ae980ca19cc78a9e7bf209037558816064bb9d1d4b,jpeg95,20.0,0.01976798102259636,0.34858399629592896,17.932594299316406,17.932594299316406,1.0,1,0,-0.7686691284179688,0.7686691284179688,0.0,0.0
ext_dev_fake_7376,F:\val to be deleted 2\fake\7376.png,1,external_development,external_fake,6d42621abba9d93ee3f961ae980ca19cc78a9e7bf209037558816064bb9d1d4b,jpeg75,46.0,0.035998258739709854,0.8017431497573853,14.237141609191895,14.237141609191895,0.9999992847442627,1,0,-4.4641218185424805,4.4641218185424805,-7.152557373046875e-07,7.152557373046875e-07
ext_dev_fake_24086,F:\val to be deleted 2\fake\24086.png,1,external_development,external_fake,99b51d4776e32e62abb277c71d3ea3f3c3039bec88beb7262218b7c37bd1df0d,original,0.0,0.0,0.0,14.584155082702637,14.584155082702637,0.9999995231628418,1,0,0.0,0.0,0.0,0.0
ext_dev_fake_24086,F:\val to be deleted 2\fake\24086.png,1,external_development,external_fake,99b51d4776e32e62abb277c71d3ea3f3c3039bec88beb7262218b7c37bd1df0d,png_control,0.0,0.0,0.0,14.584155082702637,14.584155082702637,0.9999995231628418,1,0,0.0,0.0,0.0,0.0
ext_dev_fake_24086,F:\val to be deleted 2\fake\24086.png,1,external_development,external_fake,99b51d4776e32e62abb277c71d3ea3f3c3039bec88beb7262218b7c37bd1df0d,jpeg95,15.0,0.027981411665678024,0.2614379823207855,13.557148933410645,13.557148933410645,0.9999986886978149,1,0,-1.0270061492919922,1.0270061492919922,-8.344650268554688e-07,8.344650268554688e-07
ext_dev_fake_24086,F:\val to be deleted 2\fake\24086.png,1,external_development,external_fake,99b51d4776e32e62abb277c71d3ea3f3c3039bec88beb7262218b7c37bd1df0d,jpeg75,38.0,0.05170110613107681,0.6507408022880554,8.085159301757812,8.085159301757812,0.9996920824050903,1,0,-6.498995780944824,6.498995780944824,-0.00030744075775146484,0.00030744075775146484
ext_dev_fake_4038,F:\val to be deleted 2\fake\4038.png,1,external_development,external_fake,4c0f2f10516d1b1eb7ed800f873b1a434b734f956486fa98fb10168ecde8a124,original,0.0,0.0,0.0,20.72201156616211,20.72201156616211,1.0,1,0,0.0,0.0,0.0,0.0
ext_dev_fake_4038,F:\val to be deleted 2\fake\4038.png,1,external_development,external_fake,4c0f2f10516d1b1eb7ed800f873b1a434b734f956486fa98fb10168ecde8a124,png_control,0.0,0.0,0.0,20.72201156616211,20.72201156616211,1.0,1,0,0.0,0.0,0.0,0.0
ext_dev_fake_4038,F:\val to be deleted 2\fake\4038.png,1,external_development,external_fake,4c0f2f10516d1b1eb7ed800f873b1a434b734f956486fa98fb10168ecde8a124,jpeg95,21.0,0.025972962379455566,0.20549702644348145,20.190380096435547,20.190380096435547,1.0,1,0,-0.5316314697265625,0.5316314697265625,0.0,0.0
ext_dev_fake_4038,F:\val to be deleted 2\fake\4038.png,1,external_development,external_fake,4c0f2f10516d1b1eb7ed800f873b1a434b734f956486fa98fb10168ecde8a124,jpeg75,46.0,0.05192108452320099,0.5751634240150452,16.79558563232422,16.79558563232422,1.0,1,0,-3.9264259338378906,3.9264259338378906,0.0,0.0
ext_dev_fake_945,F:\val to be deleted 2\fake\945.png,1,external_development,external_fake,e05e505e6971615c83d24ef153911b319eaa511bb594047c4912782fe34f6c95,original,0.0,0.0,0.0,5.271515369415283,5.271515369415283,0.9948904514312744,1,0,0.0,0.0,0.0,0.0
ext_dev_fake_945,F:\val to be deleted 2\fake\945.png,1,external_development,external_fake,e05e505e6971615c83d24ef153911b319eaa511bb594047c4912782fe34f6c95,png_control,0.0,0.0,0.0,5.271515369415283,5.271515369415283,0.9948904514312744,1,0,0.0,0.0,0.0,0.0
ext_dev_fake_945,F:\val to be deleted 2\fake\945.png,1,external_development,external_fake,e05e505e6971615c83d24ef153911b319eaa511bb594047c4912782fe34f6c95,jpeg95,14.0,0.015569332987070084,0.17429208755493164,5.678127765655518,5.678127765655518,0.9965916872024536,1,0,0.4066123962402344,0.4066123962402344,0.0017012357711791992,0.0017012357711791992
ext_dev_fake_945,F:\val to be deleted 2\fake\945.png,1,external_development,external_fake,e05e505e6971615c83d24ef153911b319eaa511bb594047c4912782fe34f6c95,jpeg75,41.0,0.02756393514573574,0.7145970463752747,2.48366379737854,2.48366379737854,0.9229886531829834,1,0,-2.787851572036743,2.787851572036743,-0.07190179824829102,0.07190179824829102
ext_dev_fake_14889,F:\val to be deleted 2\fake\14889.png,1,external_development,external_fake,5ab887830e553088fdaf4599f980fc25b1a86c1d146ce0d6bebf3186355183e9,original,0.0,0.0,0.0,17.70916175842285,17.70916175842285,1.0,1,0,0.0,0.0,0.0,0.0
ext_dev_fake_14889,F:\val to be deleted 2\fake\14889.png,1,external_development,external_fake,5ab887830e553088fdaf4599f980fc25b1a86c1d146ce0d6bebf3186355183e9,png_control,0.0,0.0,0.0,17.70916175842285,17.70916175842285,1.0,1,0,0.0,0.0,0.0,0.0
ext_dev_fake_14889,F:\val to be deleted 2\fake\14889.png,1,external_development,external_fake,5ab887830e553088fdaf4599f980fc25b1a86c1d146ce0d6bebf3186355183e9,jpeg95,17.0,0.03127269819378853,0.2962963581085205,17.00994110107422,17.00994110107422,1.0,1,0,-0.6992206573486328,0.6992206573486328,0.0,0.0
ext_dev_fake_14889,F:\val to be deleted 2\fake\14889.png,1,external_development,external_fake,5ab887830e553088fdaf4599f980fc25b1a86c1d146ce0d6bebf3186355183e9,jpeg75,42.0,0.07568314671516418,0.7320261001586914,13.64588451385498,13.64588451385498,0.9999988079071045,1,0,-4.063277244567871,4.063277244567871,-1.1920928955078125e-06,1.1920928955078125e-06
ext_dev_fake_18584,F:\val to be deleted 2\fake\18584.png,1,external_development,external_fake,9d9d9492d76121db60f038cd67d5cab9facaae69034635fa19ce0a9dfb9ade26,original,0.0,0.0,0.0,18.850128173828125,18.850128173828125,1.0,1,0,0.0,0.0,0.0,0.0
ext_dev_fake_18584,F:\val to be deleted 2\fake\18584.png,1,external_development,external_fake,9d9d9492d76121db60f038cd67d5cab9facaae69034635fa19ce0a9dfb9ade26,png_control,0.0,0.0,0.0,18.850128173828125,18.850128173828125,1.0,1,0,0.0,0.0,0.0,0.0
ext_dev_fake_18584,F:\val to be deleted 2\fake\18584.png,1,external_development,external_fake,9d9d9492d76121db60f038cd67d5cab9facaae69034635fa19ce0a9dfb9ade26,jpeg95,17.0,0.028332188725471497,0.29629623889923096,18.203182220458984,18.203182220458984,1.0,1,0,-0.6469459533691406,0.6469459533691406,0.0,0.0
ext_dev_fake_18584,F:\val to be deleted 2\fake\18584.png,1,external_development,external_fake,9d9d9492d76121db60f038cd67d5cab9facaae69034635fa19ce0a9dfb9ade26,jpeg75,35.0,0.05479061231017113,0.5925925970077515,13.770881652832031,13.770881652832031,0.999998927116394,1,0,-5.079246520996094,5.079246520996094,-1.0728836059570312e-06,1.0728836059570312e-06
ext_dev_fake_1426,F:\val to be deleted 2\fake\1426.png,1,external_development,external_fake,ca09c4286986a6b8fd22face01aab9f25559ebe5d6cbafca1a9cad18b1efe38a,original,0.0,0.0,0.0,19.939373016357422,19.939373016357422,1.0,1,0,0.0,0.0,0.0,0.0
ext_dev_fake_1426,F:\val to be deleted 2\fake\1426.png,1,external_development,external_fake,ca09c4286986a6b8fd22face01aab9f25559ebe5d6cbafca1a9cad18b1efe38a,png_control,0.0,0.0,0.0,19.939373016357422,19.939373016357422,1.0,1,0,0.0,0.0,0.0,0.0
ext_dev_fake_1426,F:\val to be deleted 2\fake\1426.png,1,external_development,external_fake,ca09c4286986a6b8fd22face01aab9f25559ebe5d6cbafca1a9cad18b1efe38a,jpeg95,16.0,0.021421147510409355,0.2788672149181366,19.512489318847656,19.512489318847656,1.0,1,0,-0.4268836975097656,0.4268836975097656,0.0,0.0
ext_dev_fake_1426,F:\val to be deleted 2\fake\1426.png,1,external_development,external_fake,ca09c4286986a6b8fd22face01aab9f25559ebe5d6cbafca1a9cad18b1efe38a,jpeg75,37.0,0.04003024846315384,0.6448802351951599,13.897738456726074,13.897738456726074,0.9999990463256836,1,0,-6.041634559631348,6.041634559631348,-9.5367431640625e-07,9.5367431640625e-07
ext_dev_fake_18255,F:\val to be deleted 2\fake\18255.png,1,external_development,external_fake,f75924bf5ac49376d7da87164b66a282c67cb9e722cff7338dc0d52301907b24,original,0.0,0.0,0.0,18.232086181640625,18.232086181640625,1.0,1,0,0.0,0.0,0.0,0.0
ext_dev_fake_18255,F:\val to be deleted 2\fake\18255.png,1,external_development,external_fake,f75924bf5ac49376d7da87164b66a282c67cb9e722cff7338dc0d52301907b24,png_control,0.0,0.0,0.0,18.232086181640625,18.232086181640625,1.0,1,0,0.0,0.0,0.0,0.0
ext_dev_fake_18255,F:\val to be deleted 2\fake\18255.png,1,external_development,external_fake,f75924bf5ac49376d7da87164b66a282c67cb9e722cff7338dc0d52301907b24,jpeg95,20.0,0.027563730254769325,0.34858381748199463,17.794052124023438,17.794052124023438,1.0,1,0,-0.4380340576171875,0.4380340576171875,0.0,0.0
ext_dev_fake_18255,F:\val to be deleted 2\fake\18255.png,1,external_development,external_fake,f75924bf5ac49376d7da87164b66a282c67cb9e722cff7338dc0d52301907b24,jpeg75,56.0,0.05883075296878815,0.976034939289093,12.810172080993652,12.810172080993652,0.9999972581863403,1,0,-5.421914100646973,5.421914100646973,-2.7418136596679688e-06,2.7418136596679688e-06
ext_dev_fake_7855,F:\val to be deleted 2\fake\7855.png,1,external_development,external_fake,6a2ba14f2e040a0b30865a1b0d8ca142a3be9315bf09c6d3fd48a45e902d1e86,original,0.0,0.0,0.0,13.735135078430176,13.735135078430176,0.999998927116394,1,0,0.0,0.0,0.0,0.0
ext_dev_fake_7855,F:\val to be deleted 2\fake\7855.png,1,external_development,external_fake,6a2ba14f2e040a0b30865a1b0d8ca142a3be9315bf09c6d3fd48a45e902d1e86,png_control,0.0,0.0,0.0,13.735135078430176,13.735135078430176,0.999998927116394,1,0,0.0,0.0,0.0,0.0
ext_dev_fake_7855,F:\val to be deleted 2\fake\7855.png,1,external_development,external_fake,6a2ba14f2e040a0b30865a1b0d8ca142a3be9315bf09c6d3fd48a45e902d1e86,jpeg95,21.0,0.028147365897893906,0.3660131096839905,13.463777542114258,13.463777542114258,0.9999985694885254,1,0,-0.27135753631591797,0.27135753631591797,-3.5762786865234375e-07,3.5762786865234375e-07
ext_dev_fake_7855,F:\val to be deleted 2\fake\7855.png,1,external_development,external_fake,6a2ba14f2e040a0b30865a1b0d8ca142a3be9315bf09c6d3fd48a45e902d1e86,jpeg75,53.0,0.05166865512728691,0.8017430305480957,10.156720161437988,10.156720161437988,0.9999611377716064,1,0,-3.5784149169921875,3.5784149169921875,-3.7789344787597656e-05,3.7789344787597656e-05
