source,class,archive_path,filename,extension,family_id,file_size,sha256,saved_sha256,sha_status,decoded_format,width,height,mode,aspect_ratio,has_jpeg_markers
archived_train,fake,Preapred Dataset/train/fake/vid_5232f960efad9604c46955f8c15d174fa491885166f0b23402b056550fd66420_face_000026_014.png,vid_5232f960efad9604c46955f8c15d174fa491885166f0b23402b056550fd66420_face_000026_014.png,png,vid_5232f960efad9604c46955f8c15d174fa491885166f0b23402b056550fd66420,36629,46174315220106a324845a18ccff1b0811d5ac83de18e9264055bbf18bd4795f,46174315220106a324845a18ccff1b0811d5ac83de18e9264055bbf18bd4795f,matched,PNG,170,160,RGB,1.0625,False
archived_train,fake,Preapred Dataset/train/fake/vid_e5bbc34245253ebe495b4af3c65e87fc54fd869629fda19571e8b4d484315d52_face_000057_024.png,vid_e5bbc34245253ebe495b4af3c65e87fc54fd869629fda19571e8b4d484315d52_face_000057_024.png,png,vid_e5bbc34245253ebe495b4af3c65e87fc54fd869629fda19571e8b4d484315d52,66636,68227659a31064762db64645a53dc259492a8e6d5bd3957fe2159e4704e62ad9,68227659a31064762db64645a53dc259492a8e6d5bd3957fe2159e4704e62ad9,matched,PNG,255,255,RGB,1.0,False
archived_train,fake,Preapred Dataset/train/fake/vid_73889737f5c6dd7af6ae4706e91f4da0cd79bc70a8381db9e0d8d2913e63b5be_face_000052_027.png,vid_73889737f5c6dd7af6ae4706e91f4da0cd79bc70a8381db9e0d8d2913e63b5be_face_000052_027.png,png,vid_73889737f5c6dd7af6ae4706e91f4da0cd79bc70a8381db9e0d8d2913e63b5be,40022,eabc5803f88326f4b3ea6ae5ea99665bff31fadef0aa2eed098762c7ea14529a,eabc5803f88326f4b3ea6ae5ea99665bff31fadef0aa2eed098762c7ea14529a,matched,PNG,163,156,RGB,1.0449,False
archived_train,fake,Preapred Dataset/train/fake/vid_0806a00697fe5179db7373bdbb11fdda182a109de80126923821ce91e7225f80_face_000000_001.png,vid_0806a00697fe5179db7373bdbb11fdda182a109de80126923821ce91e7225f80_face_000000_001.png,png,vid_0806a00697fe5179db7373bdbb11fdda182a109de80126923821ce91e7225f80,26319,72826952396cfcda9f4c7c9c2ad141f8755ef0c14a7868cf504795e72e5dd090,72826952396cfcda9f4c7c9c2ad141f8755ef0c14a7868cf504795e72e5dd090,matched,PNG,152,150,RGB,1.0133,False
archived_train,fake,Preapred Dataset/train/fake/vid_57edb0658656fdf04968d83b440332545397f2e75e3bbc235cf9f050bdf12b01_face_000020_011.png,vid_57edb0658656fdf04968d83b440332545397f2e75e3bbc235cf9f050bdf12b01_face_000020_011.png,png,vid_57edb0658656fdf04968d83b440332545397f2e75e3bbc235cf9f050bdf12b01,44766,48d23895facbeb4d7d714158d66b44087a7bb60c996bbc61e260f0f6398e301c,48d23895facbeb4d7d714158d66b44087a7bb60c996bbc61e260f0f6398e301c,matched,PNG,176,166,RGB,1.0602,False
archived_train,fake,Preapred Dataset/train/fake/vid_a352162a30582e50738554a1e0788e1f015edd4d9cf9a82a5b94e2bc024a0ba6_face_000052_028.png,vid_a352162a30582e50738554a1e0788e1f015edd4d9cf9a82a5b94e2bc024a0ba6_face_000052_028.png,png,vid_a352162a30582e50738554a1e0788e1f015edd4d9cf9a82a5b94e2bc024a0ba6,31068,15dd3ae4ea26238df2d4eb2f25042849d662522deb7c9004580272fe9aa0f17a,15dd3ae4ea26238df2d4eb2f25042849d662522deb7c9004580272fe9aa0f17a,matched,PNG,156,148,RGB,1.0541,False
archived_train,fake,Preapred Dataset/train/fake/vid_23e4dc34e94f4a97921ba03b892a5538d2b5031abac3dd1532158b9251a6bf2b_face_000042_015.png,vid_23e4dc34e94f4a97921ba03b892a5538d2b5031abac3dd1532158b9251a6bf2b_face_000042_015.png,png,vid_23e4dc34e94f4a97921ba03b892a5538d2b5031abac3dd1532158b9251a6bf2b,64742,e7c6c2489a74880cd285d4eaf492a9d1cec7ce4733c30d3b4fdaed9cbfd34a1f,e7c6c2489a74880cd285d4eaf492a9d1cec7ce4733c30d3b4fdaed9cbfd34a1f,matched,PNG,242,242,RGB,1.0,False
archived_train,fake,Preapred Dataset/train/fake/vid_145e4d1a750bf818b1ce374dc571d1d2921c17a5f49f121c361d883266606a9d_face_000004_003.png,vid_145e4d1a750bf818b1ce374dc571d1d2921c17a5f49f121c361d883266606a9d_face_000004_003.png,png,vid_145e4d1a750bf818b1ce374dc571d1d2921c17a5f49f121c361d883266606a9d,40925,3a55dcfdff51caafe27744e23cda8154fb17b00aae9487956f0a92321ac50201,3a55dcfdff51caafe27744e23cda8154fb17b00aae9487956f0a92321ac50201,matched,PNG,168,157,RGB,1.0701,False
archived_train,fake,Preapred Dataset/train/fake/vid_6d646e1a900ba0d784c71c26e4946f8817b716299f9663cd39ae360039c8e17d_face_000008_005.png,vid_6d646e1a900ba0d784c71c26e4946f8817b716299f9663cd39ae360039c8e17d_face_000008_005.png,png,vid_6d646e1a900ba0d784c71c26e4946f8817b716299f9663cd39ae360039c8e17d,32819,106e7576a60911408527bbe4384cc5efac4c88efbc18859afebf629b15b78512,106e7576a60911408527bbe4384cc5efac4c88efbc18859afebf629b15b78512,matched,PNG,159,151,RGB,1.053,False
archived_train,fake,Preapred Dataset/train/fake/vid_d0a98c7c08b3b23f74594e3bd7db5dabbda1fb9a786b14e6771c30404d7206de_face_000052_027.png,vid_d0a98c7c08b3b23f74594e3bd7db5dabbda1fb9a786b14e6771c30404d7206de_face_000052_027.png,png,vid_d0a98c7c08b3b23f74594e3bd7db5dabbda1fb9a786b14e6771c30404d7206de,39788,61cd8040a847e656338377777ec1a6de5b0c749f4c81e6957febb9c907505bdd,61cd8040a847e656338377777ec1a6de5b0c749f4c81e6957febb9c907505bdd,matched,PNG,161,158,RGB,1.019,False
archived_train,fake,Preapred Dataset/train/fake/vid_3b67adfba15a6c876850689133986e3dc3332484211b9532bafeb5cddccd226e_face_000016_004.png,vid_3b67adfba15a6c876850689133986e3dc3332484211b9532bafeb5cddccd226e_face_000016_004.png,png,vid_3b67adfba15a6c876850689133986e3dc3332484211b9532bafeb5cddccd226e,31028,8d86c3a34bacd07c9e0d263de99724a2e3d05ed2e3c43779dd1fec471a2db3fd,8d86c3a34bacd07c9e0d263de99724a2e3d05ed2e3c43779dd1fec471a2db3fd,matched,PNG,160,160,RGB,1.0,False
archived_train,fake,Preapred Dataset/train/fake/vid_7ed1044f89c6aa5613f62f696839ee6f349282370d927c336fd78ffa34fc4cff_face_000057_020.png,vid_7ed1044f89c6aa5613f62f696839ee6f349282370d927c336fd78ffa34fc4cff_face_000057_020.png,png,vid_7ed1044f89c6aa5613f62f696839ee6f349282370d927c336fd78ffa34fc4cff,49637,ce20e4321219aa37ee874efc3adfc2a04addafc0c64377b334355634c2664401,ce20e4321219aa37ee874efc3adfc2a04addafc0c64377b334355634c2664401,matched,PNG,183,183,RGB,1.0,False
archived_train,fake,Preapred Dataset/train/fake/vid_b7a18ec489343aaca84a5d8d69fce2362f70b866e5ed3d66661b9371e5039813_face_000048_017.png,vid_b7a18ec489343aaca84a5d8d69fce2362f70b866e5ed3d66661b9371e5039813_face_000048_017.png,png,vid_b7a18ec489343aaca84a5d8d69fce2362f70b866e5ed3d66661b9371e5039813,57081,f79dac7a0bd086634f9f3f4ef18cbd14f003ae2dc7016388dd0913ed6bc71b0e,f79dac7a0bd086634f9f3f4ef18cbd14f003ae2dc7016388dd0913ed6bc71b0e,matched,PNG,220,220,RGB,1.0,False
archived_train,fake,Preapred Dataset/train/fake/vid_dd97354f4272b09694fbfb3937cd705cbe9920c6f2fc42ce33fd6371b2aa00a9_face_000038_018.png,vid_dd97354f4272b09694fbfb3937cd705cbe9920c6f2fc42ce33fd6371b2aa00a9_face_000038_018.png,png,vid_dd97354f4272b09694fbfb3937cd705cbe9920c6f2fc42ce33fd6371b2aa00a9,45447,6a3eef03a4a775e2e6babfb5cdec3e6a66ef8383f36d0966e7964f4ce8910270,6a3eef03a4a775e2e6babfb5cdec3e6a66ef8383f36d0966e7964f4ce8910270,matched,PNG,173,165,RGB,1.0485,False
archived_train,fake,Preapred Dataset/train/fake/vid_9d24545c71d5955ea4acecb3b4c45bfda9fb3fbc8e01e154840f2aedebf41ddb_face_000048_025.png,vid_9d24545c71d5955ea4acecb3b4c45bfda9fb3fbc8e01e154840f2aedebf41ddb_face_000048_025.png,png,vid_9d24545c71d5955ea4acecb3b4c45bfda9fb3fbc8e01e154840f2aedebf41ddb,44925,d3a6e7c5beed41299f4866c369b462adf5bfc3a310e33c5d97662d54c237efaa,d3a6e7c5beed41299f4866c369b462adf5bfc3a310e33c5d97662d54c237efaa,matched,PNG,175,169,RGB,1.0355,False
archived_train,fake,Preapred Dataset/train/fake/vid_38c8a15f6d94292c968233b0d1b0fea4acf9097a385230309d3a66cc97bcad2b_face_000009_004.png,vid_38c8a15f6d94292c968233b0d1b0fea4acf9097a385230309d3a66cc97bcad2b_face_000009_004.png,png,vid_38c8a15f6d94292c968233b0d1b0fea4acf9097a385230309d3a66cc97bcad2b,96772,18ca4078a0a883c388a75a52628e5595af6b0fe596789181513c410687f602cf,18ca4078a0a883c388a75a52628e5595af6b0fe596789181513c410687f602cf,matched,PNG,285,285,RGB,1.0,False
archived_train,fake,Preapred Dataset/train/fake/vid_a01f6ad35f0508d89050e0e696020076d1ff35951fb4e428915cf467e372da64_face_000036_019.png,vid_a01f6ad35f0508d89050e0e696020076d1ff35951fb4e428915cf467e372da64_face_000036_019.png,png,vid_a01f6ad35f0508d89050e0e696020076d1ff35951fb4e428915cf467e372da64,30485,3a656e9e33215e95c4d1a331db00c97329bd45d9cde24378afec2465fdab0dd3,3a656e9e33215e95c4d1a331db00c97329bd45d9cde24378afec2465fdab0dd3,matched,PNG,153,151,RGB,1.0132,False
archived_train,fake,Preapred Dataset/train/fake/vid_1b8f7cf985f25d3031a1762d61cfe292364bf9a2c2e021705e23d62bdae18290_face_000008_005.png,vid_1b8f7cf985f25d3031a1762d61cfe292364bf9a2c2e021705e23d62bdae18290_face_000008_005.png,png,vid_1b8f7cf985f25d3031a1762d61cfe292364bf9a2c2e021705e23d62bdae18290,30302,dc8a17a92cd42d2e6fb3a720231acc6d3f6f2bf06855b491e548fdf8a2964717,dc8a17a92cd42d2e6fb3a720231acc6d3f6f2bf06855b491e548fdf8a2964717,matched,PNG,147,142,RGB,1.0352,False
archived_train,fake,Preapred Dataset/train/fake/vid_a05a1dbea8949285ddda81f7bfb950bdc2ee95c95b2686a5ece55906c85ecd60_face_000045_016.png,vid_a05a1dbea8949285ddda81f7bfb950bdc2ee95c95b2686a5ece55906c85ecd60_face_000045_016.png,png,vid_a05a1dbea8949285ddda81f7bfb950bdc2ee95c95b2686a5ece55906c85ecd60,63724,539e2cfd2fe5ded2f11baaf97f10d43f989d04b5c74ac5bf1592dcf0cd186aef,539e2cfd2fe5ded2f11baaf97f10d43f989d04b5c74ac5bf1592dcf0cd186aef,matched,PNG,225,225,RGB,1.0,False
archived_train,fake,Preapred Dataset/train/fake/vid_b0feaa9ec3938711ed7b4dc522a650fe38de45b85235c7bed2492f84075c8ba1_face_000030_016.png,vid_b0feaa9ec3938711ed7b4dc522a650fe38de45b85235c7bed2492f84075c8ba1_face_000030_016.png,png,vid_b0feaa9ec3938711ed7b4dc522a650fe38de45b85235c7bed2492f84075c8ba1,42007,a8de13e479b3d0335929713d22a1e90f94b498a6651fad3ddd3a76497b960bee,a8de13e479b3d0335929713d22a1e90f94b498a6651fad3ddd3a76497b960bee,matched,PNG,183,175,RGB,1.0457,False
archived_train,fake,Preapred Dataset/train/fake/vid_88a2d8fc5222b65498110b33df8e376e6c974e833ca8aba5b28a6340f67e3507_face_000034_018.png,vid_88a2d8fc5222b65498110b33df8e376e6c974e833ca8aba5b28a6340f67e3507_face_000034_018.png,png,vid_88a2d8fc5222b65498110b33df8e376e6c974e833ca8aba5b28a6340f67e3507,38219,411adc2beebe0dc9e16af7c494ff7cbe2bebeef1e0855a0f7d000a72fd1ba100,411adc2beebe0dc9e16af7c494ff7cbe2bebeef1e0855a0f7d000a72fd1ba100,matched,PNG,171,164,RGB,1.0427,False
archived_train,fake,Preapred Dataset/train/fake/vid_2706067a521746b1557d4b3d5c1c403c5e77cc38a43c1033abcf6119bca70dba_face_000034_018.png,vid_2706067a521746b1557d4b3d5c1c403c5e77cc38a43c1033abcf6119bca70dba_face_000034_018.png,png,vid_2706067a521746b1557d4b3d5c1c403c5e77cc38a43c1033abcf6119bca70dba,29996,d768faf4fbc8df31b4d7b4b9350e26b12ba5f2c174efa0d082959d18679cf420,d768faf4fbc8df31b4d7b4b9350e26b12ba5f2c174efa0d082959d18679cf420,matched,PNG,149,147,RGB,1.0136,False
archived_train,fake,Preapred Dataset/train/fake/vid_d5a744044c4b60f8d9487d03275b9205b9e92f00af55b475cd7aa8c6571d7f7a_face_000056_024.png,vid_d5a744044c4b60f8d9487d03275b9205b9e92f00af55b475cd7aa8c6571d7f7a_face_000056_024.png,png,vid_d5a744044c4b60f8d9487d03275b9205b9e92f00af55b475cd7aa8c6571d7f7a,33331,f624aebb81a5623a8390b45489e45709a55cb69e45495b7c90b586c1c6f1ee80,f624aebb81a5623a8390b45489e45709a55cb69e45495b7c90b586c1c6f1ee80,matched,PNG,157,151,RGB,1.0397,False
archived_train,fake,Preapred Dataset/train/fake/vid_6fe3595aaa99fabec74b71252f0dd6d396ac439bf660cb5bcc0c91c3da058812_face_000046_025.png,vid_6fe3595aaa99fabec74b71252f0dd6d396ac439bf660cb5bcc0c91c3da058812_face_000046_025.png,png,vid_6fe3595aaa99fabec74b71252f0dd6d396ac439bf660cb5bcc0c91c3da058812,33887,5905a39b68eb6d3eb12b413727fd2937dca723b5d1e59d8820cf6fca77b5f881,5905a39b68eb6d3eb12b413727fd2937dca723b5d1e59d8820cf6fca77b5f881,matched,PNG,162,158,RGB,1.0253,False
archived_train,fake,Preapred Dataset/train/fake/vid_480a87f8aab1086428c53087295260b61c88452bab7b56a4589d64f60fe84cd1_face_000020_011.png,vid_480a87f8aab1086428c53087295260b61c88452bab7b56a4589d64f60fe84cd1_face_000020_011.png,png,vid_480a87f8aab1086428c53087295260b61c88452bab7b56a4589d64f60fe84cd1,37381,3d5e93468fb6332f838ce2982fbdc4f324a11fc9b1dcef4c74bf5ff2ee80baf9,3d5e93468fb6332f838ce2982fbdc4f324a11fc9b1dcef4c74bf5ff2ee80baf9,matched,PNG,151,147,RGB,1.0272,False
archived_train,fake,Preapred Dataset/train/fake/vid_0460a6d3ad75ead3d02e36186a89192829dfe587c6965b3dffaf91467b8e4066_face_000006_004.png,vid_0460a6d3ad75ead3d02e36186a89192829dfe587c6965b3dffaf91467b8e4066_face_000006_004.png,png,vid_0460a6d3ad75ead3d02e36186a89192829dfe587c6965b3dffaf91467b8e4066,35767,1beea14bc45022d9ead0a7c417540237b519901d301092372bbf8cf056aa3bc9,1beea14bc45022d9ead0a7c417540237b519901d301092372bbf8cf056aa3bc9,matched,PNG,177,169,RGB,1.0473,False
archived_train,fake,Preapred Dataset/train/fake/vid_824579fcfe24c3733bf9cef753e9c59cd660383c66b3b2837b82ec9f474527d4_face_000038_020.png,vid_824579fcfe24c3733bf9cef753e9c59cd660383c66b3b2837b82ec9f474527d4_face_000038_020.png,png,vid_824579fcfe24c3733bf9cef753e9c59cd660383c66b3b2837b82ec9f474527d4,37408,666acc83ea0dda102801a61a1dd8f686f9c48e8ebba1e83ef5e9e3f6ff40cf05,666acc83ea0dda102801a61a1dd8f686f9c48e8ebba1e83ef5e9e3f6ff40cf05,matched,PNG,168,166,RGB,1.012,False
archived_train,fake,Preapred Dataset/train/fake/vid_2b0435ff35b2f8ff6855f2c9afff97ea95c980f169000537a47263f65e8bf1ce_face_000050_026.png,vid_2b0435ff35b2f8ff6855f2c9afff97ea95c980f169000537a47263f65e8bf1ce_face_000050_026.png,png,vid_2b0435ff35b2f8ff6855f2c9afff97ea95c980f169000537a47263f65e8bf1ce,40743,6ad04e86b7b2f37d8a4b2da85d3eb8ee64fbf13160cb532c9a8412342dc97b50,6ad04e86b7b2f37d8a4b2da85d3eb8ee64fbf13160cb532c9a8412342dc97b50,matched,PNG,177,167,RGB,1.0599,False
archived_train,fake,Preapred Dataset/train/fake/vid_d133399f7b3c49e1adc82095f35db00404ae2405ba53bb42991645d26b51b977_face_000002_002.png,vid_d133399f7b3c49e1adc82095f35db00404ae2405ba53bb42991645d26b51b977_face_000002_002.png,png,vid_d133399f7b3c49e1adc82095f35db00404ae2405ba53bb42991645d26b51b977,32791,1eef86ae02a66aeaa18701e1ab1ea55a4bb19daf1cbed07dc1daf18d0812b1b6,1eef86ae02a66aeaa18701e1ab1ea55a4bb19daf1cbed07dc1daf18d0812b1b6,matched,PNG,150,150,RGB,1.0,False
archived_train,fake,Preapred Dataset/train/fake/vid_11c0fe890f7c48378a8015eff5a43e02574b9d31647b53774e557ecd87ba73ab_face_000057_026.png,vid_11c0fe890f7c48378a8015eff5a43e02574b9d31647b53774e557ecd87ba73ab_face_000057_026.png,png,vid_11c0fe890f7c48378a8015eff5a43e02574b9d31647b53774e557ecd87ba73ab,20388,e5379915d41f021a7e5cb13b81974e3d33c4ac52d5fd27e0974d1ee6ef15d552,none,missing_in_clean_parent,PNG,112,112,RGB,1.0,False
archived_train,fake,Preapred Dataset/train/fake/vid_b22422a060be8b2e6746989500d00140c1c618c92b105884df013a696b06b2c4_face_000052_027.png,vid_b22422a060be8b2e6746989500d00140c1c618c92b105884df013a696b06b2c4_face_000052_027.png,png,vid_b22422a060be8b2e6746989500d00140c1c618c92b105884df013a696b06b2c4,40778,284259092a27fc31412d5e669bd3abb85ccf3d98b64c45b1962d74b440345710,284259092a27fc31412d5e669bd3abb85ccf3d98b64c45b1962d74b440345710,matched,PNG,159,155,RGB,1.0258,False
archived_train,fake,Preapred Dataset/train/fake/vid_e86620b5e8566728a4b01554791ca2c2ab5be75b9a6d42b53eb693c46e3aa30a_face_000042_021.png,vid_e86620b5e8566728a4b01554791ca2c2ab5be75b9a6d42b53eb693c46e3aa30a_face_000042_021.png,png,vid_e86620b5e8566728a4b01554791ca2c2ab5be75b9a6d42b53eb693c46e3aa30a,45610,4b509df1d29d54a382032a8c02c96e96f3eefaeffd9c00848771c6714668a0a9,4b509df1d29d54a382032a8c02c96e96f3eefaeffd9c00848771c6714668a0a9,matched,PNG,173,163,RGB,1.0613,False
archived_train,fake,Preapred Dataset/train/fake/vid_433118ead1b3bca63913fe77a73c656c7f68e1a0206f70cf1519ef1832697ef0_face_000020_011.png,vid_433118ead1b3bca63913fe77a73c656c7f68e1a0206f70cf1519ef1832697ef0_face_000020_011.png,png,vid_433118ead1b3bca63913fe77a73c656c7f68e1a0206f70cf1519ef1832697ef0,42945,1c9507bceee8459fed67c0933b1fd803f07c1a871dabc2329659d7e8eca2b0e3,1c9507bceee8459fed67c0933b1fd803f07c1a871dabc2329659d7e8eca2b0e3,matched,PNG,161,156,RGB,1.0321,False
archived_train,fake,Preapred Dataset/train/fake/vid_fd2a664831044f9db5c0b91715ebb5bd31797d703f15f3232b3ab447769399a0_face_000014_008.png,vid_fd2a664831044f9db5c0b91715ebb5bd31797d703f15f3232b3ab447769399a0_face_000014_008.png,png,vid_fd2a664831044f9db5c0b91715ebb5bd31797d703f15f3232b3ab447769399a0,33425,9803d60dd08c49968ad3b897f18b5a9d04d54641ffc1c5c3a87474a703367a96,9803d60dd08c49968ad3b897f18b5a9d04d54641ffc1c5c3a87474a703367a96,matched,PNG,153,145,RGB,1.0552,False
archived_train,fake,Preapred Dataset/train/fake/vid_27871cbd7181c18f98195137192c6d595d5ef10f49738451d1ba11ca4cb4701d_face_000018_010.png,vid_27871cbd7181c18f98195137192c6d595d5ef10f49738451d1ba11ca4cb4701d_face_000018_010.png,png,vid_27871cbd7181c18f98195137192c6d595d5ef10f49738451d1ba11ca4cb4701d,37601,61fc0d5807773b1a1470aef2af2d8f458d7a3ef3289da577b34d1f98f811a02c,61fc0d5807773b1a1470aef2af2d8f458d7a3ef3289da577b34d1f98f811a02c,matched,PNG,164,156,RGB,1.0513,False
archived_train,fake,Preapred Dataset/train/fake/vid_6a21d08d98fc528f97de1e9cb69bec9227b2d0f68a31001d51c60f74167eeddd_face_000034_018.png,vid_6a21d08d98fc528f97de1e9cb69bec9227b2d0f68a31001d51c60f74167eeddd_face_000034_018.png,png,vid_6a21d08d98fc528f97de1e9cb69bec9227b2d0f68a31001d51c60f74167eeddd,29615,37d58b532f6e2e4ca80014c03a68b732541ef456d9d3eecd0487512369a9948d,37d58b532f6e2e4ca80014c03a68b732541ef456d9d3eecd0487512369a9948d,matched,PNG,146,144,RGB,1.0139,False
archived_train,fake,Preapred Dataset/train/fake/vid_89388ac29661c4be9695fef2a2e187b24cad4f8106c04b8cfbdce6709cc5826f_face_000078_027.png,vid_89388ac29661c4be9695fef2a2e187b24cad4f8106c04b8cfbdce6709cc5826f_face_000078_027.png,png,vid_89388ac29661c4be9695fef2a2e187b24cad4f8106c04b8cfbdce6709cc5826f,71847,2309edded66616984e4fd45d1a7c97c7859d5fe544621516ae2d51663a427798,2309edded66616984e4fd45d1a7c97c7859d5fe544621516ae2d51663a427798,matched,PNG,240,240,RGB,1.0,False
archived_train,fake,Preapred Dataset/train/fake/vid_b2431ddb91eed2e56fa38564bb1a80d1b8851c4357eb6e9a7fa311685ebefbfa_face_000026_014.png,vid_b2431ddb91eed2e56fa38564bb1a80d1b8851c4357eb6e9a7fa311685ebefbfa_face_000026_014.png,png,vid_b2431ddb91eed2e56fa38564bb1a80d1b8851c4357eb6e9a7fa311685ebefbfa,42253,8bb23cc71f1cb14fdf8663c52d6f10cddf0db197dda5068389ae7fd4c4db8166,8bb23cc71f1cb14fdf8663c52d6f10cddf0db197dda5068389ae7fd4c4db8166,matched,PNG,159,157,RGB,1.0127,False
archived_train,fake,Preapred Dataset/train/fake/vid_38d68cd3db64d9db64943cfa9b69db404be15199eaf3d1322e72772d21fcdc04_face_000018_010.png,vid_38d68cd3db64d9db64943cfa9b69db404be15199eaf3d1322e72772d21fcdc04_face_000018_010.png,png,vid_38d68cd3db64d9db64943cfa9b69db404be15199eaf3d1322e72772d21fcdc04,33184,dfa460d396d3d38440fe57600afb99d25539276db8a8035ac886c893894c8d5a,dfa460d396d3d38440fe57600afb99d25539276db8a8035ac886c893894c8d5a,matched,PNG,169,159,RGB,1.0629,False
archived_train,fake,Preapred Dataset/train/fake/vid_310b9ade785759640674d10050994b39dc60e673a5d3aace2e49e7d82f76e568_face_000000_001.png,vid_310b9ade785759640674d10050994b39dc60e673a5d3aace2e49e7d82f76e568_face_000000_001.png,png,vid_310b9ade785759640674d10050994b39dc60e673a5d3aace2e49e7d82f76e568,30679,3b77a43dc55eaa30207764cf4496c09222bfbc292fd6229277295b1c0ed31689,3b77a43dc55eaa30207764cf4496c09222bfbc292fd6229277295b1c0ed31689,matched,PNG,160,148,RGB,1.0811,False
archived_train,fake,Preapred Dataset/train/fake/vid_e0d0e95dffbe101c6d58c9035a2e6476013c5373ac0fc01e51cae660a1c15a5d_face_000054_028.png,vid_e0d0e95dffbe101c6d58c9035a2e6476013c5373ac0fc01e51cae660a1c15a5d_face_000054_028.png,png,vid_e0d0e95dffbe101c6d58c9035a2e6476013c5373ac0fc01e51cae660a1c15a5d,30077,101a449b02a5f1f6a36671fc80b5175b24a1e9fa24fe74b7fd69141563449e17,101a449b02a5f1f6a36671fc80b5175b24a1e9fa24fe74b7fd69141563449e17,matched,PNG,161,153,RGB,1.0523,False
archived_train,fake,Preapred Dataset/train/fake/vid_bbf23b16c63f24e8ce26a2d2ed14557a69886d0fce039b968ab8d3db9dccc823_face_000006_004.png,vid_bbf23b16c63f24e8ce26a2d2ed14557a69886d0fce039b968ab8d3db9dccc823_face_000006_004.png,png,vid_bbf23b16c63f24e8ce26a2d2ed14557a69886d0fce039b968ab8d3db9dccc823,36303,02c486bbcd0638433731d5e63ea87f521cfff8d88579cd50fe91f523bcc550dd,02c486bbcd0638433731d5e63ea87f521cfff8d88579cd50fe91f523bcc550dd,matched,PNG,160,153,RGB,1.0458,False
archived_train,fake,Preapred Dataset/train/fake/vid_fe80aa7f3b657484b4a17ddeb657fd7f7e47799000dd8968ac6e86ca53b8d077_face_000002_002.png,vid_fe80aa7f3b657484b4a17ddeb657fd7f7e47799000dd8968ac6e86ca53b8d077_face_000002_002.png,png,vid_fe80aa7f3b657484b4a17ddeb657fd7f7e47799000dd8968ac6e86ca53b8d077,31380,70322ee30b6e8718f58be6cdf1c8c7b7d40b6d29c7c4cf08b548e8741bdc6f7a,70322ee30b6e8718f58be6cdf1c8c7b7d40b6d29c7c4cf08b548e8741bdc6f7a,matched,PNG,149,144,RGB,1.0347,False
archived_train,fake,Preapred Dataset/train/fake/vid_a5dc097d5871ef4d586ee5c49218bce27efad13e0efe6b5091d552f4a0d60574_face_000018_010.png,vid_a5dc097d5871ef4d586ee5c49218bce27efad13e0efe6b5091d552f4a0d60574_face_000018_010.png,png,vid_a5dc097d5871ef4d586ee5c49218bce27efad13e0efe6b5091d552f4a0d60574,37270,d079cde04371c50465227e4c5078101cb6a24e69fb0ac76f9c104bc3a81f1a6b,d079cde04371c50465227e4c5078101cb6a24e69fb0ac76f9c104bc3a81f1a6b,matched,PNG,162,162,RGB,1.0,False
archived_train,fake,Preapred Dataset/train/fake/vid_a6f8abeb23db6ca82d855a20e3249f9d604e2edddb4a3d1b3693c674be6ec86a_face_000057_022.png,vid_a6f8abeb23db6ca82d855a20e3249f9d604e2edddb4a3d1b3693c674be6ec86a_face_000057_022.png,png,vid_a6f8abeb23db6ca82d855a20e3249f9d604e2edddb4a3d1b3693c674be6ec86a,47567,0c62921acc19f1e501e587151733ee4ad9616e2c370e1aa112971192d938b6e9,0c62921acc19f1e501e587151733ee4ad9616e2c370e1aa112971192d938b6e9,matched,PNG,192,192,RGB,1.0,False
archived_train,fake,Preapred Dataset/train/fake/vid_e0f5b8eef065da6753f6e9569e09f28fb9e6f45382a3bbfb11a1cf20561b2188_face_000030_005.png,vid_e0f5b8eef065da6753f6e9569e09f28fb9e6f45382a3bbfb11a1cf20561b2188_face_000030_005.png,png,vid_e0f5b8eef065da6753f6e9569e09f28fb9e6f45382a3bbfb11a1cf20561b2188,39008,84a57254e92c85a3814b62d9d8f9cd21e37de06ab36ed4dc3c21f38ea71aeddd,84a57254e92c85a3814b62d9d8f9cd21e37de06ab36ed4dc3c21f38ea71aeddd,matched,PNG,169,157,RGB,1.0764,False
archived_train,fake,Preapred Dataset/train/fake/vid_443bfbaf779d9dce9c450f56c923b68733700c7cbbb212879cc8c5e29f94d69c_face_000063_023.png,vid_443bfbaf779d9dce9c450f56c923b68733700c7cbbb212879cc8c5e29f94d69c_face_000063_023.png,png,vid_443bfbaf779d9dce9c450f56c923b68733700c7cbbb212879cc8c5e29f94d69c,44374,c933842ac41aa98542fba0fbde3e8c2e04559235822046192ab0adc717a2b8ca,c933842ac41aa98542fba0fbde3e8c2e04559235822046192ab0adc717a2b8ca,matched,PNG,183,183,RGB,1.0,False
archived_train,fake,Preapred Dataset/train/fake/vid_f062c6563e8fef314cabe4b45d299b7e3cd2845799e0359a11d68fc5f0b33828_face_000016_009.png,vid_f062c6563e8fef314cabe4b45d299b7e3cd2845799e0359a11d68fc5f0b33828_face_000016_009.png,png,vid_f062c6563e8fef314cabe4b45d299b7e3cd2845799e0359a11d68fc5f0b33828,37716,3776af44bff82895794d533d5a2f2b75fa133806d1ca186bed4f26b9257c0167,3776af44bff82895794d533d5a2f2b75fa133806d1ca186bed4f26b9257c0167,matched,PNG,163,160,RGB,1.0188,False
archived_train,fake,Preapred Dataset/train/fake/vid_90e458de1adc1bbd47fa9f660bccb5089bdec64dc635a5196a8c072cb00d465a_face_000069_027.png,vid_90e458de1adc1bbd47fa9f660bccb5089bdec64dc635a5196a8c072cb00d465a_face_000069_027.png,png,vid_90e458de1adc1bbd47fa9f660bccb5089bdec64dc635a5196a8c072cb00d465a,39328,a0ba407528e522135703e7e2d18e1f5b736c8b8278e239fd5f0a4e3322d6d21a,a0ba407528e522135703e7e2d18e1f5b736c8b8278e239fd5f0a4e3322d6d21a,matched,PNG,189,189,RGB,1.0,False
archived_train,fake,Preapred Dataset/train/fake/vid_bd19ce90b0c8e54e96ef34d091913a4ef732684b4d7ddf8cb0c14d892ad4e07d_face_000040_013.png,vid_bd19ce90b0c8e54e96ef34d091913a4ef732684b4d7ddf8cb0c14d892ad4e07d_face_000040_013.png,png,vid_bd19ce90b0c8e54e96ef34d091913a4ef732684b4d7ddf8cb0c14d892ad4e07d,38478,a977fc46514326ea3a1d0fd9a49b208478f31ed574d794c9ee61e6657e7470a5,a977fc46514326ea3a1d0fd9a49b208478f31ed574d794c9ee61e6657e7470a5,matched,PNG,171,164,RGB,1.0427,False
archived_train,fake,Preapred Dataset/train/fake/vid_f027f136e05d8294b3e8e01a3fae5c4717e6c212a6d81cde915843bcba70acde_face_000016_005.png,vid_f027f136e05d8294b3e8e01a3fae5c4717e6c212a6d81cde915843bcba70acde_face_000016_005.png,png,vid_f027f136e05d8294b3e8e01a3fae5c4717e6c212a6d81cde915843bcba70acde,23774,1db7a9ae6a008ac02af928e9688b894b398bede509018041ee0397bd46099045,1db7a9ae6a008ac02af928e9688b894b398bede509018041ee0397bd46099045,matched,PNG,140,133,RGB,1.0526,False
archived_train,fake,Preapred Dataset/train/fake/vid_012368261022d65412deabb93e3cf9edfb1f634def9c24c012a13873de4425ac_face_000016_009.png,vid_012368261022d65412deabb93e3cf9edfb1f634def9c24c012a13873de4425ac_face_000016_009.png,png,vid_012368261022d65412deabb93e3cf9edfb1f634def9c24c012a13873de4425ac,32490,c0b85be6022d072221e9ad9cbcbc6449988914fde179d1e772916f896cd184ef,c0b85be6022d072221e9ad9cbcbc6449988914fde179d1e772916f896cd184ef,matched,PNG,157,152,RGB,1.0329,False
archived_train,fake,Preapred Dataset/train/fake/vid_87148d30ab59f34dd252c00e7d6642fb4a687a4818cf69c7ddbc9fcc94eb846d_face_000020_011.png,vid_87148d30ab59f34dd252c00e7d6642fb4a687a4818cf69c7ddbc9fcc94eb846d_face_000020_011.png,png,vid_87148d30ab59f34dd252c00e7d6642fb4a687a4818cf69c7ddbc9fcc94eb846d,45284,5296b49a03efc0768fed5c815190b9518eb195bc9e8e7b0d22da7c4f0d9c945e,5296b49a03efc0768fed5c815190b9518eb195bc9e8e7b0d22da7c4f0d9c945e,matched,PNG,184,174,RGB,1.0575,False
archived_train,fake,Preapred Dataset/train/fake/vid_0c12d2f134a34fe4fa4116531e65a32a156778fe0c0cce71ff26922dc1904b79_face_000078_028.png,vid_0c12d2f134a34fe4fa4116531e65a32a156778fe0c0cce71ff26922dc1904b79_face_000078_028.png,png,vid_0c12d2f134a34fe4fa4116531e65a32a156778fe0c0cce71ff26922dc1904b79,8204,6b518a27cc1b6d19a8287e22afe8575d276c8905762532b7d221a14b6330dcbd,6b518a27cc1b6d19a8287e22afe8575d276c8905762532b7d221a14b6330dcbd,matched,PNG,110,110,RGB,1.0,False
archived_train,fake,Preapred Dataset/train/fake/vid_34cb1bdac74e48791b6d2f28f7b93b2c32cccc6e7d2af1763275bc32729abf01_face_000039_014.png,vid_34cb1bdac74e48791b6d2f28f7b93b2c32cccc6e7d2af1763275bc32729abf01_face_000039_014.png,png,vid_34cb1bdac74e48791b6d2f28f7b93b2c32cccc6e7d2af1763275bc32729abf01,40382,1e07e845e38a09b5cfe107b0b9572d87f514e40924a1eb3de8594b1b04e21f52,1e07e845e38a09b5cfe107b0b9572d87f514e40924a1eb3de8594b1b04e21f52,matched,PNG,169,169,RGB,1.0,False
archived_train,fake,Preapred Dataset/train/fake/vid_c8c3eb5098b01b9429441727a2820c7398981776debf68a998a41841b867c70b_face_000004_003.png,vid_c8c3eb5098b01b9429441727a2820c7398981776debf68a998a41841b867c70b_face_000004_003.png,png,vid_c8c3eb5098b01b9429441727a2820c7398981776debf68a998a41841b867c70b,40768,31811750e226dcbbce02bcd330fca329029fcf4a7b6edf602377c94f3471ba7d,31811750e226dcbbce02bcd330fca329029fcf4a7b6edf602377c94f3471ba7d,matched,PNG,159,158,RGB,1.0063,False
archived_train,fake,Preapred Dataset/train/fake/vid_f722865c73bb3bcf73a7d6b3e1ae66e11e1291d3ddbd0d9148756a05bb5cee85_face_000032_017.png,vid_f722865c73bb3bcf73a7d6b3e1ae66e11e1291d3ddbd0d9148756a05bb5cee85_face_000032_017.png,png,vid_f722865c73bb3bcf73a7d6b3e1ae66e11e1291d3ddbd0d9148756a05bb5cee85,37726,49534aa58ab7167e7bb084a4703a9b9456a828a922ab17d71c9081fe8d4b8f50,49534aa58ab7167e7bb084a4703a9b9456a828a922ab17d71c9081fe8d4b8f50,matched,PNG,163,158,RGB,1.0316,False
archived_train,fake,Preapred Dataset/train/fake/vid_df47dbbc189a376d5335b6437f9dc269929269ed286302155855b4d1e390ffb3_face_000033_012.png,vid_df47dbbc189a376d5335b6437f9dc269929269ed286302155855b4d1e390ffb3_face_000033_012.png,png,vid_df47dbbc189a376d5335b6437f9dc269929269ed286302155855b4d1e390ffb3,32788,bd75664b0616682252a87ccb14eb6cee4d16d5011eca76a317e8261f07bbf094,bd75664b0616682252a87ccb14eb6cee4d16d5011eca76a317e8261f07bbf094,matched,PNG,158,158,RGB,1.0,False
archived_train,fake,Preapred Dataset/train/fake/vid_b3e2352746c9d3e3cfd7c30a0ab4715683605651d1687043016a6507f000639c_face_000004_003.png,vid_b3e2352746c9d3e3cfd7c30a0ab4715683605651d1687043016a6507f000639c_face_000004_003.png,png,vid_b3e2352746c9d3e3cfd7c30a0ab4715683605651d1687043016a6507f000639c,32760,cf8f6cc4cafced892b6a67f7cc4fc7cf3b29b5927bd0073b3de426b3d5514b0f,cf8f6cc4cafced892b6a67f7cc4fc7cf3b29b5927bd0073b3de426b3d5514b0f,matched,PNG,162,154,RGB,1.0519,False
archived_train,fake,Preapred Dataset/train/fake/vid_ef2cb6a7898a37d41256532c4e4e60e19ce103135331546cb5518880c6f5c6d1_face_000030_016.png,vid_ef2cb6a7898a37d41256532c4e4e60e19ce103135331546cb5518880c6f5c6d1_face_000030_016.png,png,vid_ef2cb6a7898a37d41256532c4e4e60e19ce103135331546cb5518880c6f5c6d1,35707,0b1b4873ef09b74718629d7ad87598e9ebb98bd6ef52b16cf6b3993c96cda0d0,0b1b4873ef09b74718629d7ad87598e9ebb98bd6ef52b16cf6b3993c96cda0d0,matched,PNG,161,151,RGB,1.0662,False
archived_train,fake,Preapred Dataset/train/fake/vid_bed621dfd82b8984100a156fceef41c212131703d9679b5ee254a12a48cc6233_face_000018_010.png,vid_bed621dfd82b8984100a156fceef41c212131703d9679b5ee254a12a48cc6233_face_000018_010.png,png,vid_bed621dfd82b8984100a156fceef41c212131703d9679b5ee254a12a48cc6233,45064,83e2f89bac6a1cdb2fc374660c2a35e078d0a988df277c8ae0b444674498f532,83e2f89bac6a1cdb2fc374660c2a35e078d0a988df277c8ae0b444674498f532,matched,PNG,177,168,RGB,1.0536,False
archived_train,fake,Preapred Dataset/train/fake/vid_672851a6129a4d489523c750552d486f92039d0033a614934af3c7a1a5fe0a85_face_000046_024.png,vid_672851a6129a4d489523c750552d486f92039d0033a614934af3c7a1a5fe0a85_face_000046_024.png,png,vid_672851a6129a4d489523c750552d486f92039d0033a614934af3c7a1a5fe0a85,42215,06ba4c9a128530587f30f621f2a9340d301966e834f8abe71a2fbf885aa66066,06ba4c9a128530587f30f621f2a9340d301966e834f8abe71a2fbf885aa66066,matched,PNG,168,162,RGB,1.037,False
archived_train,fake,Preapred Dataset/train/fake/vid_ca7c3f901286a77c447cfe5288aeb0fddd4cacfdb56ef79956074998fe2e57b4_face_000018_010.png,vid_ca7c3f901286a77c447cfe5288aeb0fddd4cacfdb56ef79956074998fe2e57b4_face_000018_010.png,png,vid_ca7c3f901286a77c447cfe5288aeb0fddd4cacfdb56ef79956074998fe2e57b4,34920,5a7a4c19af34dd6d83b1989946ad893be7617768022f94dabeb8936f015dde54,5a7a4c19af34dd6d83b1989946ad893be7617768022f94dabeb8936f015dde54,matched,PNG,172,166,RGB,1.0361,False
archived_train,fake,Preapred Dataset/train/fake/vid_44886cb677af27d750d409bfcd23163a1df743eeb12768dff333a368d7d6df69_face_000026_014.png,vid_44886cb677af27d750d409bfcd23163a1df743eeb12768dff333a368d7d6df69_face_000026_014.png,png,vid_44886cb677af27d750d409bfcd23163a1df743eeb12768dff333a368d7d6df69,38114,f40eb4c22ca602de840ea503e8d7d754c93e1937dc8049e210a9223fffcac5cf,f40eb4c22ca602de840ea503e8d7d754c93e1937dc8049e210a9223fffcac5cf,matched,PNG,163,157,RGB,1.0382,False
archived_train,fake,Preapred Dataset/train/fake/1011.png,1011.png,png,none,82652,7346c70e78bc243fa95a73041cce0d9d1a85afbb08e3a1c4907114233ff93e06,7346c70e78bc243fa95a73041cce0d9d1a85afbb08e3a1c4907114233ff93e06,matched,PNG,256,256,RGB,1.0,False
archived_train,fake,Preapred Dataset/train/fake/27947.png,27947.png,png,none,94739,0a08b41a6c53b8a4c61125b8ef57da7dcf5063a92b3b5a0e37757e525d0887ab,0a08b41a6c53b8a4c61125b8ef57da7dcf5063a92b3b5a0e37757e525d0887ab,matched,PNG,256,256,RGB,1.0,False
archived_train,fake,Preapred Dataset/train/fake/29923.png,29923.png,png,none,109160,053e48d632154c0a446872ad4349b15877d74deaeb6ada1c56b11f8a13e79e61,053e48d632154c0a446872ad4349b15877d74deaeb6ada1c56b11f8a13e79e61,matched,PNG,256,256,RGB,1.0,False
archived_train,fake,Preapred Dataset/train/fake/14543.png,14543.png,png,none,92478,be3be665a7413db71a5c0121ff4c4c22dafd86e0a683def10515d02deaed488c,be3be665a7413db71a5c0121ff4c4c22dafd86e0a683def10515d02deaed488c,matched,PNG,256,256,RGB,1.0,False
archived_train,fake,Preapred Dataset/train/fake/23874.png,23874.png,png,none,80125,13b5afa2d832369f56025b4d0e59505a3406514651f620a98fc836e3c58576d6,13b5afa2d832369f56025b4d0e59505a3406514651f620a98fc836e3c58576d6,matched,PNG,256,256,RGB,1.0,False
archived_train,fake,Preapred Dataset/train/fake/24436.png,24436.png,png,none,74405,3feba4c44d15012e783fbe26ecc812db85c5fbdc4e1f34669f8c6f21f77b5f26,3feba4c44d15012e783fbe26ecc812db85c5fbdc4e1f34669f8c6f21f77b5f26,matched,PNG,256,256,RGB,1.0,False
archived_train,fake,Preapred Dataset/train/fake/17948.png,17948.png,png,none,101200,b697d9965d395a201f82dc348352fd3e7e9e0887f6a0ad49a2b4028c03672575,b697d9965d395a201f82dc348352fd3e7e9e0887f6a0ad49a2b4028c03672575,matched,PNG,256,256,RGB,1.0,False
archived_train,fake,Preapred Dataset/train/fake/29907.png,29907.png,png,none,101031,0865927cb25ed39589c7d7c433d6e0e5a6b0af54bccdb2f66b22b46ac7937c5c,0865927cb25ed39589c7d7c433d6e0e5a6b0af54bccdb2f66b22b46ac7937c5c,matched,PNG,256,256,RGB,1.0,False
archived_train,fake,Preapred Dataset/train/fake/18579.png,18579.png,png,none,95038,94b3aae89df43b5668c1601fc795ef1b5bf26a3f70211d866a582e64558a4238,94b3aae89df43b5668c1601fc795ef1b5bf26a3f70211d866a582e64558a4238,matched,PNG,256,256,RGB,1.0,False
archived_train,fake,Preapred Dataset/train/fake/8526.png,8526.png,png,none,85025,85dabab9a88a6ae8b438fc75a09aeee871e8e4ee8b95dfdf600121a53ef31ce8,85dabab9a88a6ae8b438fc75a09aeee871e8e4ee8b95dfdf600121a53ef31ce8,matched,PNG,256,256,RGB,1.0,False
archived_train,fake,Preapred Dataset/train/fake/17894.png,17894.png,png,none,89789,91023868e9478e1341ca81e03c9453c02d54c0ffb18c271ff791e527e79c1a42,91023868e9478e1341ca81e03c9453c02d54c0ffb18c271ff791e527e79c1a42,matched,PNG,256,256,RGB,1.0,False
archived_train,fake,Preapred Dataset/train/fake/12119.png,12119.png,png,none,95094,d6c9375835e937ae0694c3544f0bcbef9be14e8abcfb4d5041101a3a10558674,d6c9375835e937ae0694c3544f0bcbef9be14e8abcfb4d5041101a3a10558674,matched,PNG,256,256,RGB,1.0,False
archived_train,fake,Preapred Dataset/train/fake/2546.png,2546.png,png,none,86417,f1cdbcc1974b544557f252f6af54247796dbae723a024c1cda1a63d37f8c5270,f1cdbcc1974b544557f252f6af54247796dbae723a024c1cda1a63d37f8c5270,matched,PNG,256,256,RGB,1.0,False
archived_train,fake,Preapred Dataset/train/fake/26343.png,26343.png,png,none,88852,49b4608aabbd6549f03dfe57441e2f41b3151c8b1646890fdc2e2cf2ecf2f59b,49b4608aabbd6549f03dfe57441e2f41b3151c8b1646890fdc2e2cf2ecf2f59b,matched,PNG,256,256,RGB,1.0,False
archived_train,fake,Preapred Dataset/train/fake/10703.png,10703.png,png,none,92175,b694ea5d12f6ced3bfd5c4e132fedc57c8acc711333d8726fc8d8c614fc8cfeb,b694ea5d12f6ced3bfd5c4e132fedc57c8acc711333d8726fc8d8c614fc8cfeb,matched,PNG,256,256,RGB,1.0,False
archived_train,fake,Preapred Dataset/train/fake/16811.png,16811.png,png,none,88511,2075c8033d2af85c64557e8563f48deb04388550dea282f96f17eb7e945b5f52,2075c8033d2af85c64557e8563f48deb04388550dea282f96f17eb7e945b5f52,matched,PNG,256,256,RGB,1.0,False
archived_train,fake,Preapred Dataset/train/fake/30960.png,30960.png,png,none,108405,85ce1b313e708e2ee1e795351bdeba9ff615fc8ca3d13ce8afa6581280264fb7,85ce1b313e708e2ee1e795351bdeba9ff615fc8ca3d13ce8afa6581280264fb7,matched,PNG,256,256,RGBA,1.0,False
archived_train,fake,Preapred Dataset/train/fake/7068.png,7068.png,png,none,89895,583fd49abd77b22cd4fe1dff220066860be4c8558b2ff0258dd92770f8053bdd,583fd49abd77b22cd4fe1dff220066860be4c8558b2ff0258dd92770f8053bdd,matched,PNG,256,256,RGB,1.0,False
archived_train,fake,Preapred Dataset/train/fake/10789.png,10789.png,png,none,93785,ab7ce5aacd2bee7293f93eda730146440a4f945b5b8b88395e67b8d6d99836a0,ab7ce5aacd2bee7293f93eda730146440a4f945b5b8b88395e67b8d6d99836a0,matched,PNG,256,256,RGB,1.0,False
archived_train,fake,Preapred Dataset/train/fake/23399.png,23399.png,png,none,98638,54c268b8b0d4ec088508cf737867cadadff2857f7fcca20f400d8d5bed107c06,54c268b8b0d4ec088508cf737867cadadff2857f7fcca20f400d8d5bed107c06,matched,PNG,256,256,RGB,1.0,False
archived_train,fake,Preapred Dataset/train/fake/26945.png,26945.png,png,none,96260,f24b85122c4f0a6a0008496b1804df751addf7c2f165fd205bd3d5b7657f4976,f24b85122c4f0a6a0008496b1804df751addf7c2f165fd205bd3d5b7657f4976,matched,PNG,256,256,RGB,1.0,False
archived_train,fake,Preapred Dataset/train/fake/998.png,998.png,png,none,109646,f32588092c4e55a9024d5819bcf7887591da3efc96bee32f9dca632c23b1bb21,f32588092c4e55a9024d5819bcf7887591da3efc96bee32f9dca632c23b1bb21,matched,PNG,256,256,RGB,1.0,False
archived_train,fake,Preapred Dataset/train/fake/9934.png,9934.png,png,none,102023,39b0c7f28139a86e57e306762d4bff7b6d11dd4c59b03bdf8166b268132d2ca0,39b0c7f28139a86e57e306762d4bff7b6d11dd4c59b03bdf8166b268132d2ca0,matched,PNG,256,256,RGB,1.0,False
archived_train,fake,Preapred Dataset/train/fake/3247.png,3247.png,png,none,86480,5eb31a66cfc684751f0cc6b6c0e2ca375762318d586cab9423bb4403c9f61c53,5eb31a66cfc684751f0cc6b6c0e2ca375762318d586cab9423bb4403c9f61c53,matched,PNG,256,256,RGB,1.0,False
archived_train,fake,Preapred Dataset/train/fake/20764.png,20764.png,png,none,95910,0d5d38ceea259f83dc3e1963cd0d00ff3785e23ef33257670db049eff422131d,0d5d38ceea259f83dc3e1963cd0d00ff3785e23ef33257670db049eff422131d,matched,PNG,256,256,RGB,1.0,False
archived_train,fake,Preapred Dataset/train/fake/16222.png,16222.png,png,none,86977,96f744d7325685f0b9ea4487ae579be2cde76283fc77be6ec3869d266758e036,96f744d7325685f0b9ea4487ae579be2cde76283fc77be6ec3869d266758e036,matched,PNG,256,256,RGB,1.0,False
archived_train,fake,Preapred Dataset/train/fake/29882.png,29882.png,png,none,100940,1e84ae19f3dd846b172345f48fb4d5c0fd2f03351414996ca25e711aa3c57694,1e84ae19f3dd846b172345f48fb4d5c0fd2f03351414996ca25e711aa3c57694,matched,PNG,256,256,RGB,1.0,False
archived_train,fake,Preapred Dataset/train/fake/11758.png,11758.png,png,none,96829,80770e35c343e49259423cf42703567c4cd84dee2a7810409b492326531b3449,80770e35c343e49259423cf42703567c4cd84dee2a7810409b492326531b3449,matched,PNG,256,256,RGB,1.0,False
archived_train,fake,Preapred Dataset/train/fake/27621.png,27621.png,png,none,108819,9ac0f45e2e9bd205569bbc949778993a290063be4f94aff3153002c135e7f62b,9ac0f45e2e9bd205569bbc949778993a290063be4f94aff3153002c135e7f62b,matched,PNG,256,256,RGB,1.0,False
archived_train,fake,Preapred Dataset/train/fake/12555.png,12555.png,png,none,83161,c70a7eaf59047d5f7d6f8eea17745c5c9cd14a8046786e80f29fa17c035c6159,c70a7eaf59047d5f7d6f8eea17745c5c9cd14a8046786e80f29fa17c035c6159,matched,PNG,256,256,RGB,1.0,False
archived_train,fake,Preapred Dataset/train/fake/13930.png,13930.png,png,none,84932,5ee0a4fcb18c902ba9aed7450d26f21570ca167e7de072dd99e2dbacd6386466,5ee0a4fcb18c902ba9aed7450d26f21570ca167e7de072dd99e2dbacd6386466,matched,PNG,256,256,RGB,1.0,False
archived_train,fake,Preapred Dataset/train/fake/3683.png,3683.png,png,none,95712,9fa469cebd1164fc85ec64dbb56fc57f97c9fd99a0c1f52fbee323921722feea,9fa469cebd1164fc85ec64dbb56fc57f97c9fd99a0c1f52fbee323921722feea,matched,PNG,256,256,RGB,1.0,False
archived_train,fake,Preapred Dataset/train/fake/28987.png,28987.png,png,none,81056,5843e9df2cb84cab53e787981c0c86f2f00c3e3b8af351c9a593d53ff3d6d8ed,5843e9df2cb84cab53e787981c0c86f2f00c3e3b8af351c9a593d53ff3d6d8ed,matched,PNG,256,256,RGB,1.0,False
archived_train,fake,Preapred Dataset/train/fake/25397.png,25397.png,png,none,103510,3a7f952e0ac6f402ac7acfc8840604e9a4265934c37bc32fc4d37089c5a4eb19,3a7f952e0ac6f402ac7acfc8840604e9a4265934c37bc32fc4d37089c5a4eb19,matched,PNG,256,256,RGB,1.0,False
archived_train,fake,Preapred Dataset/train/fake/18102.png,18102.png,png,none,92678,449728ea3e8188bd2e64e673a8810e863a31324c337c0dabf57a84f435cd0f58,449728ea3e8188bd2e64e673a8810e863a31324c337c0dabf57a84f435cd0f58,matched,PNG,256,256,RGB,1.0,False
archived_train,fake,Preapred Dataset/train/fake/23674.png,23674.png,png,none,88261,c8ca929e37b9e603b0142b50d0d87377d98f709446405570538a5d45f904ae54,c8ca929e37b9e603b0142b50d0d87377d98f709446405570538a5d45f904ae54,matched,PNG,256,256,RGB,1.0,False
archived_train,fake,Preapred Dataset/train/fake/11340.png,11340.png,png,none,88685,5470190709f9c5035d57b5fe14bdadf55c2d3c6db3ce1117c07fa15be04f4655,5470190709f9c5035d57b5fe14bdadf55c2d3c6db3ce1117c07fa15be04f4655,matched,PNG,256,256,RGB,1.0,False
archived_train,fake,Preapred Dataset/train/fake/25741.png,25741.png,png,none,85496,5b115b73da23336140840375f44f67022ab9732bae246d72705a4a9b91e378ef,5b115b73da23336140840375f44f67022ab9732bae246d72705a4a9b91e378ef,matched,PNG,256,256,RGB,1.0,False
archived_train,fake,Preapred Dataset/train/fake/5087.png,5087.png,png,none,81521,49328ada92decc066c4f84da91f497e3e4f0faf618f830cff060b6be772a782c,49328ada92decc066c4f84da91f497e3e4f0faf618f830cff060b6be772a782c,matched,PNG,256,256,RGB,1.0,False
archived_train,fake,Preapred Dataset/train/fake/18882.png,18882.png,png,none,80169,aca2947b0e389b8fca0d7a2565aab33d60f7825e0e96dd3ca6bffbf0988a8091,aca2947b0e389b8fca0d7a2565aab33d60f7825e0e96dd3ca6bffbf0988a8091,matched,PNG,256,256,RGB,1.0,False
archived_train,fake,Preapred Dataset/train/fake/22684.png,22684.png,png,none,100043,f3cfdd757a2f824ef818cc012a9c1df6758d83c8cc24bdae18fb6d268f086129,f3cfdd757a2f824ef818cc012a9c1df6758d83c8cc24bdae18fb6d268f086129,matched,PNG,256,256,RGB,1.0,False
archived_train,fake,Preapred Dataset/train/fake/14012.png,14012.png,png,none,92579,67e95a619fbdb0dbd955783bd2a9debe813ebe08aeb1b87b2152aecad8b5cbc0,67e95a619fbdb0dbd955783bd2a9debe813ebe08aeb1b87b2152aecad8b5cbc0,matched,PNG,256,256,RGB,1.0,False
archived_train,fake,Preapred Dataset/train/fake/15184.png,15184.png,png,none,107676,03d459ddecf6b3a5e429e9e6e16fdd78a00a717ed5d5a4a7b057aeb9d80c7d55,03d459ddecf6b3a5e429e9e6e16fdd78a00a717ed5d5a4a7b057aeb9d80c7d55,matched,PNG,256,256,RGB,1.0,False
archived_train,fake,Preapred Dataset/train/fake/14114.png,14114.png,png,none,91557,b5f6d10df95642b91963604721c8476aaf2d65bd7c3ec03301814d3c084b62c9,b5f6d10df95642b91963604721c8476aaf2d65bd7c3ec03301814d3c084b62c9,matched,PNG,256,256,RGB,1.0,False
archived_train,fake,Preapred Dataset/train/fake/28983.png,28983.png,png,none,98754,d1ec43a6d43ac57e0a5daa1c20efbeb413739a77bdee75e62db966746980bd52,d1ec43a6d43ac57e0a5daa1c20efbeb413739a77bdee75e62db966746980bd52,matched,PNG,256,256,RGB,1.0,False
archived_train,fake,Preapred Dataset/train/fake/29851.png,29851.png,png,none,91566,5bf7bfa65852c6cb2e0c226d52be0bd8d1c32cdff0c334092ac7ae38c1a2abc1,5bf7bfa65852c6cb2e0c226d52be0bd8d1c32cdff0c334092ac7ae38c1a2abc1,matched,PNG,256,256,RGB,1.0,False
archived_train,fake,Preapred Dataset/train/fake/5366.png,5366.png,png,none,108830,22fcadca8f44fa49f8ebff000b04ec8cc511f133a54cfead0f01ee8f073e0ae0,22fcadca8f44fa49f8ebff000b04ec8cc511f133a54cfead0f01ee8f073e0ae0,matched,PNG,256,256,RGB,1.0,False
archived_train,fake,Preapred Dataset/train/fake/7676.png,7676.png,png,none,78481,089fc36f1daee0961b1cb545dd12fd2215a8dfcab5858c1adae53d789a855e78,089fc36f1daee0961b1cb545dd12fd2215a8dfcab5858c1adae53d789a855e78,matched,PNG,256,256,RGB,1.0,False
archived_train,fake,Preapred Dataset/train/fake/13539.png,13539.png,png,none,90396,d30e73307460a485e76d9aa22eab01a4c315f26136b7e3135cbaac97a8825fcf,d30e73307460a485e76d9aa22eab01a4c315f26136b7e3135cbaac97a8825fcf,matched,PNG,256,256,RGB,1.0,False
archived_train,fake,Preapred Dataset/train/fake/1931.png,1931.png,png,none,93728,52dcecb3943342b8b454c1fdcb6adfeb1d4a0b466ddff5fde429bfc26efa3166,52dcecb3943342b8b454c1fdcb6adfeb1d4a0b466ddff5fde429bfc26efa3166,matched,PNG,256,256,RGB,1.0,False
archived_train,fake,Preapred Dataset/train/fake/12023.png,12023.png,png,none,88311,ae653d7c5f4bc750f830641509b373f9c4c8e63344ff70b33053ae9e3bd765f0,ae653d7c5f4bc750f830641509b373f9c4c8e63344ff70b33053ae9e3bd765f0,matched,PNG,256,256,RGB,1.0,False
archived_train,fake,Preapred Dataset/train/fake/7045.png,7045.png,png,none,92560,1d614018d7fdd34eceb4693bfaed50e5a472e43d326a06b00da99682b65b0df0,1d614018d7fdd34eceb4693bfaed50e5a472e43d326a06b00da99682b65b0df0,matched,PNG,256,256,RGB,1.0,False
archived_train,fake,Preapred Dataset/train/fake/24038.png,24038.png,png,none,89981,208863170d2a08e0fce19162a52977710767efd45ff7b5fee6298e442766c294,208863170d2a08e0fce19162a52977710767efd45ff7b5fee6298e442766c294,matched,PNG,256,256,RGB,1.0,False
archived_train,fake,Preapred Dataset/train/fake/28390.png,28390.png,png,none,98607,62b2206c323d227588088350f201a8229f03ec004f667782248e0674a4590630,62b2206c323d227588088350f201a8229f03ec004f667782248e0674a4590630,matched,PNG,256,256,RGB,1.0,False
archived_train,fake,Preapred Dataset/train/fake/27736.png,27736.png,png,none,116464,16df4a3031c8bbad5d34a737d238621037c7d1b1082b133142ccb0aa27f711c1,16df4a3031c8bbad5d34a737d238621037c7d1b1082b133142ccb0aa27f711c1,matched,PNG,256,256,RGB,1.0,False
archived_train,fake,Preapred Dataset/train/fake/14596.png,14596.png,png,none,120501,25246f06a92dfb5a214e52a9aea15e5fc64d055b7750c8b6d3f69df5564bf5c9,25246f06a92dfb5a214e52a9aea15e5fc64d055b7750c8b6d3f69df5564bf5c9,matched,PNG,256,256,RGB,1.0,False
archived_train,fake,Preapred Dataset/train/fake/24099.png,24099.png,png,none,101869,bbbe17f2959727f4c517403a26b89055b9f13a49aa5ed5ceef153faf81b0ca77,bbbe17f2959727f4c517403a26b89055b9f13a49aa5ed5ceef153faf81b0ca77,matched,PNG,256,256,RGB,1.0,False
archived_train,fake,Preapred Dataset/train/fake/31079.png,31079.png,png,none,112323,42bf10dde403c33194f14ca3722a357fadec633360749fed6b84e6f0900e590e,42bf10dde403c33194f14ca3722a357fadec633360749fed6b84e6f0900e590e,matched,PNG,256,256,RGBA,1.0,False
archived_train,fake,Preapred Dataset/train/fake/22214.png,22214.png,png,none,99660,3b32d7ca6db17b156832b76dfa3c5dc74775bad21e3b26e6904951a6079eae7a,3b32d7ca6db17b156832b76dfa3c5dc74775bad21e3b26e6904951a6079eae7a,matched,PNG,256,256,RGB,1.0,False
archived_train,fake,Preapred Dataset/train/fake/28234.png,28234.png,png,none,84862,1899df1f1685aa22f9679ecab69bce232a9f6718d73c988910c0eacefc92e4f5,1899df1f1685aa22f9679ecab69bce232a9f6718d73c988910c0eacefc92e4f5,matched,PNG,256,256,RGB,1.0,False
archived_train,fake,Preapred Dataset/train/fake/26625.png,26625.png,png,none,79088,f3f29b758cc7ec959b89c406ece8d7d84d73c7039f156eb181b15a924c511e74,f3f29b758cc7ec959b89c406ece8d7d84d73c7039f156eb181b15a924c511e74,matched,PNG,256,256,RGB,1.0,False
archived_train,fake,Preapred Dataset/train/fake/25042.png,25042.png,png,none,80891,869dd4d87fddd3045f32de3ca92b386ec4a4102e41a93b737cab9e0478b3887d,869dd4d87fddd3045f32de3ca92b386ec4a4102e41a93b737cab9e0478b3887d,matched,PNG,256,256,RGB,1.0,False
archived_train,fake,Preapred Dataset/train/fake/26566.png,26566.png,png,none,94467,8c259038f669f945b1ea5b09e7fe28113bdf2cafaca28ed107c4917e8ef9168d,8c259038f669f945b1ea5b09e7fe28113bdf2cafaca28ed107c4917e8ef9168d,matched,PNG,256,256,RGB,1.0,False
archived_train,fake,Preapred Dataset/train/fake/21516.png,21516.png,png,none,102843,247084494dff5e2610d226a6d21c2a13f337f9f5435648c77d982dc7e8b46ce1,247084494dff5e2610d226a6d21c2a13f337f9f5435648c77d982dc7e8b46ce1,matched,PNG,256,256,RGB,1.0,False
archived_train,real,Preapred Dataset/train/real/vid_0e766a04cb991214c77d1c6244cd6af88afeedad6e019ccf2b921a3a985b1914_face_000006_004.png,vid_0e766a04cb991214c77d1c6244cd6af88afeedad6e019ccf2b921a3a985b1914_face_000006_004.png,png,vid_0e766a04cb991214c77d1c6244cd6af88afeedad6e019ccf2b921a3a985b1914,34819,a35c86d56053c2c6ea406137f033052739022bd8392ae2f6cf1929649f43246a,a35c86d56053c2c6ea406137f033052739022bd8392ae2f6cf1929649f43246a,matched,PNG,157,154,RGB,1.0195,False
archived_train,real,Preapred Dataset/train/real/vid_bd04692c062371e576c63f9df6c27d984ce5b2a266381d30347b0415a57b3b4d_face_000042_015.png,vid_bd04692c062371e576c63f9df6c27d984ce5b2a266381d30347b0415a57b3b4d_face_000042_015.png,png,vid_bd04692c062371e576c63f9df6c27d984ce5b2a266381d30347b0415a57b3b4d,154181,a4b1d10da611740c914f2e1ab3a71ea7815837dc93afd9069390629b63caeeb7,a4b1d10da611740c914f2e1ab3a71ea7815837dc93afd9069390629b63caeeb7,matched,PNG,372,372,RGB,1.0,False
archived_train,real,Preapred Dataset/train/real/vid_c21fdd752fe81832445bc887f2bd4c811203b3266b19a76d6e5ad98278cbcacc_face_000102_029.png,vid_c21fdd752fe81832445bc887f2bd4c811203b3266b19a76d6e5ad98278cbcacc_face_000102_029.png,png,vid_c21fdd752fe81832445bc887f2bd4c811203b3266b19a76d6e5ad98278cbcacc,39556,ab6b5c1319d54fda1c488ff4041966541a3d67092917c480aa3183f1fc8fc90b,ab6b5c1319d54fda1c488ff4041966541a3d67092917c480aa3183f1fc8fc90b,matched,PNG,194,194,RGB,1.0,False
archived_train,real,Preapred Dataset/train/real/vid_3dfe76835a32df453f0fd1b5d3cf679574a8f400fe7ab36fdcbb1acaaefe0162_face_000018_008.png,vid_3dfe76835a32df453f0fd1b5d3cf679574a8f400fe7ab36fdcbb1acaaefe0162_face_000018_008.png,png,vid_3dfe76835a32df453f0fd1b5d3cf679574a8f400fe7ab36fdcbb1acaaefe0162,50588,d5f30155d5ad3341f5cd836946ff2154fafd0caf935f977e966b1a8df6ff16ee,d5f30155d5ad3341f5cd836946ff2154fafd0caf935f977e966b1a8df6ff16ee,matched,PNG,185,185,RGB,1.0,False
archived_train,real,Preapred Dataset/train/real/vid_b4d249be77b399ff1cc2dd16078d4aa43632bdfe09080c30a30b89f70b43a8d8_face_000094_021.png,vid_b4d249be77b399ff1cc2dd16078d4aa43632bdfe09080c30a30b89f70b43a8d8_face_000094_021.png,png,vid_b4d249be77b399ff1cc2dd16078d4aa43632bdfe09080c30a30b89f70b43a8d8,37674,524ebdcf68d1176764a5545696d715924dfe116f5b15118f2328f70d9c88b0db,524ebdcf68d1176764a5545696d715924dfe116f5b15118f2328f70d9c88b0db,matched,PNG,161,157,RGB,1.0255,False
archived_train,real,Preapred Dataset/train/real/vid_fc06dbaf7a6f30dea5df3ab7e736e8d513f0d40690333f9ca04e3b96a92f09ba_face_000021_008.png,vid_fc06dbaf7a6f30dea5df3ab7e736e8d513f0d40690333f9ca04e3b96a92f09ba_face_000021_008.png,png,vid_fc06dbaf7a6f30dea5df3ab7e736e8d513f0d40690333f9ca04e3b96a92f09ba,44485,f66c9d9f6277b8f821d8da70d5c717c21b09bb0b4d292168acc649c376fb974c,f66c9d9f6277b8f821d8da70d5c717c21b09bb0b4d292168acc649c376fb974c,matched,PNG,196,196,RGB,1.0,False
archived_train,real,Preapred Dataset/train/real/vid_0ce917037909a0a62fe7bd1c8e4ff5da987b3598c6cbd352e5d9bf73ecd4f2a0_face_000006_003.png,vid_0ce917037909a0a62fe7bd1c8e4ff5da987b3598c6cbd352e5d9bf73ecd4f2a0_face_000006_003.png,png,vid_0ce917037909a0a62fe7bd1c8e4ff5da987b3598c6cbd352e5d9bf73ecd4f2a0,8641,ffb460be550f4908650000b9be628286e632ca928542f3eba06a64d38941922f,none,missing_in_clean_parent,PNG,84,84,RGB,1.0,False
archived_train,real,Preapred Dataset/train/real/vid_14cf3f97208b541a6c95c3593c985d8b8ec8f8bd2343ff1fc624b1d341c0064d_face_000046_025.png,vid_14cf3f97208b541a6c95c3593c985d8b8ec8f8bd2343ff1fc624b1d341c0064d_face_000046_025.png,png,vid_14cf3f97208b541a6c95c3593c985d8b8ec8f8bd2343ff1fc624b1d341c0064d,35643,27ebe3bf887f7bb869f4cc091ecc05a024e32a0e56fa92e753c86ea6a7447af5,27ebe3bf887f7bb869f4cc091ecc05a024e32a0e56fa92e753c86ea6a7447af5,matched,PNG,160,151,RGB,1.0596,False
archived_train,real,Preapred Dataset/train/real/vid_c93246b0be9bc417899714250a381ec7df1a51b99749b6e9a71417d032550b9c_face_000020_011.png,vid_c93246b0be9bc417899714250a381ec7df1a51b99749b6e9a71417d032550b9c_face_000020_011.png,png,vid_c93246b0be9bc417899714250a381ec7df1a51b99749b6e9a71417d032550b9c,30141,4accafa358dfd1e66725706dbe436e537a3a58fa4237db83977f661a4717064a,4accafa358dfd1e66725706dbe436e537a3a58fa4237db83977f661a4717064a,matched,PNG,168,156,RGB,1.0769,False
archived_train,real,Preapred Dataset/train/real/vid_03c022e73d13be690fc6ae3e49beb0f76ed2a684affbff46d4003d8e41521867_face_000048_025.png,vid_03c022e73d13be690fc6ae3e49beb0f76ed2a684affbff46d4003d8e41521867_face_000048_025.png,png,vid_03c022e73d13be690fc6ae3e49beb0f76ed2a684affbff46d4003d8e41521867,36606,231c76eef23f05c14acd540c17d9b0a82714a5c5128629132733a3c3ba13713a,231c76eef23f05c14acd540c17d9b0a82714a5c5128629132733a3c3ba13713a,matched,PNG,168,158,RGB,1.0633,False
archived_train,real,Preapred Dataset/train/real/vid_cc3a02a36d7e32d728638c0c201e4394e5a080f7a280dc3dd1e5e604e1178aeb_face_000045_016.png,vid_cc3a02a36d7e32d728638c0c201e4394e5a080f7a280dc3dd1e5e604e1178aeb_face_000045_016.png,png,vid_cc3a02a36d7e32d728638c0c201e4394e5a080f7a280dc3dd1e5e604e1178aeb,70160,e569ff44afb44faf296aaf7b72b835d528d1ab9e5986b3ab0569bdc24e463dab,e569ff44afb44faf296aaf7b72b835d528d1ab9e5986b3ab0569bdc24e463dab,matched,PNG,225,225,RGB,1.0,False
archived_train,real,Preapred Dataset/train/real/vid_4aae959a47ca65b1e25074ab52196524a34e472862a2bde24b7b6cb4553c4a16_face_000018_004.png,vid_4aae959a47ca65b1e25074ab52196524a34e472862a2bde24b7b6cb4553c4a16_face_000018_004.png,png,vid_4aae959a47ca65b1e25074ab52196524a34e472862a2bde24b7b6cb4553c4a16,37294,7d20f63161e5d987257619d5e19b590f4aaf86137b3f7a9000319bfd5f36aefd,7d20f63161e5d987257619d5e19b590f4aaf86137b3f7a9000319bfd5f36aefd,matched,PNG,168,154,RGB,1.0909,False
archived_train,real,Preapred Dataset/train/real/vid_a0e640409d83ba197116c5648187ba296c1a1d9bdb9ec421a30e2dd1c4dbb2fd_face_000168_030.png,vid_a0e640409d83ba197116c5648187ba296c1a1d9bdb9ec421a30e2dd1c4dbb2fd_face_000168_030.png,png,vid_a0e640409d83ba197116c5648187ba296c1a1d9bdb9ec421a30e2dd1c4dbb2fd,40538,c7d1476e948a419d40df15b8c10895d8a4e6ece7c28087177a32772e6ab0e613,c7d1476e948a419d40df15b8c10895d8a4e6ece7c28087177a32772e6ab0e613,matched,PNG,162,158,RGB,1.0253,False
archived_train,real,Preapred Dataset/train/real/vid_06b8d978e732339476eb39c08021f4af403d7406b400097d6e17a17628bc69a6_face_000026_014.png,vid_06b8d978e732339476eb39c08021f4af403d7406b400097d6e17a17628bc69a6_face_000026_014.png,png,vid_06b8d978e732339476eb39c08021f4af403d7406b400097d6e17a17628bc69a6,41173,8994cc94382ce0652012f9ba0018dbc010c105dd954dfcf4865ae5dc3b64c30e,8994cc94382ce0652012f9ba0018dbc010c105dd954dfcf4865ae5dc3b64c30e,matched,PNG,169,164,RGB,1.0305,False
archived_train,real,Preapred Dataset/train/real/vid_dea8d0eb16dc6b76dcc4b7090cc21f0ecf9cc8e2ba0fe650bfd284470cfa43d7_face_000003_002.png,vid_dea8d0eb16dc6b76dcc4b7090cc21f0ecf9cc8e2ba0fe650bfd284470cfa43d7_face_000003_002.png,png,vid_dea8d0eb16dc6b76dcc4b7090cc21f0ecf9cc8e2ba0fe650bfd284470cfa43d7,39919,39038ae62bbd995820f63958802f8e18100d5cbf75182530c07e68b2e142bd93,39038ae62bbd995820f63958802f8e18100d5cbf75182530c07e68b2e142bd93,matched,PNG,163,163,RGB,1.0,False
archived_train,real,Preapred Dataset/train/real/vid_035e3bbba0a4584535a902fcb1f6f18bc8fe3e3947a6ecb2386e2a375465317a_face_000063_029.png,vid_035e3bbba0a4584535a902fcb1f6f18bc8fe3e3947a6ecb2386e2a375465317a_face_000063_029.png,png,vid_035e3bbba0a4584535a902fcb1f6f18bc8fe3e3947a6ecb2386e2a375465317a,35893,a29ef9a52e54931e98fd6eb84092f5411d2ee812d7f0548c5b4541ebc5f2f74d,a29ef9a52e54931e98fd6eb84092f5411d2ee812d7f0548c5b4541ebc5f2f74d,matched,PNG,158,158,RGB,1.0,False
archived_train,real,Preapred Dataset/train/real/vid_b1e45689d0d3c2c01f5b064553880599106a8b8cefb27172ff1e6ec0347990ea_face_000015_009.png,vid_b1e45689d0d3c2c01f5b064553880599106a8b8cefb27172ff1e6ec0347990ea_face_000015_009.png,png,vid_b1e45689d0d3c2c01f5b064553880599106a8b8cefb27172ff1e6ec0347990ea,16005,2cb5ca7fb661740710a46a1eb9bcc6bf1edae5a2856ad7e3c134ce9707c04dd8,2cb5ca7fb661740710a46a1eb9bcc6bf1edae5a2856ad7e3c134ce9707c04dd8,matched,PNG,99,99,RGB,1.0,False
archived_train,real,Preapred Dataset/train/real/vid_7631e44f0e4c8320ff0c8626a3fd8a68302fc86b2bbc67cc4ad8c9be3130e311_face_000010_006.png,vid_7631e44f0e4c8320ff0c8626a3fd8a68302fc86b2bbc67cc4ad8c9be3130e311_face_000010_006.png,png,vid_7631e44f0e4c8320ff0c8626a3fd8a68302fc86b2bbc67cc4ad8c9be3130e311,44993,300a7499524bf2738fbb0392e6eda7e1aee63345c4a09c9d883fbf0fd5366caa,300a7499524bf2738fbb0392e6eda7e1aee63345c4a09c9d883fbf0fd5366caa,matched,PNG,182,168,RGB,1.0833,False
archived_train,real,Preapred Dataset/train/real/vid_3211bb60f25263b84392aad751d1fc44da421d8c3ed2dfa03a49ac0f7091d17b_face_000018_013.png,vid_3211bb60f25263b84392aad751d1fc44da421d8c3ed2dfa03a49ac0f7091d17b_face_000018_013.png,png,vid_3211bb60f25263b84392aad751d1fc44da421d8c3ed2dfa03a49ac0f7091d17b,5572,de182edf37c6ceef1b32b4243d81671e0622c5e054fe31afd34b787ae72d726a,de182edf37c6ceef1b32b4243d81671e0622c5e054fe31afd34b787ae72d726a,matched,PNG,67,67,RGB,1.0,False
archived_train,real,Preapred Dataset/train/real/vid_5eef96c6b4757969982efc82d5499a91b4296497dd0f8496977a4286d497b275_face_000042_027.png,vid_5eef96c6b4757969982efc82d5499a91b4296497dd0f8496977a4286d497b275_face_000042_027.png,png,vid_5eef96c6b4757969982efc82d5499a91b4296497dd0f8496977a4286d497b275,124806,588a61fdcb8760a82a792a1b087bb90e1381c7ee551b7b0856b7a28fbfe86f42,588a61fdcb8760a82a792a1b087bb90e1381c7ee551b7b0856b7a28fbfe86f42,matched,PNG,313,313,RGB,1.0,False
archived_train,real,Preapred Dataset/train/real/vid_2137333adc682c8c85b2d882680dc6793d81468609b880230506a0339de9f712_face_000004_003.png,vid_2137333adc682c8c85b2d882680dc6793d81468609b880230506a0339de9f712_face_000004_003.png,png,vid_2137333adc682c8c85b2d882680dc6793d81468609b880230506a0339de9f712,34080,a615be0de8caa44be9c72d87e11e8479a9cf8aac851e943dafdff85b71490e74,a615be0de8caa44be9c72d87e11e8479a9cf8aac851e943dafdff85b71490e74,matched,PNG,150,150,RGB,1.0,False
archived_train,real,Preapred Dataset/train/real/vid_46578874d6e09972d3bf25395735219b7da051fd030c4a966c4d95ea0e13538d_face_000016_009.png,vid_46578874d6e09972d3bf25395735219b7da051fd030c4a966c4d95ea0e13538d_face_000016_009.png,png,vid_46578874d6e09972d3bf25395735219b7da051fd030c4a966c4d95ea0e13538d,28144,879cafc77cc925509f3172e598866a658edf0754595add916564a50460485144,879cafc77cc925509f3172e598866a658edf0754595add916564a50460485144,matched,PNG,151,151,RGB,1.0,False
archived_train,real,Preapred Dataset/train/real/vid_2822619d4b2877ed95a30bc36f5f28c783677bafc27ced192155490d5f0e17e2_face_000153_027.png,vid_2822619d4b2877ed95a30bc36f5f28c783677bafc27ced192155490d5f0e17e2_face_000153_027.png,png,vid_2822619d4b2877ed95a30bc36f5f28c783677bafc27ced192155490d5f0e17e2,50656,88f7170bd0935223ad51ce37f0e55b5438ee6ea9ccd467ba42676ddcf52c6e9f,88f7170bd0935223ad51ce37f0e55b5438ee6ea9ccd467ba42676ddcf52c6e9f,matched,PNG,216,216,RGB,1.0,False
archived_train,real,Preapred Dataset/train/real/vid_4cb95e3ae0807a0a4adc851ac3ec49068eed1f25867584b3f2f2b549f0197644_face_000072_030.png,vid_4cb95e3ae0807a0a4adc851ac3ec49068eed1f25867584b3f2f2b549f0197644_face_000072_030.png,png,vid_4cb95e3ae0807a0a4adc851ac3ec49068eed1f25867584b3f2f2b549f0197644,25551,7bd91e5d847200376a39f4dcd761b4f4bdc91ce60d8d9dac6bf37405e53fde35,7bd91e5d847200376a39f4dcd761b4f4bdc91ce60d8d9dac6bf37405e53fde35,matched,PNG,116,116,RGB,1.0,False
archived_train,real,Preapred Dataset/train/real/vid_adbf9b5dd42f23183ef05796d33c3852750cba11181c39a2a74335e7a6eec621_face_000069_025.png,vid_adbf9b5dd42f23183ef05796d33c3852750cba11181c39a2a74335e7a6eec621_face_000069_025.png,png,vid_adbf9b5dd42f23183ef05796d33c3852750cba11181c39a2a74335e7a6eec621,35034,e27e728f6be28582f3d564ebccabed7a89b8a391ccf6bd0572d0c81252175b46,e27e728f6be28582f3d564ebccabed7a89b8a391ccf6bd0572d0c81252175b46,matched,PNG,152,152,RGB,1.0,False
archived_train,real,Preapred Dataset/train/real/vid_8fa0e2033525ebb5797e1b620024615129d2cc6f6e0ad5b029e50afabd0a8ca5_face_000122_005.png,vid_8fa0e2033525ebb5797e1b620024615129d2cc6f6e0ad5b029e50afabd0a8ca5_face_000122_005.png,png,vid_8fa0e2033525ebb5797e1b620024615129d2cc6f6e0ad5b029e50afabd0a8ca5,37892,958e7aa6382405d4ba7eb8514e40c9ba37a178bda2e32a41795b24a8a9076fa9,958e7aa6382405d4ba7eb8514e40c9ba37a178bda2e32a41795b24a8a9076fa9,matched,PNG,164,151,RGB,1.0861,False
archived_train,real,Preapred Dataset/train/real/vid_018a4ab3f0e7176486ba97c7f5e4e0c96abf0cea7c8db0b49f82e67f4b3e753e_face_000042_015.png,vid_018a4ab3f0e7176486ba97c7f5e4e0c96abf0cea7c8db0b49f82e67f4b3e753e_face_000042_015.png,png,vid_018a4ab3f0e7176486ba97c7f5e4e0c96abf0cea7c8db0b49f82e67f4b3e753e,68600,0260d1cbbf8ee1637e2fb590940060a566de5d21880de4ea7a7366a23c7c8e87,0260d1cbbf8ee1637e2fb590940060a566de5d21880de4ea7a7366a23c7c8e87,matched,PNG,229,229,RGB,1.0,False
archived_train,real,Preapred Dataset/train/real/vid_5bb0e9bfd5c02506c1d85756326038460db550086532b43d51a521e869e4dd51_face_000003_003.png,vid_5bb0e9bfd5c02506c1d85756326038460db550086532b43d51a521e869e4dd51_face_000003_003.png,png,vid_5bb0e9bfd5c02506c1d85756326038460db550086532b43d51a521e869e4dd51,25418,54b7c5ab6c0f9e2ff3c0551b9d516e7ab0c824725d7952dded88d323785fae53,54b7c5ab6c0f9e2ff3c0551b9d516e7ab0c824725d7952dded88d323785fae53,matched,PNG,136,136,RGB,1.0,False
archived_train,real,Preapred Dataset/train/real/vid_a35a0200ac79a02fe8d8aa81d1a998eb66d1d317824b030319dc63a998b24a17_face_000056_029.png,vid_a35a0200ac79a02fe8d8aa81d1a998eb66d1d317824b030319dc63a998b24a17_face_000056_029.png,png,vid_a35a0200ac79a02fe8d8aa81d1a998eb66d1d317824b030319dc63a998b24a17,32903,25474f14a6f7d5940c5d0bd300b58d8942b946cff8eed61bec93e517d9e5a65b,25474f14a6f7d5940c5d0bd300b58d8942b946cff8eed61bec93e517d9e5a65b,matched,PNG,147,147,RGB,1.0,False
archived_train,real,Preapred Dataset/train/real/vid_7d71eb9b68096495aba1d1f2bdb3ccbdcfa1eb5b5398db01b02c9d263f1b9922_face_000026_014.png,vid_7d71eb9b68096495aba1d1f2bdb3ccbdcfa1eb5b5398db01b02c9d263f1b9922_face_000026_014.png,png,vid_7d71eb9b68096495aba1d1f2bdb3ccbdcfa1eb5b5398db01b02c9d263f1b9922,36417,397e812577a354e8f3a9508df14cc79b9f631bcae953b1ab8a164dac672291aa,397e812577a354e8f3a9508df14cc79b9f631bcae953b1ab8a164dac672291aa,matched,PNG,161,154,RGB,1.0455,False
archived_train,real,Preapred Dataset/train/real/vid_4633fcb324ad77c35b68ea24dcfd1c6fb27b6c09a9ddcf1be00c1ed5dc463f5e_face_000030_011.png,vid_4633fcb324ad77c35b68ea24dcfd1c6fb27b6c09a9ddcf1be00c1ed5dc463f5e_face_000030_011.png,png,vid_4633fcb324ad77c35b68ea24dcfd1c6fb27b6c09a9ddcf1be00c1ed5dc463f5e,102581,f18faf62510689bab2e798c86542fab58b17eb4b7201ce6276336c00f7f0cb5e,f18faf62510689bab2e798c86542fab58b17eb4b7201ce6276336c00f7f0cb5e,matched,PNG,291,291,RGB,1.0,False
archived_train,real,Preapred Dataset/train/real/vid_8b3ed60b00c1e4c08d1220852f527d29df07d64d1a559f8553d79d0fd05e61c8_face_000000_002.png,vid_8b3ed60b00c1e4c08d1220852f527d29df07d64d1a559f8553d79d0fd05e61c8_face_000000_002.png,png,vid_8b3ed60b00c1e4c08d1220852f527d29df07d64d1a559f8553d79d0fd05e61c8,6204,cf3064eec9b82717781dfa744b0bd6436d3414d927ab7e038a98ecde74cd4ffc,none,missing_in_clean_parent,PNG,75,75,RGB,1.0,False
archived_train,real,Preapred Dataset/train/real/vid_fdf42cf21dd1c7e8bb2db7f259bd27210a1cfcd05d0d497a5f3099578849961f_face_000075_028.png,vid_fdf42cf21dd1c7e8bb2db7f259bd27210a1cfcd05d0d497a5f3099578849961f_face_000075_028.png,png,vid_fdf42cf21dd1c7e8bb2db7f259bd27210a1cfcd05d0d497a5f3099578849961f,55714,b07606dc0f1ca9337e180c7d16b13664a905d87fd4ddccfb1d795fe3d382c8ce,b07606dc0f1ca9337e180c7d16b13664a905d87fd4ddccfb1d795fe3d382c8ce,matched,PNG,225,225,RGB,1.0,False
archived_train,real,Preapred Dataset/train/real/vid_d4778a37744af6a5ba6a49f785a48d843f8b92a2645b291c62224530ba4f784c_face_000024_009.png,vid_d4778a37744af6a5ba6a49f785a48d843f8b92a2645b291c62224530ba4f784c_face_000024_009.png,png,vid_d4778a37744af6a5ba6a49f785a48d843f8b92a2645b291c62224530ba4f784c,66793,b3228e7365edf297ae4a0a92dbf14a8792545b652a85a7a87e560bcdc04071d3,b3228e7365edf297ae4a0a92dbf14a8792545b652a85a7a87e560bcdc04071d3,matched,PNG,209,209,RGB,1.0,False
archived_train,real,Preapred Dataset/train/real/vid_c330684db1c6926f391824159b4e858141afbed8b75ab7ba8bd4f287572cd205_face_000016_009.png,vid_c330684db1c6926f391824159b4e858141afbed8b75ab7ba8bd4f287572cd205_face_000016_009.png,png,vid_c330684db1c6926f391824159b4e858141afbed8b75ab7ba8bd4f287572cd205,38311,0d78a2d20122c5cbcacdd240775261acbd4c520a3aa2eb25113c9897a360b1fe,0d78a2d20122c5cbcacdd240775261acbd4c520a3aa2eb25113c9897a360b1fe,matched,PNG,147,146,RGB,1.0068,False
archived_train,real,Preapred Dataset/train/real/vid_e961f7315f3f2c437c620f0f291b4e1d6b18a6709d3f9dcc18c7dfe074c3d776_face_000048_025.png,vid_e961f7315f3f2c437c620f0f291b4e1d6b18a6709d3f9dcc18c7dfe074c3d776_face_000048_025.png,png,vid_e961f7315f3f2c437c620f0f291b4e1d6b18a6709d3f9dcc18c7dfe074c3d776,33786,d1f0efe99390204f537855feda81c5a01f6ac6d5664a996f15a6c3cf8220ef38,d1f0efe99390204f537855feda81c5a01f6ac6d5664a996f15a6c3cf8220ef38,matched,PNG,158,153,RGB,1.0327,False
archived_train,real,Preapred Dataset/train/real/vid_aad5a4e09b0ce15eb6fa692148f0526488423089e6765cf2e9840b2b2a5e9c96_face_000003_004.png,vid_aad5a4e09b0ce15eb6fa692148f0526488423089e6765cf2e9840b2b2a5e9c96_face_000003_004.png,png,vid_aad5a4e09b0ce15eb6fa692148f0526488423089e6765cf2e9840b2b2a5e9c96,25555,14249baa1d5c7ffd51543ab0476dc84465356ff2a6b708dff3d0f09ae74038c0,14249baa1d5c7ffd51543ab0476dc84465356ff2a6b708dff3d0f09ae74038c0,matched,PNG,163,163,RGB,1.0,False
archived_train,real,Preapred Dataset/train/real/vid_c9386096174835ab30adbac31c742326bcb3edf577a6e9b8c584b65a3f8485dd_face_000022_012.png,vid_c9386096174835ab30adbac31c742326bcb3edf577a6e9b8c584b65a3f8485dd_face_000022_012.png,png,vid_c9386096174835ab30adbac31c742326bcb3edf577a6e9b8c584b65a3f8485dd,43600,d0026ceb17a5237a676d421297e69d6c8ffa034c622f6dfa1ca1881ec5537dd7,d0026ceb17a5237a676d421297e69d6c8ffa034c622f6dfa1ca1881ec5537dd7,matched,PNG,168,159,RGB,1.0566,False
archived_train,real,Preapred Dataset/train/real/vid_82ea527dc495fd15e54b61564117ab81cd3bce29332722ea7f01b0eb435c4e56_face_000010_006.png,vid_82ea527dc495fd15e54b61564117ab81cd3bce29332722ea7f01b0eb435c4e56_face_000010_006.png,png,vid_82ea527dc495fd15e54b61564117ab81cd3bce29332722ea7f01b0eb435c4e56,38583,7f0616d257d0402824073916789717a1bea93dc28efdd744f01b9cdd222d287d,7f0616d257d0402824073916789717a1bea93dc28efdd744f01b9cdd222d287d,matched,PNG,159,155,RGB,1.0258,False
archived_train,real,Preapred Dataset/train/real/vid_ac46990f20262891619324abbf81c9e9c5f56a4ee191b100bb970d38238d2dac_face_000022_014.png,vid_ac46990f20262891619324abbf81c9e9c5f56a4ee191b100bb970d38238d2dac_face_000022_014.png,png,vid_ac46990f20262891619324abbf81c9e9c5f56a4ee191b100bb970d38238d2dac,41758,d826c2fc91fe508e936ce4fde51662d1531efb5794da3f9194ffab42229d82ca,d826c2fc91fe508e936ce4fde51662d1531efb5794da3f9194ffab42229d82ca,matched,PNG,161,151,RGB,1.0662,False
archived_train,real,Preapred Dataset/train/real/vid_c18f924a587ece5790146b1c310f97e0e758606948df0751b3ad76a1f9b2a655_face_000048_009.png,vid_c18f924a587ece5790146b1c310f97e0e758606948df0751b3ad76a1f9b2a655_face_000048_009.png,png,vid_c18f924a587ece5790146b1c310f97e0e758606948df0751b3ad76a1f9b2a655,37060,6da5276bf76f61f1ed8e3a73cf242140ca3c984bc0fa65b89e4ab8f526769e7d,6da5276bf76f61f1ed8e3a73cf242140ca3c984bc0fa65b89e4ab8f526769e7d,matched,PNG,189,189,RGB,1.0,False
archived_train,real,Preapred Dataset/train/real/vid_171fd8d8b6b82e1363648f95bfc690f5ec8d3d9eb7a0f7c82b48c41f78f2548e_face_000008_010.png,vid_171fd8d8b6b82e1363648f95bfc690f5ec8d3d9eb7a0f7c82b48c41f78f2548e_face_000008_010.png,png,vid_171fd8d8b6b82e1363648f95bfc690f5ec8d3d9eb7a0f7c82b48c41f78f2548e,9364,743cb934e76815c1e99faffa37865f6a4c5f23475d31c77c8f02d4f63dfb0e30,743cb934e76815c1e99faffa37865f6a4c5f23475d31c77c8f02d4f63dfb0e30,matched,PNG,77,77,RGB,1.0,False
archived_train,real,Preapred Dataset/train/real/vid_84407c8caff38151960af8a9c3e5b77a73a4a9fc75fbc55739312cf583f4d518_face_000014_006.png,vid_84407c8caff38151960af8a9c3e5b77a73a4a9fc75fbc55739312cf583f4d518_face_000014_006.png,png,vid_84407c8caff38151960af8a9c3e5b77a73a4a9fc75fbc55739312cf583f4d518,30203,22636f44b4f3248cf5a625fe32c3dbdcbfa87bf03abe3c41db7261f865c22abb,22636f44b4f3248cf5a625fe32c3dbdcbfa87bf03abe3c41db7261f865c22abb,matched,PNG,147,135,RGB,1.0889,False
archived_train,real,Preapred Dataset/train/real/vid_8056b07e93069306905e33a27ce7dfb747a6a8a3d8eefba08b63ad4bb3496ec6_face_000042_022.png,vid_8056b07e93069306905e33a27ce7dfb747a6a8a3d8eefba08b63ad4bb3496ec6_face_000042_022.png,png,vid_8056b07e93069306905e33a27ce7dfb747a6a8a3d8eefba08b63ad4bb3496ec6,28074,e19e2cdb480b746a097c76efae32f1fba942783e3f51ac73c658bb8b0d36b833,e19e2cdb480b746a097c76efae32f1fba942783e3f51ac73c658bb8b0d36b833,matched,PNG,149,149,RGB,1.0,False
archived_train,real,Preapred Dataset/train/real/vid_928cdd72b06ff353e0efce00ab5ec16b33df14ba7a25227f4201fa55851c613c_face_000030_022.png,vid_928cdd72b06ff353e0efce00ab5ec16b33df14ba7a25227f4201fa55851c613c_face_000030_022.png,png,vid_928cdd72b06ff353e0efce00ab5ec16b33df14ba7a25227f4201fa55851c613c,16884,5ed3b50c4e7fe548a25e0179f81c95234eae7651765064af8a10cc4254880f30,none,missing_in_clean_parent,PNG,92,92,RGB,1.0,False
archived_train,real,Preapred Dataset/train/real/vid_1a37aaf47ba7c01f28190038b6ffbebf9bf76de9c6d18bfe3d2acc2f978d66c6_face_000050_017.png,vid_1a37aaf47ba7c01f28190038b6ffbebf9bf76de9c6d18bfe3d2acc2f978d66c6_face_000050_017.png,png,vid_1a37aaf47ba7c01f28190038b6ffbebf9bf76de9c6d18bfe3d2acc2f978d66c6,13299,4b65fdd48d13bc147ad8c0fdd9f819d0715fdd314b2505b4c5625f02311fccee,4b65fdd48d13bc147ad8c0fdd9f819d0715fdd314b2505b4c5625f02311fccee,matched,PNG,102,97,RGB,1.0515,False
archived_train,real,Preapred Dataset/train/real/vid_570a13cefbb22719b900b33ea1da8dc2fa66f2384e6e84d1c68d54bbbcbe597d_face_000066_024.png,vid_570a13cefbb22719b900b33ea1da8dc2fa66f2384e6e84d1c68d54bbbcbe597d_face_000066_024.png,png,vid_570a13cefbb22719b900b33ea1da8dc2fa66f2384e6e84d1c68d54bbbcbe597d,45724,acc4fa52492ea0fcdbdc5feb56358aa9fa098642dfa92ff444f43d122eab7c8f,acc4fa52492ea0fcdbdc5feb56358aa9fa098642dfa92ff444f43d122eab7c8f,matched,PNG,177,177,RGB,1.0,False
archived_train,real,Preapred Dataset/train/real/vid_c9ad893177054d84c8afb0871400ce8feed780b77ffcd16784be8deb451300b2_face_000057_021.png,vid_c9ad893177054d84c8afb0871400ce8feed780b77ffcd16784be8deb451300b2_face_000057_021.png,png,vid_c9ad893177054d84c8afb0871400ce8feed780b77ffcd16784be8deb451300b2,46842,7206496a88b47bff4d0c64a5c3bdb252a8e8e2bf9a5e03002d3dd9df17098bc0,7206496a88b47bff4d0c64a5c3bdb252a8e8e2bf9a5e03002d3dd9df17098bc0,matched,PNG,181,181,RGB,1.0,False
archived_train,real,Preapred Dataset/train/real/vid_0c8b000a438aa37c611792450771d2686162b4dda7f3d29e579ab02439f543d3_face_000006_005.png,vid_0c8b000a438aa37c611792450771d2686162b4dda7f3d29e579ab02439f543d3_face_000006_005.png,png,vid_0c8b000a438aa37c611792450771d2686162b4dda7f3d29e579ab02439f543d3,43003,d53f83239c57a035ad78d8251c5462b469e4be0c639149ea274002039fa23927,d53f83239c57a035ad78d8251c5462b469e4be0c639149ea274002039fa23927,matched,PNG,172,162,RGB,1.0617,False
archived_train,real,Preapred Dataset/train/real/vid_d937f7010ce561a79de7a28b03fd7c0d8b4d05cfc8a826cdcb2ea49f767fccc3_face_000057_020.png,vid_d937f7010ce561a79de7a28b03fd7c0d8b4d05cfc8a826cdcb2ea49f767fccc3_face_000057_020.png,png,vid_d937f7010ce561a79de7a28b03fd7c0d8b4d05cfc8a826cdcb2ea49f767fccc3,66203,d43d671df4ea11f523f7edcb5a00fd4e87a9bb74ced6e6f0a1dba3587cd197f0,d43d671df4ea11f523f7edcb5a00fd4e87a9bb74ced6e6f0a1dba3587cd197f0,matched,PNG,229,229,RGB,1.0,False
archived_train,real,Preapred Dataset/train/real/vid_14f1c1139a00ba6b7219dda563e8e6ef88d267f97ca8e212eb44da1a258f0bd1_face_000057_029.png,vid_14f1c1139a00ba6b7219dda563e8e6ef88d267f97ca8e212eb44da1a258f0bd1_face_000057_029.png,png,vid_14f1c1139a00ba6b7219dda563e8e6ef88d267f97ca8e212eb44da1a258f0bd1,15891,d52ba8aa3b250a039ff48286f383497c663bd75ac4078dd889cdbfcafa41ecce,d52ba8aa3b250a039ff48286f383497c663bd75ac4078dd889cdbfcafa41ecce,matched,PNG,101,101,RGB,1.0,False
archived_train,real,Preapred Dataset/train/real/vid_2d4775f6492df27826fc321aa4730d3e2ab0e05be35a5c9d90fec279c43d1d21_face_000096_026.png,vid_2d4775f6492df27826fc321aa4730d3e2ab0e05be35a5c9d90fec279c43d1d21_face_000096_026.png,png,vid_2d4775f6492df27826fc321aa4730d3e2ab0e05be35a5c9d90fec279c43d1d21,7783,7d90c7a6b971e0d98a560a376d0398bd2cf913a5148bb1f2c3c6635868fddbb3,7d90c7a6b971e0d98a560a376d0398bd2cf913a5148bb1f2c3c6635868fddbb3,matched,PNG,74,74,RGB,1.0,False
archived_train,real,Preapred Dataset/train/real/vid_0888f85b74569f744003e92cf8d6987616a6c49ee6b9fd3b249f6bfae2277e47_face_000027_014.png,vid_0888f85b74569f744003e92cf8d6987616a6c49ee6b9fd3b249f6bfae2277e47_face_000027_014.png,png,vid_0888f85b74569f744003e92cf8d6987616a6c49ee6b9fd3b249f6bfae2277e47,64536,46ce1b3a9990578ad146a6d625c1832114aec1d35f896cc96418d02c9014ba75,46ce1b3a9990578ad146a6d625c1832114aec1d35f896cc96418d02c9014ba75,matched,PNG,220,220,RGB,1.0,False
archived_train,real,Preapred Dataset/train/real/vid_29640dafebd5cb67f4160caa2c17bf8effe2ed91af69fa7ad427cf997e85d5a1_face_000046_024.png,vid_29640dafebd5cb67f4160caa2c17bf8effe2ed91af69fa7ad427cf997e85d5a1_face_000046_024.png,png,vid_29640dafebd5cb67f4160caa2c17bf8effe2ed91af69fa7ad427cf997e85d5a1,34866,6799f28c9d7430d5e2c0d887ae77e1a1e2203c7be3fbbe76be31d9c8397e8bbf,6799f28c9d7430d5e2c0d887ae77e1a1e2203c7be3fbbe76be31d9c8397e8bbf,matched,PNG,161,159,RGB,1.0126,False
archived_train,real,Preapred Dataset/train/real/vid_91007c00fe164ef1051ea98e83169b66ab41796cff63adb9984003b805e44ba8_face_000054_020.png,vid_91007c00fe164ef1051ea98e83169b66ab41796cff63adb9984003b805e44ba8_face_000054_020.png,png,vid_91007c00fe164ef1051ea98e83169b66ab41796cff63adb9984003b805e44ba8,56261,21f590f4ba2b21f8ae5ce5a230d8bedc7b54b7206ce12f7eb72929e0bf50db75,21f590f4ba2b21f8ae5ce5a230d8bedc7b54b7206ce12f7eb72929e0bf50db75,matched,PNG,213,213,RGB,1.0,False
archived_train,real,Preapred Dataset/train/real/vid_a86208d76c5b65045af1e0c8b339b25501c96cccf86fea7489e65c11ef7b203b_face_000006_010.png,vid_a86208d76c5b65045af1e0c8b339b25501c96cccf86fea7489e65c11ef7b203b_face_000006_010.png,png,vid_a86208d76c5b65045af1e0c8b339b25501c96cccf86fea7489e65c11ef7b203b,108808,2922ef031937577eb7bd160f942b7e8b994a9d044a5d46e75c7dafb1c26b7612,2922ef031937577eb7bd160f942b7e8b994a9d044a5d46e75c7dafb1c26b7612,matched,PNG,282,282,RGB,1.0,False
archived_train,real,Preapred Dataset/train/real/vid_ec28c919e8dcb6c49cd3fa4dfb52b0eb2d202b2b1bcf2899e9c7884cfe82a0d2_face_000066_024.png,vid_ec28c919e8dcb6c49cd3fa4dfb52b0eb2d202b2b1bcf2899e9c7884cfe82a0d2_face_000066_024.png,png,vid_ec28c919e8dcb6c49cd3fa4dfb52b0eb2d202b2b1bcf2899e9c7884cfe82a0d2,33999,b08732b235a2b16136b08a9c06ecc3e76fa20b477ce64e354599e87452d96c4d,b08732b235a2b16136b08a9c06ecc3e76fa20b477ce64e354599e87452d96c4d,matched,PNG,153,153,RGB,1.0,False
archived_train,real,Preapred Dataset/train/real/vid_fc456c0edca8e800b562d0e46b05e2fe9965761c1ecf2c810b2268e123cf7cf1_face_000033_012.png,vid_fc456c0edca8e800b562d0e46b05e2fe9965761c1ecf2c810b2268e123cf7cf1_face_000033_012.png,png,vid_fc456c0edca8e800b562d0e46b05e2fe9965761c1ecf2c810b2268e123cf7cf1,7264,b859fa02e4f139c4597b3bbb3cd7e65d4aa302d9dd86c27d22b5ba0f90a5fc51,none,missing_in_clean_parent,PNG,69,69,RGB,1.0,False
archived_train,real,Preapred Dataset/train/real/vid_f843942e5ddd4b418a154762ef549804d3bacf23efa238e121f863f1702225fe_face_000016_009.png,vid_f843942e5ddd4b418a154762ef549804d3bacf23efa238e121f863f1702225fe_face_000016_009.png,png,vid_f843942e5ddd4b418a154762ef549804d3bacf23efa238e121f863f1702225fe,34117,db02198c1eeba9a093d4d574751fd2553e17ba5151952de8fe4eca91791e63ad,db02198c1eeba9a093d4d574751fd2553e17ba5151952de8fe4eca91791e63ad,matched,PNG,161,156,RGB,1.0321,False
archived_train,real,Preapred Dataset/train/real/vid_084b3e30d8c15920d800d8e7023df9744f8eedf02a3ecb6c41525308584da3aa_face_000000_003.png,vid_084b3e30d8c15920d800d8e7023df9744f8eedf02a3ecb6c41525308584da3aa_face_000000_003.png,png,vid_084b3e30d8c15920d800d8e7023df9744f8eedf02a3ecb6c41525308584da3aa,3381,c5da372cee8b543e64a852405bdec92e281b9af800d897a228d60cc50ea153f4,c5da372cee8b543e64a852405bdec92e281b9af800d897a228d60cc50ea153f4,matched,PNG,40,40,RGB,1.0,False
archived_train,real,Preapred Dataset/train/real/vid_b55be1c668550d0d870bae22f0abcb6e3877fd1c7641fe5d6922cf9123541c58_face_000042_022.png,vid_b55be1c668550d0d870bae22f0abcb6e3877fd1c7641fe5d6922cf9123541c58_face_000042_022.png,png,vid_b55be1c668550d0d870bae22f0abcb6e3877fd1c7641fe5d6922cf9123541c58,39493,09a96d22a6c781b95209c404cfc9c505da4ee52995e203a470f2a56949815c69,09a96d22a6c781b95209c404cfc9c505da4ee52995e203a470f2a56949815c69,matched,PNG,160,160,RGB,1.0,False
archived_train,real,Preapred Dataset/train/real/vid_1045c7a8f08915753771bf9b3e8017e55566c863c4bd55526ed4869d0241913b_face_000058_022.png,vid_1045c7a8f08915753771bf9b3e8017e55566c863c4bd55526ed4869d0241913b_face_000058_022.png,png,vid_1045c7a8f08915753771bf9b3e8017e55566c863c4bd55526ed4869d0241913b,37456,92ec50d3410805b0eefab5c83d9737aa1ec2413bb1d97ee0805e78176a750144,92ec50d3410805b0eefab5c83d9737aa1ec2413bb1d97ee0805e78176a750144,matched,PNG,165,154,RGB,1.0714,False
archived_train,real,Preapred Dataset/train/real/vid_1da0a63ca3737088af774ed51ded591de13e46706988d1970f2578e1698b9d08_face_000028_027.png,vid_1da0a63ca3737088af774ed51ded591de13e46706988d1970f2578e1698b9d08_face_000028_027.png,png,vid_1da0a63ca3737088af774ed51ded591de13e46706988d1970f2578e1698b9d08,128311,bed0a3ccc2a2fd4a54343e843b1db4b536e93b80c19921a6cfbaedc921d74678,bed0a3ccc2a2fd4a54343e843b1db4b536e93b80c19921a6cfbaedc921d74678,matched,PNG,278,278,RGB,1.0,False
archived_train,real,Preapred Dataset/train/real/vid_ad9c3e08113c88cb5f3c59510d6b46318678985d181b690ef0fe55f765f989a0_face_000036_019.png,vid_ad9c3e08113c88cb5f3c59510d6b46318678985d181b690ef0fe55f765f989a0_face_000036_019.png,png,vid_ad9c3e08113c88cb5f3c59510d6b46318678985d181b690ef0fe55f765f989a0,38763,f574373918524ec92f3ed9a942a74dbdeaa765f2c52c93a6bbc4c76a5df1e3f7,f574373918524ec92f3ed9a942a74dbdeaa765f2c52c93a6bbc4c76a5df1e3f7,matched,PNG,158,157,RGB,1.0064,False
archived_train,real,Preapred Dataset/train/real/192988.jpg,192988.jpg,jpg,none,9320,fd27a97af1bbaaa6290ee423c4a49d4b98721148e843ab6f7ddc353c0c9ab184,fd27a97af1bbaaa6290ee423c4a49d4b98721148e843ab6f7ddc353c0c9ab184,matched,JPEG,178,218,RGB,0.8165,True
archived_train,real,Preapred Dataset/train/real/036097.jpg,036097.jpg,jpg,none,8938,d21b9ebc26f23a62a24a568aa3ca09be06bef1c076b3142bc51fcbc6b873ca49,d21b9ebc26f23a62a24a568aa3ca09be06bef1c076b3142bc51fcbc6b873ca49,matched,JPEG,178,218,RGB,0.8165,True
archived_train,real,Preapred Dataset/train/real/143481.jpg,143481.jpg,jpg,none,7335,a8b83c4fce7c76533c17a046ae83202f232af4f8e07d9d2dbbbd4c97370292ff,a8b83c4fce7c76533c17a046ae83202f232af4f8e07d9d2dbbbd4c97370292ff,matched,JPEG,178,218,RGB,0.8165,True
archived_train,real,Preapred Dataset/train/real/050812.jpg,050812.jpg,jpg,none,5415,2cf7ac6288a09f23c3605ac9b314158304d113bd4e086869ec176abfdda5048c,2cf7ac6288a09f23c3605ac9b314158304d113bd4e086869ec176abfdda5048c,matched,JPEG,178,218,RGB,0.8165,True
archived_train,real,Preapred Dataset/train/real/039099.jpg,039099.jpg,jpg,none,4977,f85ea0bbbbdc0f48ca1bbfb5e5caecaac60f795aa73840b4e66784637882e868,f85ea0bbbbdc0f48ca1bbfb5e5caecaac60f795aa73840b4e66784637882e868,matched,JPEG,178,218,RGB,0.8165,True
archived_train,real,Preapred Dataset/train/real/022383.jpg,022383.jpg,jpg,none,7406,6a5d096a18d51e91c2125a210c85dddce225193ab6a6aade9e9dfc69b6405454,6a5d096a18d51e91c2125a210c85dddce225193ab6a6aade9e9dfc69b6405454,matched,JPEG,178,218,RGB,0.8165,True
archived_train,real,Preapred Dataset/train/real/099369.jpg,099369.jpg,jpg,none,4765,1448476c29ed03e666b9fd704cdccaf7196110d28c501643aab0286245b2d2ae,1448476c29ed03e666b9fd704cdccaf7196110d28c501643aab0286245b2d2ae,matched,JPEG,178,218,RGB,0.8165,True
archived_train,real,Preapred Dataset/train/real/105507.jpg,105507.jpg,jpg,none,6994,5f85500b5e3d2ac339e1b23ec5196ec3987d0e80b94db586fd00b03b65f1085f,5f85500b5e3d2ac339e1b23ec5196ec3987d0e80b94db586fd00b03b65f1085f,matched,JPEG,178,218,RGB,0.8165,True
archived_train,real,Preapred Dataset/train/real/042778.jpg,042778.jpg,jpg,none,6639,79d12142ef31d6293233e534d14b93e5b0d098ecfefb782a662545b804ac68aa,79d12142ef31d6293233e534d14b93e5b0d098ecfefb782a662545b804ac68aa,matched,JPEG,178,218,RGB,0.8165,True
archived_train,real,Preapred Dataset/train/real/061598.jpg,061598.jpg,jpg,none,7524,faf1b7d640e18f5331c6c111dd8c471bba76f16bb490899813eff96edb147ad1,faf1b7d640e18f5331c6c111dd8c471bba76f16bb490899813eff96edb147ad1,matched,JPEG,178,218,RGB,0.8165,True
archived_train,real,Preapred Dataset/train/real/035766.jpg,035766.jpg,jpg,none,6981,c8d20c2c2cafd2421e1c104e4138c8517c5d927c53f5b417499a372130d0c960,c8d20c2c2cafd2421e1c104e4138c8517c5d927c53f5b417499a372130d0c960,matched,JPEG,178,218,RGB,0.8165,True
archived_train,real,Preapred Dataset/train/real/103126.jpg,103126.jpg,jpg,none,8195,7a518c93a4299d98027d67b0e61777b1edbc7860cf52534808cd67d5e762176b,7a518c93a4299d98027d67b0e61777b1edbc7860cf52534808cd67d5e762176b,matched,JPEG,178,218,RGB,0.8165,True
archived_train,real,Preapred Dataset/train/real/003099.jpg,003099.jpg,jpg,none,9383,15e6bac3ff6854db34d262ec8d62fb8bd19ff6790f10f55b0386d734da5e7ee3,15e6bac3ff6854db34d262ec8d62fb8bd19ff6790f10f55b0386d734da5e7ee3,matched,JPEG,178,218,RGB,0.8165,True
archived_train,real,Preapred Dataset/train/real/082890.jpg,082890.jpg,jpg,none,7906,00735963d43bb89288d46615e4856ac59d0b78a0483a7d2eb51bb0b6772f52e9,00735963d43bb89288d46615e4856ac59d0b78a0483a7d2eb51bb0b6772f52e9,matched,JPEG,178,218,RGB,0.8165,True
archived_train,real,Preapred Dataset/train/real/164106.jpg,164106.jpg,jpg,none,7116,9ee5c7bd7f2a2eeae913e8351875acfde960f00151c09ccc96e0437645fc8272,9ee5c7bd7f2a2eeae913e8351875acfde960f00151c09ccc96e0437645fc8272,matched,JPEG,178,218,RGB,0.8165,True
archived_train,real,Preapred Dataset/train/real/159272.jpg,159272.jpg,jpg,none,6545,d136f03c47adc79f0fec70596af6911d5c5438e7dfaa6f8db116a8134cb6c51c,d136f03c47adc79f0fec70596af6911d5c5438e7dfaa6f8db116a8134cb6c51c,matched,JPEG,178,218,RGB,0.8165,True
archived_train,real,Preapred Dataset/train/real/059382.jpg,059382.jpg,jpg,none,7264,1c42c16150c183c93bb412fe2eb200560bb5ea66b07508392582d9aa8188da14,1c42c16150c183c93bb412fe2eb200560bb5ea66b07508392582d9aa8188da14,matched,JPEG,178,218,RGB,0.8165,True
archived_train,real,Preapred Dataset/train/real/055078.jpg,055078.jpg,jpg,none,7482,a1cf1dcab081d3bc2c855baf37f094a0456a5be0852569d76240cd26eac80d75,a1cf1dcab081d3bc2c855baf37f094a0456a5be0852569d76240cd26eac80d75,matched,JPEG,178,218,RGB,0.8165,True
archived_train,real,Preapred Dataset/train/real/142851.jpg,142851.jpg,jpg,none,7358,024a8188ef3dc0779a280aa78080cce0d28e8c1787c1185ddf93df813283547b,024a8188ef3dc0779a280aa78080cce0d28e8c1787c1185ddf93df813283547b,matched,JPEG,178,218,RGB,0.8165,True
archived_train,real,Preapred Dataset/train/real/066764.jpg,066764.jpg,jpg,none,7031,629d2de6a6afdabcdffaa1258234296f5ebcfd8aec73b826953d2ffc761814cf,629d2de6a6afdabcdffaa1258234296f5ebcfd8aec73b826953d2ffc761814cf,matched,JPEG,178,218,RGB,0.8165,True
archived_train,real,Preapred Dataset/train/real/027798.jpg,027798.jpg,jpg,none,6162,8f8dfa0844f2263009cef04e1b04dfafc630bbf85997b08cc8d28db9297d1d56,8f8dfa0844f2263009cef04e1b04dfafc630bbf85997b08cc8d28db9297d1d56,matched,JPEG,178,218,RGB,0.8165,True
archived_train,real,Preapred Dataset/train/real/119606.jpg,119606.jpg,jpg,none,6351,7dd6cd817aea3d9473cdd59cd5051ce52d4497824a9c9a0d2519bd52e765b3f2,7dd6cd817aea3d9473cdd59cd5051ce52d4497824a9c9a0d2519bd52e765b3f2,matched,JPEG,178,218,RGB,0.8165,True
archived_train,real,Preapred Dataset/train/real/025295.jpg,025295.jpg,jpg,none,8661,16540072afc650e7ab2308f2c745b53efd518c29efd12637a385d3e6405937ad,16540072afc650e7ab2308f2c745b53efd518c29efd12637a385d3e6405937ad,matched,JPEG,178,218,RGB,0.8165,True
archived_train,real,Preapred Dataset/train/real/095281.jpg,095281.jpg,jpg,none,6439,600cb74e8406a45cc95c2181a16291f57ba8f242ae79dd580aa7218cc2cd8069,600cb74e8406a45cc95c2181a16291f57ba8f242ae79dd580aa7218cc2cd8069,matched,JPEG,178,218,RGB,0.8165,True
archived_train,real,Preapred Dataset/train/real/034724.jpg,034724.jpg,jpg,none,6443,ec191d023d6d019a7074498dd4a4ffc6ddea7300cabeff93afd260cf386e06dd,ec191d023d6d019a7074498dd4a4ffc6ddea7300cabeff93afd260cf386e06dd,matched,JPEG,178,218,RGB,0.8165,True
archived_train,real,Preapred Dataset/train/real/064009.jpg,064009.jpg,jpg,none,8255,6fba85dc41e20af51bdcac54e252224a52113f9a5beec4aad55e21f6bc4c158b,6fba85dc41e20af51bdcac54e252224a52113f9a5beec4aad55e21f6bc4c158b,matched,JPEG,178,218,RGB,0.8165,True
archived_train,real,Preapred Dataset/train/real/090918.jpg,090918.jpg,jpg,none,5787,609ef308de88d2541d1a9823df2a759e8d7942266b98e383f5564bf7e5965601,609ef308de88d2541d1a9823df2a759e8d7942266b98e383f5564bf7e5965601,matched,JPEG,178,218,RGB,0.8165,True
archived_train,real,Preapred Dataset/train/real/069601.jpg,069601.jpg,jpg,none,7022,f5480712ce2bb32a8db662a2e923140c420d2f765f590341acaa5e423ff394fb,f5480712ce2bb32a8db662a2e923140c420d2f765f590341acaa5e423ff394fb,matched,JPEG,178,218,RGB,0.8165,True
archived_train,real,Preapred Dataset/train/real/082036.jpg,082036.jpg,jpg,none,5655,8a1153dcab080b185e0d23bb6eca3daf2778423d5ffb80c69572ad908315a390,8a1153dcab080b185e0d23bb6eca3daf2778423d5ffb80c69572ad908315a390,matched,JPEG,178,218,RGB,0.8165,True
archived_train,real,Preapred Dataset/train/real/130650.jpg,130650.jpg,jpg,none,6023,73e6ceb8e76e003a004b46938e3e66d793a1042a6ce524d7783ae0797945b4ee,73e6ceb8e76e003a004b46938e3e66d793a1042a6ce524d7783ae0797945b4ee,matched,JPEG,178,218,RGB,0.8165,True
archived_train,real,Preapred Dataset/train/real/123198.jpg,123198.jpg,jpg,none,6558,51bc50ac5d989e9b72f25af9c6150e88de5e360af61df69647369bac8d085f73,51bc50ac5d989e9b72f25af9c6150e88de5e360af61df69647369bac8d085f73,matched,JPEG,178,218,RGB,0.8165,True
archived_train,real,Preapred Dataset/train/real/019632.jpg,019632.jpg,jpg,none,5331,e8cf6115a08c7319f08d145a14eaf733992a41b59eef1187715ecdb88ed55f7e,e8cf6115a08c7319f08d145a14eaf733992a41b59eef1187715ecdb88ed55f7e,matched,JPEG,178,218,RGB,0.8165,True
archived_train,real,Preapred Dataset/train/real/134890.jpg,134890.jpg,jpg,none,7566,b403c32ebd32ab24af741fb88f869f370f5f2143f35fceec4617a12710126e98,b403c32ebd32ab24af741fb88f869f370f5f2143f35fceec4617a12710126e98,matched,JPEG,178,218,RGB,0.8165,True
archived_train,real,Preapred Dataset/train/real/058075.jpg,058075.jpg,jpg,none,6557,bffcf24bbc66bca842ae1f0deb13365ec7c096b66c6da7cb15c527105746958e,bffcf24bbc66bca842ae1f0deb13365ec7c096b66c6da7cb15c527105746958e,matched,JPEG,178,218,RGB,0.8165,True
archived_train,real,Preapred Dataset/train/real/086632.jpg,086632.jpg,jpg,none,5494,93c5a69d1a81407e5d827223d45d2f5197655c871194d74099dc1c85b99dc765,93c5a69d1a81407e5d827223d45d2f5197655c871194d74099dc1c85b99dc765,matched,JPEG,178,218,RGB,0.8165,True
archived_train,real,Preapred Dataset/train/real/033402.jpg,033402.jpg,jpg,none,7075,a9aac1c28d3d3ecb34995fa87dc6270766a0a474ad63db8d04a5058b8e04de6e,a9aac1c28d3d3ecb34995fa87dc6270766a0a474ad63db8d04a5058b8e04de6e,matched,JPEG,178,218,RGB,0.8165,True
archived_train,real,Preapred Dataset/train/real/037218.jpg,037218.jpg,jpg,none,11178,813cfaa33b5fefc2b6ea670e5aa302b64f69b8c65111c75eb1eefc2749758f97,813cfaa33b5fefc2b6ea670e5aa302b64f69b8c65111c75eb1eefc2749758f97,matched,JPEG,178,218,RGB,0.8165,True
archived_train,real,Preapred Dataset/train/real/140246.jpg,140246.jpg,jpg,none,5565,3e4ad346f772d7e6c9b69436428e88ffcd973919a85106e765b5b7074e5afb52,3e4ad346f772d7e6c9b69436428e88ffcd973919a85106e765b5b7074e5afb52,matched,JPEG,178,218,RGB,0.8165,True
archived_train,real,Preapred Dataset/train/real/079940.jpg,079940.jpg,jpg,none,9326,72631c635a5206e4179f537641a27004949cb23bd7108d4664a0d5fde242d938,72631c635a5206e4179f537641a27004949cb23bd7108d4664a0d5fde242d938,matched,JPEG,178,218,RGB,0.8165,True
archived_train,real,Preapred Dataset/train/real/016429.jpg,016429.jpg,jpg,none,6424,86db1061372aa5b30c7527532aa515effdaf0cc0a67c5d2ab2d0a686a466873c,86db1061372aa5b30c7527532aa515effdaf0cc0a67c5d2ab2d0a686a466873c,matched,JPEG,178,218,RGB,0.8165,True
archived_train,real,Preapred Dataset/train/real/177906.jpg,177906.jpg,jpg,none,4929,33848ed468199113082aba4f5bc4e57c11867f8e3a4bdcb44503ce140bb6fec6,33848ed468199113082aba4f5bc4e57c11867f8e3a4bdcb44503ce140bb6fec6,matched,JPEG,178,218,RGB,0.8165,True
archived_train,real,Preapred Dataset/train/real/105845.jpg,105845.jpg,jpg,none,7097,90bbabd89533029e3886ad3516704fdfe096cc7eef7ad087c0d9b42b4b88c35f,90bbabd89533029e3886ad3516704fdfe096cc7eef7ad087c0d9b42b4b88c35f,matched,JPEG,178,218,RGB,0.8165,True
archived_train,real,Preapred Dataset/train/real/186856.jpg,186856.jpg,jpg,none,6957,244c0ca12627bc8a7d00c663d61105380f4cf6b2633399e95e6efa09f82deb42,244c0ca12627bc8a7d00c663d61105380f4cf6b2633399e95e6efa09f82deb42,matched,JPEG,178,218,RGB,0.8165,True
archived_train,real,Preapred Dataset/train/real/039342.jpg,039342.jpg,jpg,none,7158,ac4496b1437efd23c2c46b94196069533d9af27616d0b9aaa836bcffc5f74708,ac4496b1437efd23c2c46b94196069533d9af27616d0b9aaa836bcffc5f74708,matched,JPEG,178,218,RGB,0.8165,True
archived_train,real,Preapred Dataset/train/real/071601.jpg,071601.jpg,jpg,none,6228,82ef194afcad75d8fb54fbd20134ca9c091078f447ea6b6666a3db26a0449b43,82ef194afcad75d8fb54fbd20134ca9c091078f447ea6b6666a3db26a0449b43,matched,JPEG,178,218,RGB,0.8165,True
archived_train,real,Preapred Dataset/train/real/133823.jpg,133823.jpg,jpg,none,5812,71ce5cca530c2c93e03d83ba84398aac927374441f967de98238642bf05d1af9,71ce5cca530c2c93e03d83ba84398aac927374441f967de98238642bf05d1af9,matched,JPEG,178,218,RGB,0.8165,True
archived_train,real,Preapred Dataset/train/real/169225.jpg,169225.jpg,jpg,none,7723,ea792861849ec88b369e8708664a7d52dd951cca15e000ce1268687c9964d786,ea792861849ec88b369e8708664a7d52dd951cca15e000ce1268687c9964d786,matched,JPEG,178,218,RGB,0.8165,True
archived_train,real,Preapred Dataset/train/real/180042.jpg,180042.jpg,jpg,none,6902,a365f3bfba60d16ae2e109c9bb37b525e6f06605a18fc6195813bd4317e2348b,a365f3bfba60d16ae2e109c9bb37b525e6f06605a18fc6195813bd4317e2348b,matched,JPEG,178,218,RGB,0.8165,True
archived_train,real,Preapred Dataset/train/real/187153.jpg,187153.jpg,jpg,none,7350,4a47466c41375066e8145c1853389a8d99a66fbfc8ad65a24a7003dcbfb72e5b,4a47466c41375066e8145c1853389a8d99a66fbfc8ad65a24a7003dcbfb72e5b,matched,JPEG,178,218,RGB,0.8165,True
archived_train,real,Preapred Dataset/train/real/047026.jpg,047026.jpg,jpg,none,7756,671cceb07f1c29823aa639edef3ac8d0e4e97a8442491f4f2a4935e7a3d6c369,671cceb07f1c29823aa639edef3ac8d0e4e97a8442491f4f2a4935e7a3d6c369,matched,JPEG,178,218,RGB,0.8165,True
archived_train,real,Preapred Dataset/train/real/158019.jpg,158019.jpg,jpg,none,7819,37483573bb4ae17c8a35f0bafda54a15291005c0de464227183ff25fee44cfcd,37483573bb4ae17c8a35f0bafda54a15291005c0de464227183ff25fee44cfcd,matched,JPEG,178,218,RGB,0.8165,True
archived_train,real,Preapred Dataset/train/real/201296.jpg,201296.jpg,jpg,none,7140,2eb0d6637244f8b84f90bdc7f8bc99954af4e6a7ec05e687f2213342d17f92d4,2eb0d6637244f8b84f90bdc7f8bc99954af4e6a7ec05e687f2213342d17f92d4,matched,JPEG,178,218,RGB,0.8165,True
archived_train,real,Preapred Dataset/train/real/109571.jpg,109571.jpg,jpg,none,7222,b9ec2af4d66fd96809303db07916517b204f746ea4823030e724e93ad99d55bd,b9ec2af4d66fd96809303db07916517b204f746ea4823030e724e93ad99d55bd,matched,JPEG,178,218,RGB,0.8165,True
archived_train,real,Preapred Dataset/train/real/006509.jpg,006509.jpg,jpg,none,5197,37b2e18e393a0f5c33fa38e5f05441a130ef4f8869c0ed3f147e44fa4a3ca88b,37b2e18e393a0f5c33fa38e5f05441a130ef4f8869c0ed3f147e44fa4a3ca88b,matched,JPEG,178,218,RGB,0.8165,True
archived_train,real,Preapred Dataset/train/real/014216.jpg,014216.jpg,jpg,none,7421,ae6a239e5e7dda12ff335d4397fe37d0a8c3ee543d3fe817d94053c34874200e,ae6a239e5e7dda12ff335d4397fe37d0a8c3ee543d3fe817d94053c34874200e,matched,JPEG,178,218,RGB,0.8165,True
archived_train,real,Preapred Dataset/train/real/094723.jpg,094723.jpg,jpg,none,9050,b4ec2b77481df3885b5c60aa05c6534fbc9a171b147959caf5f28d7566120851,b4ec2b77481df3885b5c60aa05c6534fbc9a171b147959caf5f28d7566120851,matched,JPEG,178,218,RGB,0.8165,True
archived_train,real,Preapred Dataset/train/real/172875.jpg,172875.jpg,jpg,none,5413,fb6462f047268cc99fecb54198c33b9e78bef99788b88cc4297ee3f648a3286c,fb6462f047268cc99fecb54198c33b9e78bef99788b88cc4297ee3f648a3286c,matched,JPEG,178,218,RGB,0.8165,True
archived_train,real,Preapred Dataset/train/real/151715.jpg,151715.jpg,jpg,none,5961,a2189f23967c17c0df2c586cad56e8e0a70030d6b25a542f7debf82e214e555f,a2189f23967c17c0df2c586cad56e8e0a70030d6b25a542f7debf82e214e555f,matched,JPEG,178,218,RGB,0.8165,True
archived_train,real,Preapred Dataset/train/real/097857.jpg,097857.jpg,jpg,none,7250,f222d411d13a634c38d31c45d92d5c4ce18d608c1c91970796a088a906839ca5,f222d411d13a634c38d31c45d92d5c4ce18d608c1c91970796a088a906839ca5,matched,JPEG,178,218,RGB,0.8165,True
archived_train,real,Preapred Dataset/train/real/028260.jpg,028260.jpg,jpg,none,9297,d970b4a24ae55719be992d374a3dfa4b65001efb77f6a5b7faa5db4737a5329f,d970b4a24ae55719be992d374a3dfa4b65001efb77f6a5b7faa5db4737a5329f,matched,JPEG,178,218,RGB,0.8165,True
archived_train,real,Preapred Dataset/train/real/167789.jpg,167789.jpg,jpg,none,6937,3ce0d0f41bcedc4ea8c53d38889a723f84cab1925bcce8828e5d0181b259e5cf,3ce0d0f41bcedc4ea8c53d38889a723f84cab1925bcce8828e5d0181b259e5cf,matched,JPEG,178,218,RGB,0.8165,True
archived_train,real,Preapred Dataset/train/real/064736.jpg,064736.jpg,jpg,none,5778,d0b7d923afaf3ec928a11b9522540d457b9b606174b112ba0d6ebc0f41e7ff10,d0b7d923afaf3ec928a11b9522540d457b9b606174b112ba0d6ebc0f41e7ff10,matched,JPEG,178,218,RGB,0.8165,True
archived_train,real,Preapred Dataset/train/real/018391.jpg,018391.jpg,jpg,none,6525,2bf0da34855d81cfb69817204671baa7887defb9cd678bc5d3221b39404cf417,2bf0da34855d81cfb69817204671baa7887defb9cd678bc5d3221b39404cf417,matched,JPEG,178,218,RGB,0.8165,True
archived_train,real,Preapred Dataset/train/real/096655.jpg,096655.jpg,jpg,none,6432,237b2b0537eba42699cee77c4e4f7848d87070b31cfc0f5edb03f554bc29ce2c,237b2b0537eba42699cee77c4e4f7848d87070b31cfc0f5edb03f554bc29ce2c,matched,JPEG,178,218,RGB,0.8165,True
external_dev,real,real/23303.png,23303.png,png,none,112998,5af531dbb56ad1924c36bee1e52f18dc07ddc89a4bdc561fde60d86b20de32e2,none,external_not_in_parent,PNG,256,256,RGB,1.0,False
external_dev,real,real/16377.png,16377.png,png,none,130482,bf87fe150823d8024c7e897f15c49db44ed07454776e9be82411e9b25e718914,none,external_not_in_parent,PNG,256,256,RGB,1.0,False
external_dev,real,real/13880.png,13880.png,png,none,119087,4dc68fb23ba7349f39e40d73280ff918aa9da7f9f9fec7169f536380d982f8a1,none,external_not_in_parent,PNG,256,256,RGB,1.0,False
external_dev,real,real/7301.png,7301.png,png,none,108633,485ea71e3011c1dc2371851b9629aca3ec95e4287883c297d1eaaf6a1a2ca75a,none,external_not_in_parent,PNG,256,256,RGB,1.0,False
external_dev,real,real/21437.png,21437.png,png,none,106809,05d581104ba6eae887345f8f5057d6f0f5549466b994ff0058945c656fc169e8,none,external_not_in_parent,PNG,256,256,RGB,1.0,False
external_dev,real,real/8626.png,8626.png,png,none,115547,472968786546c9e55022ed74d4f25d8bf7eb3d81596c51450838398233786c04,none,external_not_in_parent,PNG,256,256,RGB,1.0,False
external_dev,real,real/15771.png,15771.png,png,none,112354,b9e899ee5987d47d4c92907636b0513aad1869095c8496965d0dbf20e6f0a342,none,external_not_in_parent,PNG,256,256,RGB,1.0,False
external_dev,real,real/4098.png,4098.png,png,none,120712,5bf01ef7d01e21a09790e1b52c6365c51d7706fdb89ca88309e6cd442d6f93b4,none,external_not_in_parent,PNG,256,256,RGB,1.0,False
external_dev,real,real/22454.png,22454.png,png,none,116966,a8e79427dc6e5e942391ebf6cc7992fdbbb09815419a1c2d4d09f23d151badd6,none,external_not_in_parent,PNG,256,256,RGB,1.0,False
external_dev,real,real/2066.png,2066.png,png,none,113511,ef5192b6b47173bf7fe62e6ffad0b1404b85f46551a57fcb821d05e4225d3144,none,external_not_in_parent,PNG,256,256,RGB,1.0,False
external_dev,real,real/964.png,964.png,png,none,98294,56f6abe93e591ea119bfddad2d5a954c3bf8fc2e5317e3adcf556bfb3513d7e8,none,external_not_in_parent,PNG,256,256,RGB,1.0,False
external_dev,real,real/7128.png,7128.png,png,none,101692,2cf20abcd19225580f71b73d1c40fcdb0f58f804a3f6de2355cd505e3bde80c5,none,external_not_in_parent,PNG,256,256,RGB,1.0,False
external_dev,real,real/5277.png,5277.png,png,none,133973,c50158596baaee4f0e57749f73724501aa6c51929cb9990682efb1f27bb5c280,none,external_not_in_parent,PNG,256,256,RGB,1.0,False
external_dev,real,real/18006.png,18006.png,png,none,126279,7dc48b6ff13a5fc0f69207aa2d02d62c16b3baa9e1648ff8a2bbfff28485f57f,none,external_not_in_parent,PNG,256,256,RGB,1.0,False
external_dev,real,real/6246.png,6246.png,png,none,114322,519c0346bd70a1f31a257fe291555cca1c095b554090acdd95133b14a2f7f886,none,external_not_in_parent,PNG,256,256,RGB,1.0,False
external_dev,real,real/25546.png,25546.png,png,none,101245,163c79655df5356da3a8e5241b6156e3a4fc5576547f927fffc635d6b5a968f4,none,external_not_in_parent,PNG,256,256,RGB,1.0,False
external_dev,real,real/19695.png,19695.png,png,none,119812,e4a5e32aaadf6aa47694137f43fea158663553c2c51a66949f9a82d3acb74a79,none,external_not_in_parent,PNG,256,256,RGB,1.0,False
external_dev,real,real/19464.png,19464.png,png,none,131282,049d9658ad5ae9955808adad23587f43a72fbb5d100089d029f9f9b5c32779fd,none,external_not_in_parent,PNG,256,256,RGB,1.0,False
external_dev,real,real/12569.png,12569.png,png,none,128285,34faef48ee3cc2c0be0adde671dbb152265a1fd6702144a29fe4e946e5011e59,none,external_not_in_parent,PNG,256,256,RGB,1.0,False
external_dev,real,real/18224.png,18224.png,png,none,94030,f806344d17fde88fe3893747a0d39c4bbdcfb8bbd18b3008cef2c43f45f9081f,none,external_not_in_parent,PNG,256,256,RGB,1.0,False
external_dev,real,real/16753.png,16753.png,png,none,101095,f5e6f949b36809ae572e050e55207115ba0227c38919017b908984497b11d502,none,external_not_in_parent,PNG,256,256,RGB,1.0,False
external_dev,real,real/11823.png,11823.png,png,none,94517,8aead2a94d0f8340793875a8fcb8f505e4e53ac383ead9ab554e3914fbf7ab80,none,external_not_in_parent,PNG,256,256,RGB,1.0,False
external_dev,real,real/18336.png,18336.png,png,none,115347,c70a579fef1df7f393330b058f0ba83e1eba7942b0376c26b20df0a03eb3b346,none,external_not_in_parent,PNG,256,256,RGB,1.0,False
external_dev,real,real/15647.png,15647.png,png,none,124044,dc6d5e948f01eb4e8cbd6712ddd0d18ae7e06ea28b95ac537901acd54b2fa524,none,external_not_in_parent,PNG,256,256,RGB,1.0,False
external_dev,real,real/23314.png,23314.png,png,none,112662,e3a19165ed115e02e78ab434f85cbff8a7e5a8a30f22457942a0e80d792bfde0,none,external_not_in_parent,PNG,256,256,RGB,1.0,False
external_dev,real,real/12619.png,12619.png,png,none,120594,cb7e87e89b507ba8d14bf4ee47bef60e5fa3d85d8b04b771feb19e4c965196e9,none,external_not_in_parent,PNG,256,256,RGB,1.0,False
external_dev,real,real/24462.png,24462.png,png,none,99438,a786b838c5290881c2edfffdc755a1afb52f51351bbb2a0f3b1a08a79504046b,none,external_not_in_parent,PNG,256,256,RGB,1.0,False
external_dev,real,real/1889.png,1889.png,png,none,116967,7bc7c30343ee99964d3189a4d5c0cd2bd3dbf499fedb60c7ade5cb8153c595e3,none,external_not_in_parent,PNG,256,256,RGB,1.0,False
external_dev,real,real/21603.png,21603.png,png,none,112482,608ac6bf73aae16d2639401b25382e2276148476f025423c9450b54971224b28,none,external_not_in_parent,PNG,256,256,RGB,1.0,False
external_dev,real,real/22734.png,22734.png,png,none,110589,760ebf1e8fff2234259e8691b9dc529f4439f146155f6b0de8dfa502da92354d,none,external_not_in_parent,PNG,256,256,RGB,1.0,False
external_dev,real,real/12079.png,12079.png,png,none,110962,15a185b5940887bfa69e4850827ca67dbe59dfa0c7277f887c53e4b5bedcf67d,none,external_not_in_parent,PNG,256,256,RGB,1.0,False
external_dev,real,real/23841.png,23841.png,png,none,113191,a6f61577e2366fe36ec583d7a1afea5eb73b7aed206eceab867c392337135b5d,none,external_not_in_parent,PNG,256,256,RGB,1.0,False
external_dev,real,real/5682.png,5682.png,png,none,113570,76b824f87e66c45f30074ba05bc5eff9d5df6851a0ddf5df2d83bce6c521845a,none,external_not_in_parent,PNG,256,256,RGB,1.0,False
external_dev,real,real/8923.png,8923.png,png,none,117031,6a94a7614cedba5cef20e9c68b9555b9fa3554a1e3d6e6aa803651a488b70df0,none,external_not_in_parent,PNG,256,256,RGB,1.0,False
external_dev,real,real/14603.png,14603.png,png,none,106217,032fa4433b751d1c6d6033f7a16f6c7d498841de4b7982bd594528b418574890,none,external_not_in_parent,PNG,256,256,RGB,1.0,False
external_dev,real,real/11907.png,11907.png,png,none,115195,f98d6f5612bd43f0c8d8353b1b8ff603bd4ee3d8c9eedbe6952ae37367856f9a,none,external_not_in_parent,PNG,256,256,RGB,1.0,False
external_dev,real,real/23373.png,23373.png,png,none,91030,7dee7c8a03ba39343abec77b6def8067883a53c2db6703c46e522c89f3a4f69b,none,external_not_in_parent,PNG,256,256,RGB,1.0,False
external_dev,real,real/19784.png,19784.png,png,none,105765,e423ec8dc7e96dad4f01ca7ed3d08f26dd0040eb12b9bda29977429f5aba9f82,none,external_not_in_parent,PNG,256,256,RGB,1.0,False
external_dev,real,real/13565.png,13565.png,png,none,116635,cf0ee5629d1cc23b094b9b8d8fa1454a40115b4a352122212c1bf9b986ff7394,none,external_not_in_parent,PNG,256,256,RGB,1.0,False
external_dev,real,real/8073.png,8073.png,png,none,105282,e060173941371c6efb360f42db111a92f13be8c0bac259cb1df07b9c06c73d89,none,external_not_in_parent,PNG,256,256,RGB,1.0,False
external_dev,real,real/25469.png,25469.png,png,none,119040,e138af18060845f50df280eaedb752b3b65c95751aed339f4b2f716c0648d55f,none,external_not_in_parent,PNG,256,256,RGB,1.0,False
external_dev,real,real/15464.png,15464.png,png,none,99450,e1bc53841ac9e4bb814729dbbf62640cf8e2f7b216526e27a8ea83dfb1e98751,none,external_not_in_parent,PNG,256,256,RGB,1.0,False
external_dev,real,real/29354.png,29354.png,png,none,97033,7eccc62d17a37c2536f6d29e35b3a1b8b3e4703a19b73f17f2c17f8150620da7,none,external_not_in_parent,PNG,256,256,RGB,1.0,False
external_dev,real,real/8655.png,8655.png,png,none,129198,6ccce7539ae69fe2677136e3da869ebc78dbeb129f822e8f69078ddcfc87ea43,none,external_not_in_parent,PNG,256,256,RGB,1.0,False
external_dev,real,real/21981.png,21981.png,png,none,110000,4d5144d5e53ae7085d6a4757202f54e6a290162f4e20927adebe57f7df1343fc,none,external_not_in_parent,PNG,256,256,RGB,1.0,False
external_dev,real,real/18696.png,18696.png,png,none,119506,9152ef5fa9914b1beea28c563cc9518628d4dec527f633679c2d0093d4e20457,none,external_not_in_parent,PNG,256,256,RGB,1.0,False
external_dev,real,real/8527.png,8527.png,png,none,140515,3e97d9b81cc41d8f87943a4f3901254738a9833fc73071f32579d08071d6d33e,none,external_not_in_parent,PNG,256,256,RGB,1.0,False
external_dev,real,real/16787.png,16787.png,png,none,124096,f719f035cb8187c37986f73c0bd5cd92553ffe63df5a122dc3a7f57f0114238e,none,external_not_in_parent,PNG,256,256,RGB,1.0,False
external_dev,real,real/6602.png,6602.png,png,none,113128,5df82fea7e1c28f1771b668b7395516efe896196ca25f9f1cc5d0c6597dd72ff,none,external_not_in_parent,PNG,256,256,RGB,1.0,False
external_dev,real,real/7044.png,7044.png,png,none,100065,e1e1b55b99eef078a75f3b8f37896d0a39cf95df586181597f65e11ee5b81706,none,external_not_in_parent,PNG,256,256,RGB,1.0,False
external_dev,real,real/1220.png,1220.png,png,none,81468,4a6d113fe7d790430357c56f40e046f123ed41ff01336d317ac1fd72f8c5aa39,none,external_not_in_parent,PNG,256,256,RGB,1.0,False
external_dev,real,real/9770.png,9770.png,png,none,125959,87b9d00c67bf6877190e5d53b2de95fe9b6ee27945b6f47d77082e9fbe6540f5,none,external_not_in_parent,PNG,256,256,RGB,1.0,False
external_dev,real,real/28794.png,28794.png,png,none,96948,98a014263bd5782251277667b13d36c12c8231ea112e2c28828cc3f496f3e318,none,external_not_in_parent,PNG,256,256,RGB,1.0,False
external_dev,real,real/6438.png,6438.png,png,none,125286,fc2dd8171e51e06b85dee30185c0000f8b32d7267b75cde351805fafb3a23529,none,external_not_in_parent,PNG,256,256,RGB,1.0,False
external_dev,real,real/9410.png,9410.png,png,none,123486,b3bf58912a019d5e8c8f5ed96cadedf3a0378fbf885fe2f0761ce770197a7e80,none,external_not_in_parent,PNG,256,256,RGB,1.0,False
external_dev,real,real/24764.png,24764.png,png,none,107147,85c33a0411a70b3a4f1a7af6b16d6df70c9b968691c2a72bedb3096104555e67,none,external_not_in_parent,PNG,256,256,RGB,1.0,False
external_dev,real,real/16328.png,16328.png,png,none,127217,b72e8fbc28453409eb0f20ee9d1ab993f3bc3834d60a176f3244c15abd9b01d7,none,external_not_in_parent,PNG,256,256,RGB,1.0,False
external_dev,real,real/15237.png,15237.png,png,none,117471,9204fa65c31525dd3d19ba24fc3270f3009fc61e595794bd474eff2a0f20defc,none,external_not_in_parent,PNG,256,256,RGB,1.0,False
external_dev,real,real/20692.png,20692.png,png,none,111835,8dd68553a7358baed77f6fac9cde9992369fb5dfecc6b82acfc209fc582c31c9,none,external_not_in_parent,PNG,256,256,RGB,1.0,False
external_dev,real,real/23452.png,23452.png,png,none,104377,78f10b99c7cd95f8b1d64845f4aec145ba7999f0ce229e9ccdd72d0d7c6dd1a7,none,external_not_in_parent,PNG,256,256,RGB,1.0,False
external_dev,real,real/24831.png,24831.png,png,none,112077,ef135b8be7ad72bc5d99ed8ad9ee54fc1330f7ab76254f82974cdfbe8f7f0653,none,external_not_in_parent,PNG,256,256,RGB,1.0,False
external_dev,real,real/12680.png,12680.png,png,none,121656,4570f2797c90b4b0bf323cb8d9faa3f7af276e2803711dd53e18a39ee19ef6cc,none,external_not_in_parent,PNG,256,256,RGB,1.0,False
external_dev,real,real/25426.png,25426.png,png,none,113336,0c474014215cfc65089d10893617e1fb72e3028fc0548dc2b56cea8f6f7a67c2,none,external_not_in_parent,PNG,256,256,RGB,1.0,False
external_dev,real,real/2291.png,2291.png,png,none,105906,e4063678fa1fdcb708b86148ba18741b09e4e6b474580f80f42da685a5840d53,none,external_not_in_parent,PNG,256,256,RGB,1.0,False
external_dev,fake,fake/28643.png,28643.png,png,none,91558,e6d5d0a21a2d5246cebbb80610d1ac228f7f44e4754c3537fa1feba90be9eb48,none,external_not_in_parent,PNG,256,256,RGB,1.0,False
external_dev,fake,fake/5723.png,5723.png,png,none,89368,b485fa085dd83e64f9ed23c1340c3747a794afbbff641d0f96ca90ff9f7e74b6,none,external_not_in_parent,PNG,256,256,RGB,1.0,False
external_dev,fake,fake/2386.png,2386.png,png,none,122241,8cfd99c5437e5ae989b40d4499889d254a46f400cb6a3dfa2c33486f1487400a,none,external_not_in_parent,PNG,256,256,RGB,1.0,False
external_dev,fake,fake/29146.png,29146.png,png,none,103348,5192e7ed0a6779b10bc2f7d7a1b07bcf3d3d777fdd661c0b42fa0adba213ac87,none,external_not_in_parent,PNG,256,256,RGB,1.0,False
external_dev,fake,fake/7855.png,7855.png,png,none,113667,6a2ba14f2e040a0b30865a1b0d8ca142a3be9315bf09c6d3fd48a45e902d1e86,none,external_not_in_parent,PNG,256,256,RGB,1.0,False
external_dev,fake,fake/19318.png,19318.png,png,none,87120,aa4b6d0180094dc99b6fca0768394a833b41102f808ae9543b94db6aef96d96d,none,external_not_in_parent,PNG,256,256,RGB,1.0,False
external_dev,fake,fake/27708.png,27708.png,png,none,121273,ed3f226b2cf4625ffc795fbcfe3662b2dd5f595fad4d6a7b6b6eab4cf5f53006,none,external_not_in_parent,PNG,256,256,RGB,1.0,False
external_dev,fake,fake/4038.png,4038.png,png,none,114759,4c0f2f10516d1b1eb7ed800f873b1a434b734f956486fa98fb10168ecde8a124,none,external_not_in_parent,PNG,256,256,RGB,1.0,False
external_dev,fake,fake/24086.png,24086.png,png,none,114897,99b51d4776e32e62abb277c71d3ea3f3c3039bec88beb7262218b7c37bd1df0d,none,external_not_in_parent,PNG,256,256,RGB,1.0,False
external_dev,fake,fake/2437.png,2437.png,png,none,94896,ac2ddb57a65519a566b75dc17cc3cfa10750422593aee6039065ccf2c6ef1245,none,external_not_in_parent,PNG,256,256,RGB,1.0,False
external_dev,fake,fake/6105.png,6105.png,png,none,114259,2deea4becf4c5ee6d816846ca1e19d0dcbe756a9f79abe5aa4242e364c046aa3,none,external_not_in_parent,PNG,256,256,RGB,1.0,False
external_dev,fake,fake/856.png,856.png,png,none,104198,804bcaf701b8d517061be2dd77bc7954981e28f7e0dfb9270f6998284c6f9cde,none,external_not_in_parent,PNG,256,256,RGB,1.0,False
external_dev,fake,fake/21185.png,21185.png,png,none,96813,fb12bd5fe82cf9c129a1dc867c1eda6bdd91d17a891ff1acd9f0f38e94d4b4ea,none,external_not_in_parent,PNG,256,256,RGB,1.0,False
external_dev,fake,fake/24723.png,24723.png,png,none,89809,45d873d7925080e52049b037a1ff57e89c67d2f9e3de6e5ec6be72dd2bafd1b1,none,external_not_in_parent,PNG,256,256,RGB,1.0,False
external_dev,fake,fake/12982.png,12982.png,png,none,94213,5a3d6f905a652628bd49cb8266ab75dae65efde9018bf120e48ceeb020814c11,none,external_not_in_parent,PNG,256,256,RGB,1.0,False
external_dev,fake,fake/5213.png,5213.png,png,none,116882,05329a218c267222dfa4e32c2fb3fbe7c1f34c3936b790afdad39f4c25d6443f,none,external_not_in_parent,PNG,256,256,RGB,1.0,False
external_dev,fake,fake/11182.png,11182.png,png,none,88397,9ad1a104339a3afaba9f1b2ff815e26739dac827716d65ac08a0c116d952968e,none,external_not_in_parent,PNG,256,256,RGB,1.0,False
external_dev,fake,fake/8991.png,8991.png,png,none,110774,adcc7c93c26ec565513fb3560eb0889eb5f42fe14d36d9df37dd4688e213f481,none,external_not_in_parent,PNG,256,256,RGB,1.0,False
external_dev,fake,fake/1044.png,1044.png,png,none,72105,d2c491de1bef9f638b583571a1103e8f24f1d070eb5b4172bc969791cdfdc3b0,none,external_not_in_parent,PNG,256,256,RGB,1.0,False
external_dev,fake,fake/21626.png,21626.png,png,none,97148,9b9bf08b03cefcbf3967fafdc5adeaeb5a09a6bb81f2854b0c2d9ea83e7bf9c5,none,external_not_in_parent,PNG,256,256,RGB,1.0,False
external_dev,fake,fake/20103.png,20103.png,png,none,112995,b3d8260ea0a9522ee7ea87cc0a709dc95d3a5da2faf156b0a815909909ef2337,none,external_not_in_parent,PNG,256,256,RGB,1.0,False
external_dev,fake,fake/27857.png,27857.png,png,none,97027,22ccf749818f6a84d1266b1c5c4a43688439b2441900b381f4012cedadc7191a,none,external_not_in_parent,PNG,256,256,RGB,1.0,False
external_dev,fake,fake/2737.png,2737.png,png,none,81686,e19dca3b48a8e108962b4f924522e9b0009bd6a6da3b23c89f17afd7a1e70050,none,external_not_in_parent,PNG,256,256,RGB,1.0,False
external_dev,fake,fake/2570.png,2570.png,png,none,98085,dfe03ee8deeebab7d5dbf6796eb17f819bdca1642c318a226db2b36ba34e5364,none,external_not_in_parent,PNG,256,256,RGB,1.0,False
external_dev,fake,fake/6028.png,6028.png,png,none,96645,d4be094223c58e510eec7c7e1722b3db3b05f9e4aa9de1d9593664e03f8f6871,none,external_not_in_parent,PNG,256,256,RGB,1.0,False
external_dev,fake,fake/14889.png,14889.png,png,none,126065,5ab887830e553088fdaf4599f980fc25b1a86c1d146ce0d6bebf3186355183e9,none,external_not_in_parent,PNG,256,256,RGB,1.0,False
external_dev,fake,fake/20136.png,20136.png,png,none,91021,61c011e454b067bd7e64ddcefe68dabe909c045ce0adc374384bc9e466dc0ff6,none,external_not_in_parent,PNG,256,256,RGB,1.0,False
external_dev,fake,fake/16353.png,16353.png,png,none,92622,0b270df2b890a7595de4432319c9801b4b00019317523c6b58d1001d2f8f83f4,none,external_not_in_parent,PNG,256,256,RGB,1.0,False
external_dev,fake,fake/4117.png,4117.png,png,none,110457,e994ca995a1198781692c353c368e2b870b64b02cf0a40246d8a4fce2ed04314,none,external_not_in_parent,PNG,256,256,RGB,1.0,False
external_dev,fake,fake/17592.png,17592.png,png,none,80146,322830a7f15093ab4a9756fa5f424ec11ef001498ea42a41a609f0b6b0ce3deb,none,external_not_in_parent,PNG,256,256,RGB,1.0,False
external_dev,fake,fake/20474.png,20474.png,png,none,75473,90f4dc4c959b3f22bc41cc575281e41292f81d58489791ebfa8b86a804b80834,none,external_not_in_parent,PNG,256,256,RGB,1.0,False
external_dev,fake,fake/10501.png,10501.png,png,none,97840,68f320655175e3c287e0b33cbab73a68c45427b17ebf30062064faf4c40343db,none,external_not_in_parent,PNG,256,256,RGB,1.0,False
external_dev,fake,fake/15870.png,15870.png,png,none,116225,88647fc1a0bfb13ee8cdd0e5a1032ee18ab62d9e25df0cc4b3cf75e0f087749f,none,external_not_in_parent,PNG,256,256,RGB,1.0,False
external_dev,fake,fake/2781.png,2781.png,png,none,97632,859dbaa57f7e127a189a486cf97a5b9e59c2731f6941b2b353ae1e718019dbc3,none,external_not_in_parent,PNG,256,256,RGB,1.0,False
external_dev,fake,fake/8799.png,8799.png,png,none,90086,aee93c8c856f8c66c548fbe3b93e2d71056591a53f24c36685260eef38fff625,none,external_not_in_parent,PNG,256,256,RGB,1.0,False
external_dev,fake,fake/20972.png,20972.png,png,none,103899,5982c198792e4d0a14870f9b7c9c103ea1de87a30a767dbc84a656658f0e0320,none,external_not_in_parent,PNG,256,256,RGB,1.0,False
external_dev,fake,fake/27837.png,27837.png,png,none,98742,617b57aaf4d08d389d90c3c9814951c45821a019f49393953f604380f8f486da,none,external_not_in_parent,PNG,256,256,RGB,1.0,False
external_dev,fake,fake/7779.png,7779.png,png,none,90843,416918792b59dacec4e15fc14ccbecefad8c1e79089acaf4654c0ac0adff0145,none,external_not_in_parent,PNG,256,256,RGB,1.0,False
external_dev,fake,fake/9601.png,9601.png,png,none,106764,6954f79d475e4b0adedb2ad7d059d31759d9493847b1967922147aa85511b260,none,external_not_in_parent,PNG,256,256,RGB,1.0,False
external_dev,fake,fake/11996.png,11996.png,png,none,87187,72c19f5db0873d35c8f9029134dcbe95c546a5470d21a54b4ac2a6c3df979510,none,external_not_in_parent,PNG,256,256,RGB,1.0,False
external_dev,fake,fake/208.png,208.png,png,none,93632,74f9b644ba63887a4b2294aa67644612f40957232761c7a52cc18c69d2fc4a86,none,external_not_in_parent,PNG,256,256,RGB,1.0,False
external_dev,fake,fake/18255.png,18255.png,png,none,114195,f75924bf5ac49376d7da87164b66a282c67cb9e722cff7338dc0d52301907b24,none,external_not_in_parent,PNG,256,256,RGB,1.0,False
external_dev,fake,fake/23293.png,23293.png,png,none,123687,74aa6b34be6994180cac21a41ac081d3ef104ecf763016f0313fd74026b647ce,none,external_not_in_parent,PNG,256,256,RGB,1.0,False
external_dev,fake,fake/28012.png,28012.png,png,none,112297,1756b7be1adcdc3d37bf4cc8d79f82cfa90503ff06e0504a5cf879a93c39fc48,none,external_not_in_parent,PNG,256,256,RGB,1.0,False
external_dev,fake,fake/22901.png,22901.png,png,none,99582,63fb0e6944ebd34ccdd8fd4ad11088617197d1040bd1ed1a571521eea1ea9fa4,none,external_not_in_parent,PNG,256,256,RGB,1.0,False
external_dev,fake,fake/16406.png,16406.png,png,none,104548,2d638d54b37073c887d211db28d66650350f1b571bb6cdca5d7cc23e4ac9a4af,none,external_not_in_parent,PNG,256,256,RGB,1.0,False
external_dev,fake,fake/5590.png,5590.png,png,none,125448,2b18b8bc60893164d3fdcf2cb361f3ff01a6f6f5367168b6e6524e8b9ad86d17,none,external_not_in_parent,PNG,256,256,RGB,1.0,False
external_dev,fake,fake/7376.png,7376.png,png,none,93580,6d42621abba9d93ee3f961ae980ca19cc78a9e7bf209037558816064bb9d1d4b,none,external_not_in_parent,PNG,256,256,RGB,1.0,False
external_dev,fake,fake/8158.png,8158.png,png,none,101023,37824140f51f761c22563bde9853767a156dd7613417fbf440ce15295323a304,none,external_not_in_parent,PNG,256,256,RGB,1.0,False
external_dev,fake,fake/15345.png,15345.png,png,none,74500,dac4b2bd29852531c1abd8bbd71845e77fa2c2c443f0c1761f398c3670fda2aa,none,external_not_in_parent,PNG,256,256,RGB,1.0,False
external_dev,fake,fake/14121.png,14121.png,png,none,92107,a2587f94b7416ec4bea73485b37a7a1a9798671908b185a01c9c313aab12ce95,none,external_not_in_parent,PNG,256,256,RGB,1.0,False
external_dev,fake,fake/21702.png,21702.png,png,none,111674,4f96e67e783ec5acb8c4e5c7d5a78e06652e299394b349cba630d7cf4a67a030,none,external_not_in_parent,PNG,256,256,RGB,1.0,False
external_dev,fake,fake/19068.png,19068.png,png,none,99827,45ddca930f5ed1fbcc9e52f259f662d2c5d6491693ed77d8e6741112ef7c3bf1,none,external_not_in_parent,PNG,256,256,RGB,1.0,False
external_dev,fake,fake/19957.png,19957.png,png,none,122573,38718dbabee365c675e63ab051e461dcf0a57251961150609fa9a4fae9a7e6d3,none,external_not_in_parent,PNG,256,256,RGB,1.0,False
external_dev,fake,fake/9263.png,9263.png,png,none,108935,29dfda8108bdf175901fe2a0a7663df80f75df494241ab42467a15237b998aca,none,external_not_in_parent,PNG,256,256,RGB,1.0,False
external_dev,fake,fake/1426.png,1426.png,png,none,92306,ca09c4286986a6b8fd22face01aab9f25559ebe5d6cbafca1a9cad18b1efe38a,none,external_not_in_parent,PNG,256,256,RGB,1.0,False
external_dev,fake,fake/3080.png,3080.png,png,none,83781,2ace3d4ee8c18751583064bf1310e678275ef1303552f26a9639a63df728529f,none,external_not_in_parent,PNG,256,256,RGB,1.0,False
external_dev,fake,fake/18584.png,18584.png,png,none,117492,9d9d9492d76121db60f038cd67d5cab9facaae69034635fa19ce0a9dfb9ade26,none,external_not_in_parent,PNG,256,256,RGB,1.0,False
external_dev,fake,fake/6187.png,6187.png,png,none,92738,96b580cf4fb813e4a275b0a22892b69f7c84deaf261f1147f2cd6a1ce9df75da,none,external_not_in_parent,PNG,256,256,RGB,1.0,False
external_dev,fake,fake/11847.png,11847.png,png,none,113010,b05bfec3ed775849bdee23dfcc44f034ce2ca02fad6e1350ec1798a83cbd3897,none,external_not_in_parent,PNG,256,256,RGB,1.0,False
external_dev,fake,fake/12001.png,12001.png,png,none,94758,0918e06c24ebb5e65bd366caa0bdb248622a27b247321b2937651f06c2de5c06,none,external_not_in_parent,PNG,256,256,RGB,1.0,False
external_dev,fake,fake/945.png,945.png,png,none,74533,e05e505e6971615c83d24ef153911b319eaa511bb594047c4912782fe34f6c95,none,external_not_in_parent,PNG,256,256,RGB,1.0,False
external_dev,fake,fake/3960.png,3960.png,png,none,100885,da4e2fe94ce03fbcac91ccc4784561911a9d2311fdbbcff4cbbdf5e103d1dfde,none,external_not_in_parent,PNG,256,256,RGB,1.0,False
external_dev,fake,fake/25034.png,25034.png,png,none,91888,a20c9aaa6b29846b837c2aa442d716e90032512821c2968f9276479ed298d11b,none,external_not_in_parent,PNG,256,256,RGB,1.0,False
