sample_id,path,label,split,dataset_source,group_id,source_video_id,identity_id,original_id,generator,grouping_basis,sha256
e5b86171dd9ce286,G:\Master's Of Science Computer Engineering\thesis deepfake detection\Thesis Revisions SP\First revesion\Preapred Dataset\train\real\116390.jpg,0,train,diffgan,recovered:a5b5f353c04aa636c826c22fca0298b9c41308980d08d1640cb0722a9db1624e,unknown,unknown,unknown,authentic,image_level_unverified,5b4b433614f4b65dd983bab0c7c145fbf50628dd9c36b77081df6e14cd55fece
939f999b22f1b751,G:\Master's Of Science Computer Engineering\thesis deepfake detection\Thesis Revisions SP\First revesion\Preapred Dataset\train\real\193551.jpg,0,train,diffgan,recovered:a1e7179685c51d4a1994bbe007b70df044be9fb81a8d403f9968b9a999595828,unknown,unknown,unknown,authentic,image_level_unverified,73f1cfa988f533a5f1234abf372fdf2c6bf36a8f3ad513d6836300189937a271
a35a28480fabd2b0,G:\Master's Of Science Computer Engineering\thesis deepfake detection\Thesis Revisions SP\First revesion\Preapred Dataset\train\real\060754.jpg,0,train,diffgan,recovered:06aeaa964db78552dacff54b0b75976757b01d21b908a3275d17d8bfc3786354,unknown,unknown,unknown,authentic,image_level_unverified,cb3c78eb83d1ae5c41495a20ff894b43e2e37f6a27683b94b0241a440733cac1
b9aefd0f990e63dc,G:\Master's Of Science Computer Engineering\thesis deepfake detection\Thesis Revisions SP\First revesion\Preapred Dataset\train\real\106413.jpg,0,train,diffgan,recovered:1ff0b63a629bdceeb36e3f39decd49c7f5851599fdd7f4df4768b8db712118b2,unknown,unknown,unknown,authentic,image_level_unverified,f7dfe5dc44cf9019d840209b8fa1a66471ad12122682387329ef9cfbe83558b0
e4a40521e1934f95,G:\Master's Of Science Computer Engineering\thesis deepfake detection\Thesis Revisions SP\First revesion\Preapred Dataset\train\real\195258.jpg,0,train,diffgan,recovered:1cf264b932e91eb57c8363b22d557cae62cb9403f5bcb56ced14e780692b9be9,unknown,unknown,unknown,authentic,image_level_unverified,475bcebb2c850e447724eb3c4ef3d912a99ce1859d7a5e6b440121377e61fa21
711fef5adfc16737,G:\Master's Of Science Computer Engineering\thesis deepfake detection\Thesis Revisions SP\First revesion\Preapred Dataset\train\real\127915.jpg,0,train,diffgan,recovered:1899343c142ff59529d64cf35b6f48e88c4b00c2798d961dcaf9d10d923bf6f3,unknown,unknown,unknown,authentic,image_level_unverified,cc2a1905e2a599047a3b313c4dfa1cfd51bcc65202b0549293e70aafd5cc9e35
0b5e9ecde3db07a3,G:\Master's Of Science Computer Engineering\thesis deepfake detection\Thesis Revisions SP\First revesion\Preapred Dataset\train\real\133701.jpg,0,train,diffgan,recovered:dab279434ca3a16c09e2183c863fc4abc5a334618c60ffad491e322b5cb63b90,unknown,unknown,unknown,authentic,image_level_unverified,c1b2b52f797648d87217a293b7f463ed28f40413e31518a25c328bc972720036
57556b7caaed5321,G:\Master's Of Science Computer Engineering\thesis deepfake detection\Thesis Revisions SP\First revesion\Preapred Dataset\train\real\195568.jpg,0,train,diffgan,recovered:435839283b812b147429070c6a7d554c298edfb1e992c4bd367326d196f54474,unknown,unknown,unknown,authentic,image_level_unverified,eb54e473dcd37e17f16a513773edfc34a04a8457b3034b25b42e13d909ca45b1
31468a4a7733f011,G:\Master's Of Science Computer Engineering\thesis deepfake detection\Thesis Revisions SP\First revesion\Preapred Dataset\train\real\052097.jpg,0,train,diffgan,recovered:8aff297c4de43f1ce15b8d4736ee60885ad172596a51e9fc8b5ba53cfe112295,unknown,unknown,unknown,authentic,image_level_unverified,91b3c146178a4c940ec06cb9316d5ce8d9d32312e13edd45d1f9b617c51137b0
2fc0e0a254837eda,G:\Master's Of Science Computer Engineering\thesis deepfake detection\Thesis Revisions SP\First revesion\Preapred Dataset\train\real\150857.jpg,0,train,diffgan,recovered:c77dafa314cf878082a8ab25e95e8f87b2727b3acc50b05fd0797719ceb9f3aa,unknown,unknown,unknown,authentic,image_level_unverified,e2c4401c3d60d5b2833df42b568055830f892bd6b4e778c9a79492c196488c60
4e25f465b5025700,G:\Master's Of Science Computer Engineering\thesis deepfake detection\Thesis Revisions SP\First revesion\Preapred Dataset\train\real\026478.jpg,0,train,diffgan,recovered:34db8de1e1503fb5ce5f204a90809cde1646c4d60174abc27318f23410055946,unknown,unknown,unknown,authentic,image_level_unverified,ccd11d93ba3c3a2a103bcbe91ac10f9a33d91ea3a97274a55fcf468a60a93aa4
ed1a38c0beabdf44,G:\Master's Of Science Computer Engineering\thesis deepfake detection\Thesis Revisions SP\First revesion\Preapred Dataset\train\real\154734.jpg,0,train,diffgan,recovered:6965e2af95742d9767c6dd948c506ef94a1abbd5bac2a22ce0ed03eef0d7b81b,unknown,unknown,unknown,authentic,image_level_unverified,f3ee37606eb215c26a2fc5baf316bfc4ad3d1abd0f2a39e95d5c521fa1345e85
abd0451c7dc9ea2c,G:\Master's Of Science Computer Engineering\thesis deepfake detection\Thesis Revisions SP\First revesion\Preapred Dataset\train\real\059032.jpg,0,train,diffgan,recovered:2a9be2d08d13624077ec48e59d3e51f905995107087eabec45cfb99effdb5ed5,unknown,unknown,unknown,authentic,image_level_unverified,0e0ffbf377884b71502448382d7e93efbdef05393a9e94fee88dff4db2728523
0994fe562d0d4559,G:\Master's Of Science Computer Engineering\thesis deepfake detection\Thesis Revisions SP\First revesion\Preapred Dataset\train\real\054501.jpg,0,train,diffgan,recovered:a38be9dd87c1acbc392fa8afeb6a764c7b68c3398cd3dbabfee1f7f58d6647ee,unknown,unknown,unknown,authentic,image_level_unverified,0cd5bb34961b0488f9ed79edf975275e36047067b81d215f3021524308869704
1c3a2e688b2594c0,G:\Master's Of Science Computer Engineering\thesis deepfake detection\Thesis Revisions SP\First revesion\Preapred Dataset\train\real\081996.jpg,0,train,diffgan,recovered:4b9fba63f56b4629f454ea766c18731618b82bcb024b506be74376a51a99992e,unknown,unknown,unknown,authentic,image_level_unverified,aff12b1e209e3a5f6d0907f9b2cda1e1ebbc0f179295e6bdf6b8cf5c979f18e9
d04216ff23bc332f,G:\Master's Of Science Computer Engineering\thesis deepfake detection\Thesis Revisions SP\First revesion\Preapred Dataset\train\real\144416.jpg,0,train,diffgan,recovered:3f93166972788255669a6367b1c1caf85ef94eb3a97ac5193a4abcf52ed3d378,unknown,unknown,unknown,authentic,image_level_unverified,4e63b3c77b50b3b5cfb1cc49a7ca89789eec7eb3eb382239ff9bdebae8eb99b5
3f4ab31fe778a86f,G:\Master's Of Science Computer Engineering\thesis deepfake detection\Thesis Revisions SP\First revesion\Preapred Dataset\train\real\170971.jpg,0,train,diffgan,recovered:148083236fa8c6bed33d87c3be9858f60d0cb81b34a46fc33a0e08ff770eeab2,unknown,unknown,unknown,authentic,image_level_unverified,15975c25059fedd3890dcdcab4149a111d8b39f5e602ac03c4c3aa65ca650f7e
a0b1d237e64fa264,G:\Master's Of Science Computer Engineering\thesis deepfake detection\Thesis Revisions SP\First revesion\Preapred Dataset\train\real\198692.jpg,0,train,diffgan,recovered:4445d4b34d58f7fc50f1d1b5291d6ccdf761770b5c2afaf2e1df7311c455fe53,unknown,unknown,unknown,authentic,image_level_unverified,e5e125864d3a40f91c8bfc26954e2f944ae50315f49e481f9de30deb3f5a95ff
1d0bc72be4fdaa3d,G:\Master's Of Science Computer Engineering\thesis deepfake detection\Thesis Revisions SP\First revesion\Preapred Dataset\train\real\132757.jpg,0,train,diffgan,recovered:e47596f652d217c293258c4505b10aaa0ee0b4d4efe4e7cbff56bf263c48fb1a,unknown,unknown,unknown,authentic,image_level_unverified,6b28f611fe409d0f9e092149ea580ca2a8bc6d06e5485b8d0bccab2face83d4e
e89f457e63801e85,G:\Master's Of Science Computer Engineering\thesis deepfake detection\Thesis Revisions SP\First revesion\Preapred Dataset\train\real\053291.jpg,0,train,diffgan,recovered:ba565694f1e956520af3358e2a291f0aea2fbce5415134f7f3eb73c22774f55b,unknown,unknown,unknown,authentic,image_level_unverified,258d2a0a93409d60c23d6e2bc4285688b9c4ea236cf5c3573d4d96a3e14f21b0
5d775385498ec6f7,G:\Master's Of Science Computer Engineering\thesis deepfake detection\Thesis Revisions SP\First revesion\Preapred Dataset\train\real\158083.jpg,0,train,diffgan,recovered:03b5333d0f7368cc3754ce2e3b20f32937a3e3b528fa183858fb34389a5c0c3b,unknown,unknown,unknown,authentic,image_level_unverified,ed45172c0224021aa47c80b7bc034ca92e2e84a4529b5a5f213c13163fc46d6f
890277aca572d3cf,G:\Master's Of Science Computer Engineering\thesis deepfake detection\Thesis Revisions SP\First revesion\Preapred Dataset\train\real\139239.jpg,0,train,diffgan,recovered:5fb9449acd417b32554ec4cc6b12462eeb32fb5d429dae02490f840136c5adf8,unknown,unknown,unknown,authentic,image_level_unverified,79fc1b980dc70fa7371cf8bf704a6799be6fd4cc6db17f53e42e0d345a33bb02
44c0b385971c1c0b,G:\Master's Of Science Computer Engineering\thesis deepfake detection\Thesis Revisions SP\First revesion\Preapred Dataset\train\real\190869.jpg,0,train,diffgan,recovered:044d3da56a1138b8a8ee24258bd286c20750c511a13f3162696c7b9118d1c6b8,unknown,unknown,unknown,authentic,image_level_unverified,69cceb3e87f6d2b5afbcd8b829372bde51d8d4a02ccc9be638006823dc3eb74e
5aae0036811a0981,G:\Master's Of Science Computer Engineering\thesis deepfake detection\Thesis Revisions SP\First revesion\Preapred Dataset\train\real\049307.jpg,0,train,diffgan,recovered:b20215c83a5327ca2a88b851f06adea89e8487f2bf85a7e1a1a218dabc51911a,unknown,unknown,unknown,authentic,image_level_unverified,10f600cd04a24593d927d660ed3ee8641f97dd956d8897d92eb826b74966c72a
fc4d64fd29ba7271,G:\Master's Of Science Computer Engineering\thesis deepfake detection\Thesis Revisions SP\First revesion\Preapred Dataset\train\real\011200.jpg,0,train,diffgan,recovered:dc702c0105eaa69aea9c2b1dea07e94f5f35c1054e1c90f064cd435ef2700a7e,unknown,unknown,unknown,authentic,image_level_unverified,34563e21777bddbd223da7983a29d79a2a34fafc776fce6ec24f6a8671a26a99
6ce9dcdd25a98643,G:\Master's Of Science Computer Engineering\thesis deepfake detection\Thesis Revisions SP\First revesion\Preapred Dataset\train\real\006498.jpg,0,train,diffgan,recovered:c14b8ae8b5c72e3652bd5b5e87833450bd7ba58ea9f4ec0bd941c6893a23bed0,unknown,unknown,unknown,authentic,image_level_unverified,1ea4551af6404fcf1b48aba80f68143182e303685d1b833149e39fc2ecb37c0d
c9a7b4291dbb3fcb,G:\Master's Of Science Computer Engineering\thesis deepfake detection\Thesis Revisions SP\First revesion\Preapred Dataset\train\real\031104.jpg,0,train,diffgan,recovered:369dc01347c508f1e74666b4db888b573ee93443665dc78bc09d4eb4d26d217f,unknown,unknown,unknown,authentic,image_level_unverified,553bfeee6646b81f4bfe98e2566c7daec5630e56d5da4ab362b36b07df47e6bc
54a52294fe6fb26e,G:\Master's Of Science Computer Engineering\thesis deepfake detection\Thesis Revisions SP\First revesion\Preapred Dataset\train\real\097401.jpg,0,train,diffgan,recovered:ba249250c86a4aaa8d54ff3023383d950a37ef7e70b03cf9248a332734b13924,unknown,unknown,unknown,authentic,image_level_unverified,f14fc32b36b983eaa5660f43c5290e823ca91fba8e9d8afc5c8aefc7fea3a9e6
03b72deefaf866ca,G:\Master's Of Science Computer Engineering\thesis deepfake detection\Thesis Revisions SP\First revesion\Preapred Dataset\train\real\092272.jpg,0,train,diffgan,recovered:99cfcdbe13facb061a0d30906970084a2a652bc09de56e5fdda199b46eece41b,unknown,unknown,unknown,authentic,image_level_unverified,c540a715c0c38054e0f1b9caa300f08a5cb2d3a4042671690cfe4bb70ac56649
8fe8baa5c613bb06,G:\Master's Of Science Computer Engineering\thesis deepfake detection\Thesis Revisions SP\First revesion\Preapred Dataset\train\real\160240.jpg,0,train,diffgan,recovered:76adc8479fb6c8db6a7bd3f005cc22fa1ca6dca9982da873a63465dd9849d969,unknown,unknown,unknown,authentic,image_level_unverified,facc6b95f31142bbaddaf0b223deb3923c028b674dce5ce2b1a9fd87b8bc3f6c
1fad7f75ebc44c14,G:\Master's Of Science Computer Engineering\thesis deepfake detection\Thesis Revisions SP\First revesion\Preapred Dataset\train\real\167248.jpg,0,train,diffgan,recovered:8afe1131cb456676efec39ed2d98993757800dd1ef4072afc9fd376a4495efee,unknown,unknown,unknown,authentic,image_level_unverified,deefbd2ec135e3b8d77ed8ccef2deae7b90dfa938d9f1539363e281998d6a97f
fa8c57c148539a60,G:\Master's Of Science Computer Engineering\thesis deepfake detection\Thesis Revisions SP\First revesion\Preapred Dataset\train\real\196183.jpg,0,train,diffgan,recovered:afad63e6c1a32a23964e04b6e963119b3194d033abdf80bc911f3fc08f162f0f,unknown,unknown,unknown,authentic,image_level_unverified,3f5731afcaecdf27753b6f2d3d2a4a9cf658ff70d0747ac3c900bcac1b40e3f5
faa63f239fcb9a95,G:\Master's Of Science Computer Engineering\thesis deepfake detection\Thesis Revisions SP\First revesion\Preapred Dataset\train\real\201926.jpg,0,train,diffgan,recovered:d802de7de94ad866ddccb86dd4c3fa732e47fddb1157a7995d6b7502ae3c077f,unknown,unknown,unknown,authentic,image_level_unverified,4f95b30640fe2404e440e17348b3a25ee974bff71b3f1dc076a427355cb2f8ad
ddf74d0b600b8390,G:\Master's Of Science Computer Engineering\thesis deepfake detection\Thesis Revisions SP\First revesion\Preapred Dataset\train\real\190898.jpg,0,train,diffgan,recovered:94b217446698abf5d3502c31ae41f3887f2a2d38bf9044a7b7e6fae95457dfe5,unknown,unknown,unknown,authentic,image_level_unverified,ebf59c73163bb667e382d07fe5ade14a2f1900f41474fb421b59105267e85bb8
254bb455a5e2f775,G:\Master's Of Science Computer Engineering\thesis deepfake detection\Thesis Revisions SP\First revesion\Preapred Dataset\train\real\155460.jpg,0,train,diffgan,recovered:5eeb52ad943f12d3b1997b60de4bc2b1b75e8f378f2039cdcc7e8de9b4df8547,unknown,unknown,unknown,authentic,image_level_unverified,215b47a0d5f021e1a845b654030c7a9cc420b96429352000254402cbf805bbd6
eee4b90b6f58d1e1,G:\Master's Of Science Computer Engineering\thesis deepfake detection\Thesis Revisions SP\First revesion\Preapred Dataset\train\real\039873.jpg,0,train,diffgan,recovered:71a15861dd269bc1262f8983d1db2b0128f6a90fc6399fe5b341aecba6866606,unknown,unknown,unknown,authentic,image_level_unverified,fad7fc7be0110a2cc0af24cc25890da4c91c9cdab60d1a5b6fe551f1ed5e8b9c
b634fa3403f57402,G:\Master's Of Science Computer Engineering\thesis deepfake detection\Thesis Revisions SP\First revesion\Preapred Dataset\train\real\054147.jpg,0,train,diffgan,recovered:8a38d3ed4694b6ed3d9fb7636a6d8ea5e1a0b9b578ed16cae501fe288f0ee12d,unknown,unknown,unknown,authentic,image_level_unverified,d2b221ed74ca2e589f317d76310206a3895c26d4a6c65d9b179f3d2eb0492bd0
f83fe2d5801c1426,G:\Master's Of Science Computer Engineering\thesis deepfake detection\Thesis Revisions SP\First revesion\Preapred Dataset\train\real\155804.jpg,0,train,diffgan,recovered:fc8fa5d9c5416b9508f935f292b7f7ff3e193ec764206fba91397b64cea324c0,unknown,unknown,unknown,authentic,image_level_unverified,271e1e10c16644ecbb6919f7edc4fc0548e1a6a261b0e22615b890ee08f719a7
9c687473476f4310,G:\Master's Of Science Computer Engineering\thesis deepfake detection\Thesis Revisions SP\First revesion\Preapred Dataset\train\real\042167.jpg,0,train,diffgan,recovered:1547b5d56b9a508a53a2e055271b5babbb679fbc267e3da8d9eb783ea82c7ac1,unknown,unknown,unknown,authentic,image_level_unverified,8ddd343f8e2aca081ae65809543924cc910872da37f5de48b3cec0c790f8643c
b652efe188ebe9c5,G:\Master's Of Science Computer Engineering\thesis deepfake detection\Thesis Revisions SP\First revesion\Preapred Dataset\train\real\030137.jpg,0,train,diffgan,recovered:2a485d78f45837c9c667c16f54c919f3e656f6ec77b230024ea2d79cc2bdd3b2,unknown,unknown,unknown,authentic,image_level_unverified,943d9dc63893eaa2d0eb70d1791d0d8f13b8924856d62d44e204e7579c383b17
8de8f2302cdd1bb2,G:\Master's Of Science Computer Engineering\thesis deepfake detection\Thesis Revisions SP\First revesion\Preapred Dataset\train\real\156393.jpg,0,train,diffgan,recovered:2e0c8045d3e26cf0da1b0bbc706164a4281cf2872b64d88afd63e7dcb96f88a1,unknown,unknown,unknown,authentic,image_level_unverified,796f397e7615a34c19ec1859a9f16dc30f92b67d4950acaafe2de551b9337e4e
c1bfc58ff5be018e,G:\Master's Of Science Computer Engineering\thesis deepfake detection\Thesis Revisions SP\First revesion\Preapred Dataset\train\real\085792.jpg,0,train,diffgan,recovered:8d9953788246131724df20e3be1e84cd38521540dc9b6bcf5824402c36895263,unknown,unknown,unknown,authentic,image_level_unverified,1a00dd9215dc7ebef6bc9a7851dcd9c1522ab7a4f93bb03d9551ee67df3befbc
31b50332e2514fff,G:\Master's Of Science Computer Engineering\thesis deepfake detection\Thesis Revisions SP\First revesion\Preapred Dataset\train\real\165607.jpg,0,train,diffgan,recovered:14b4eddba13325fd44f56d14b8910daa31c4c8879932ce3b8084473f93170caf,unknown,unknown,unknown,authentic,image_level_unverified,59a42abbbbe5f9406bfe29b57d0ca56a661c48357e2e441ab25a60857fb3bce7
f25448752b3c3cbc,G:\Master's Of Science Computer Engineering\thesis deepfake detection\Thesis Revisions SP\First revesion\Preapred Dataset\train\real\127803.jpg,0,train,diffgan,recovered:530d4e0952fa72ca33795592913084faf3a22485cdd41d1951897b53de0e4e0c,unknown,unknown,unknown,authentic,image_level_unverified,631678fb2b6a5afa3dbf7a87b99f26c7d14476c47db2759460fab3ea082ada27
c0146e5b42dffb0c,G:\Master's Of Science Computer Engineering\thesis deepfake detection\Thesis Revisions SP\First revesion\Preapred Dataset\train\real\131196.jpg,0,train,diffgan,recovered:e87282ff1bba3a1a90d8069eb2150c65500d69f9a112ad82b647ad16b92543a2,unknown,unknown,unknown,authentic,image_level_unverified,80f87fc279ea3e697f20ba935b3328d5064403594dc0686b1906bc95e9419bcb
b1198bf67761aa3c,G:\Master's Of Science Computer Engineering\thesis deepfake detection\Thesis Revisions SP\First revesion\Preapred Dataset\train\real\011183.jpg,0,train,diffgan,recovered:1f241a2e4eacde93a68fc1bfdd33afaca4d642471fe737bfef0e3a5fc1bd21aa,unknown,unknown,unknown,authentic,image_level_unverified,5128690d38ab6fdacfc77ee1bead26973a2f25117b796b413e1bc2bc6aee966b
cbe1fe1013ccde92,G:\Master's Of Science Computer Engineering\thesis deepfake detection\Thesis Revisions SP\First revesion\Preapred Dataset\train\real\048403.jpg,0,train,diffgan,recovered:66e5d4f69e2fdeb086a4ea2f25f2baa03f3a45be06227c7b878c3bfbad429944,unknown,unknown,unknown,authentic,image_level_unverified,e91bebad336d0dd82ad7d52fd5653464c411ac887a0f0c9204f00659f2e2d322
df0db5684c6a651b,G:\Master's Of Science Computer Engineering\thesis deepfake detection\Thesis Revisions SP\First revesion\Preapred Dataset\train\real\045351.jpg,0,train,diffgan,recovered:e0a38b7db3c00ba743d31e526f6fb395f238b018b1174023ecd23fc95ad10249,unknown,unknown,unknown,authentic,image_level_unverified,e072e18d5965ec9063d887d3a8a21e0fb709bebb99dad6b0e9f55860144820ea
3c7cc976befbd2b6,G:\Master's Of Science Computer Engineering\thesis deepfake detection\Thesis Revisions SP\First revesion\Preapred Dataset\train\real\109449.jpg,0,train,diffgan,recovered:79d9defb3fe8d8f3ad3acada89e1eafd8785f0fecd9c07c22247fce55f0770cf,unknown,unknown,unknown,authentic,image_level_unverified,1d42522e11550be0d7918afe140ec41290dbeffed9698e0b84d2605601c405b9
a78e3b39033bd6ca,G:\Master's Of Science Computer Engineering\thesis deepfake detection\Thesis Revisions SP\First revesion\Preapred Dataset\train\real\149897.jpg,0,train,diffgan,recovered:3e4e419c257011d994e6aa3ae5c09d950fae536b9c41fefe4244f1be778f096c,unknown,unknown,unknown,authentic,image_level_unverified,e1d022760a8eaf47e5fa79816a465cefcce2cc9573c685039fb9664273622c4b
978d8b02e8ab843c,G:\Master's Of Science Computer Engineering\thesis deepfake detection\Thesis Revisions SP\First revesion\Preapred Dataset\train\real\194626.jpg,0,train,diffgan,recovered:f4056423172167e7cda63437634a7b01cb6836b8498f0dfb14b8c913880db2d0,unknown,unknown,unknown,authentic,image_level_unverified,cf9fb56f20eb8136f14e307e9b3712ecdc65975b160aae9d5a850abce36d0535
6360e9dbdc63e805,G:\Master's Of Science Computer Engineering\thesis deepfake detection\Thesis Revisions SP\First revesion\Preapred Dataset\train\real\028971.jpg,0,train,diffgan,recovered:f40f6a8546db7155e9c518895072ba1e83de58f2ad6319dda6ee2ec418fd51a0,unknown,unknown,unknown,authentic,image_level_unverified,d1baf9229faaeba892f2b3468c1e4b9541e192a492fd380dc2b2129dd14a2d3e
d20ccf4bd0bd9d1b,G:\Master's Of Science Computer Engineering\thesis deepfake detection\Thesis Revisions SP\First revesion\Preapred Dataset\train\real\129606.jpg,0,train,diffgan,recovered:fc4724c74d050b4eb6cf4f85e1d218d10dfba3a1754d6654ea29c736d730e5f2,unknown,unknown,unknown,authentic,image_level_unverified,6273947dcbda4c70a3550630a4f9dce03be65b959b608fe02cf68430b1c08ff8
992f67b681c3ed90,G:\Master's Of Science Computer Engineering\thesis deepfake detection\Thesis Revisions SP\First revesion\Preapred Dataset\train\real\155941.jpg,0,train,diffgan,recovered:c8acfe2e400fdba6bb2581c2b0418851213cb325b083efaeeba48c3ad57dfc46,unknown,unknown,unknown,authentic,image_level_unverified,2d6f4eabb212f5871872b8a4133edf49720704e83bb6089a193c0cb26a6461b8
7b7d10ec88a24549,G:\Master's Of Science Computer Engineering\thesis deepfake detection\Thesis Revisions SP\First revesion\Preapred Dataset\train\real\199786.jpg,0,train,diffgan,recovered:09ea392f8b7a56b79cc69e2c33765e24f2a073dccdca8308ecb5f413c16b7c9c,unknown,unknown,unknown,authentic,image_level_unverified,98d613e36a38f81eba7068de1bd41a82e0a485a4b1bef55d4d27be3f5104b1d1
1824f43d8984a509,G:\Master's Of Science Computer Engineering\thesis deepfake detection\Thesis Revisions SP\First revesion\Preapred Dataset\train\real\108988.jpg,0,train,diffgan,recovered:504df0b8808b99ebf81aa43684010055328ad17becbce3265c77c2cd600a9205,unknown,unknown,unknown,authentic,image_level_unverified,2a4d70109f51e1403ca698951d538d80c4487aca7925c5e574e044e3ac1a5122
82257d8530b76620,G:\Master's Of Science Computer Engineering\thesis deepfake detection\Thesis Revisions SP\First revesion\Preapred Dataset\train\real\104973.jpg,0,train,diffgan,recovered:3300227d865d8b38d0a323ed571a4a1ca9a1c3e4a1ea1ced8cc56801db6df03b,unknown,unknown,unknown,authentic,image_level_unverified,c4c920d0d4ca6335a1370b7d5b75b6c9d4d8e0899fa04f7d98b233aa37ec1ee0
f1d28c94666fecbe,G:\Master's Of Science Computer Engineering\thesis deepfake detection\Thesis Revisions SP\First revesion\Preapred Dataset\train\real\016408.jpg,0,train,diffgan,recovered:e360fc1f6c8ef67df64214ff6aedf35e46a2fa9f57dc8fa737cfddbd664edcfa,unknown,unknown,unknown,authentic,image_level_unverified,b751386c7a0bcba1f92b2527ca637aff8d96899100be663d2e383f7ac1c36000
26bdf283a6f52060,G:\Master's Of Science Computer Engineering\thesis deepfake detection\Thesis Revisions SP\First revesion\Preapred Dataset\train\real\141273.jpg,0,train,diffgan,recovered:cf0e4a59b05f87d0884068671b556c6ab4eb81ed003c24480164c08fde41fd6b,unknown,unknown,unknown,authentic,image_level_unverified,0d8f1decb7088892698854e23c354c5b9bb89a1fc4e4ef565ccbba743588c5a8
29edc76fec2b2283,G:\Master's Of Science Computer Engineering\thesis deepfake detection\Thesis Revisions SP\First revesion\Preapred Dataset\train\real\157426.jpg,0,train,diffgan,recovered:b9ffd3f7aca85abec8308ddeaab3047b01565894a3e3f1a9690a7407dc7d68ff,unknown,unknown,unknown,authentic,image_level_unverified,a39d1f97a948e5d1fe632c75c1b05509303bb685a8982ce30f8cf1fb1d9b574e
ac7eff4d219f53e8,G:\Master's Of Science Computer Engineering\thesis deepfake detection\Thesis Revisions SP\First revesion\Preapred Dataset\train\real\106754.jpg,0,train,diffgan,recovered:fbeae1913066de48a9acf1292f22d75aede82929c46a2d0d22ba66fd1eed5aec,unknown,unknown,unknown,authentic,image_level_unverified,d1f080af5f97948d869fafe0bf4dcb1c7704a48d2aa6644319266c8c5461411a
4fdb00a7a13b67fe,G:\Master's Of Science Computer Engineering\thesis deepfake detection\Thesis Revisions SP\First revesion\Preapred Dataset\train\real\147050.jpg,0,train,diffgan,recovered:c68104e9e3f7c01accca6a5506dbef7e3bdbc4d087b5f27273b531fc8ca7fef7,unknown,unknown,unknown,authentic,image_level_unverified,cdbd32075a882f26b4a7f0248ac1efebeda6ca00d81ee3b7769bd4d875fe4923
9d1a082e9b91cbda,G:\Master's Of Science Computer Engineering\thesis deepfake detection\Thesis Revisions SP\First revesion\Preapred Dataset\train\real\143606.jpg,0,train,diffgan,recovered:ebae06902e6e5877f917baf649c996c12d098e7e1a6feed347b7a72d9066c240,unknown,unknown,unknown,authentic,image_level_unverified,4a6c3d611e1207cd0a8b64d217f7de9507c1a0479d60549e1e4b07544f0a3484
db0436bd70286ef5,G:\Master's Of Science Computer Engineering\thesis deepfake detection\Thesis Revisions SP\First revesion\Preapred Dataset\train\real\116400.jpg,0,train,diffgan,recovered:6523d79f02b3ae420d45d5885e0ec42155903c1a87d545c6b2ac033a411a5311,unknown,unknown,unknown,authentic,image_level_unverified,49d110834e08cbeeac9aadc77ed3f3a43128706c10c9c0cd16cd1d00a1db334b
0c6979d90d7a996b,G:\Master's Of Science Computer Engineering\thesis deepfake detection\Thesis Revisions SP\First revesion\Preapred Dataset\train\real\vid_a0fd69ebc7713d0ac4c64ab83628716cb29c043c1328bfdc5eb5716e19f68433_face_000054_019.png,0,train,diffgan,recovered:718d9d4da5f9e2f22024c27e0339eb37a7c2ac622bc8161c448f3b550f5e9add,unknown,unknown,unknown,authentic,image_level_unverified,dbd8e358022e2a95185b6141c20ad397eaa55ecab99397e4b5fe3b98021d41c5
3d185a0f8e7ab3c5,G:\Master's Of Science Computer Engineering\thesis deepfake detection\Thesis Revisions SP\First revesion\Preapred Dataset\train\real\vid_840906f55aff8618957a5c5111ccc05458dd0af829d8c684d8a3aabbb6c55a20_face_000014_009.png,0,train,diffgan,recovered:a353720e89ba436c8fc36b08e37227e06b3b93d2423a269a2a2de4501e46163f,unknown,unknown,unknown,authentic,image_level_unverified,7f42dc9eb64e4621dfba6e4e7724d60700bf3b97216fb63ecc8fdc1b0d115f91
feee93e313b2f085,G:\Master's Of Science Computer Engineering\thesis deepfake detection\Thesis Revisions SP\First revesion\Preapred Dataset\train\real\vid_2272273b0e94ec668f127ce9261edbf6386ce1c33ef63e0ed65b70e9332a010f_face_000039_021.png,0,train,diffgan,recovered:f0609a4fa64f508f6c571de0c580725508b6774b6c204a7ae74a0f8cf6c3be05,unknown,unknown,unknown,authentic,image_level_unverified,a5d622ff17f821781c8fb96b8c533996151f2090b2cf8c421369fe7f83fb4ccc
37dd95abe70f8110,G:\Master's Of Science Computer Engineering\thesis deepfake detection\Thesis Revisions SP\First revesion\Preapred Dataset\train\real\vid_254b0fce92bd34232c2ce2adda99ff0b1468d03d1ec181a790253bb585bfdef6_face_000003_002.png,0,train,diffgan,recovered:4e4ffbe4329cd2959d917948d303ef690c75d2ea20490ea42162d3c68d89f24c,unknown,unknown,unknown,authentic,image_level_unverified,9140bf0a3a5b9aa92c58c87cdf913627128ada32b0dd42d68421d57f9ec5e7dd
1184e5b0c46a5762,G:\Master's Of Science Computer Engineering\thesis deepfake detection\Thesis Revisions SP\First revesion\Preapred Dataset\train\real\vid_5cbd0afbbe51a2eb722e42310dd061bfafdbc147bd6f55fbc94d83a67bd70271_face_000082_025.png,0,train,diffgan,recovered:d2ff001e757981b0f6f16f0674ba37b6dfd782226328251780fa16dd0fcb4026,unknown,unknown,unknown,authentic,image_level_unverified,1cfe5cc2f1115d32b599aa75339285c63bd49b51cb95fadf161bed240083f7c0
7196d38be695d453,G:\Master's Of Science Computer Engineering\thesis deepfake detection\Thesis Revisions SP\First revesion\Preapred Dataset\train\real\vid_878cd64f1533efabc2c3832b4223caf6ad081ab1dde477fe5f194665d77aa578_face_000012_005.png,0,train,diffgan,recovered:ae03193c66e5db7470c791cc70833c27d251d2dc7c23dec33620a586604dff20,unknown,unknown,unknown,authentic,image_level_unverified,6d6b7e71b0e7ec3a8eed2428adfbb4acef5cd4f1b9d5060980283819f3372db3
f2690d1446d5d1e6,G:\Master's Of Science Computer Engineering\thesis deepfake detection\Thesis Revisions SP\First revesion\Preapred Dataset\train\real\vid_898b1596574fccd30b0894fa801416ce4f10b3f5ef1935c34204bd0f8b19c930_face_000046_024.png,0,train,diffgan,recovered:f0041227cadc52df0ef62221db7099734bec127aa5186c7e29cc53bed92da4cf,unknown,unknown,unknown,authentic,image_level_unverified,08d31773dd1e8f5cc4793ba78321ebf5c87b21ad5cdb59f50aea6d84ace91123
0526029a2f27ded4,G:\Master's Of Science Computer Engineering\thesis deepfake detection\Thesis Revisions SP\First revesion\Preapred Dataset\train\real\vid_67f16cf63f71858d330ae73aee21f839b8468e965e04d7c154197276cc199c5d_face_000022_012.png,0,train,diffgan,recovered:380b693ace92ad7db84d45d4290c7301a822369cc70d67e0fbe45b88960a0c4d,unknown,unknown,unknown,authentic,image_level_unverified,fc069b5faea5cd4600dc95001ca1bfa655483d31732a92b43c6151c8e27c8a39
12050ae74c8396ee,G:\Master's Of Science Computer Engineering\thesis deepfake detection\Thesis Revisions SP\First revesion\Preapred Dataset\train\real\vid_71754d83cb659cd80857416ca4c697f139d831c7d28c824ab4504ddc47fa4a38_face_000027_010.png,0,train,diffgan,recovered:ad7436bdfb88ad591916f3dbcf327ddd9d0b8f7d576e6b4f01d3446ae1196761,unknown,unknown,unknown,authentic,image_level_unverified,2df8b5cd8dbdb920c2583cb8e009c0ce60626c6aa3e6911a1ed4e41644f30a26
62cca3b2fc9f04ee,G:\Master's Of Science Computer Engineering\thesis deepfake detection\Thesis Revisions SP\First revesion\Preapred Dataset\train\real\vid_b29f9074f3c63a76cea40d2bb0348759f2e299fa2b397a5b0000a464d7bf36e4_face_000000_002.png,0,train,diffgan,recovered:2e849a7943d6f9aaf42f8acb0b5058a5e06f83f17639e1ff0593c58457ce5c3d,unknown,unknown,unknown,authentic,image_level_unverified,78fe1f3819feedec1eda5af9e628173bc332834356fc951be0cdc8508b997e59
a78b8cca6b6250d7,G:\Master's Of Science Computer Engineering\thesis deepfake detection\Thesis Revisions SP\First revesion\Preapred Dataset\train\real\vid_4b22c2a37a9e2e71cacabe3c8a20c9ee14cce5d34d9947a73d83c7f619562d5a_face_000052_027.png,0,train,diffgan,recovered:7e4b40697e7d6bc2278d1730823fcc7d3d10cf76581b44c4768c24d4002d2054,unknown,unknown,unknown,authentic,image_level_unverified,bfac863928ca1a80e0597b44108313b1ef2653f4dba981deefa58b90bd6344cf
5d2c2bd393604914,G:\Master's Of Science Computer Engineering\thesis deepfake detection\Thesis Revisions SP\First revesion\Preapred Dataset\train\real\vid_712b436503fde8981957963e75982bc919cff009f0f43643d813f58369525219_face_000069_025.png,0,train,diffgan,recovered:81c17ea45647707d3b82e7a2b153c185d94e4e48e7d2f5a3c6989b36ae5a0e9f,unknown,unknown,unknown,authentic,image_level_unverified,4463a8ec8e2fb820b4aecd6c5cf83cf24fb4e58eb5b2398d687747dddb584c64
303c7f8616c683e5,G:\Master's Of Science Computer Engineering\thesis deepfake detection\Thesis Revisions SP\First revesion\Preapred Dataset\train\real\vid_8f8c8e21404b29a4c6f7a3a2f5cb3801ac15398ba5c1153b1712a5a6d1b4f0d4_face_000014_008.png,0,train,diffgan,recovered:3cd83d39f441d0b545a34ef631728c9754444926423b698c3f4c65ccbe9dd49d,unknown,unknown,unknown,authentic,image_level_unverified,a02bf1ad9ccc09bcd5ff6d0861008cf264e0d5a6cc941df1c7258df305f5e8ed
06fafa48f5b55b6e,G:\Master's Of Science Computer Engineering\thesis deepfake detection\Thesis Revisions SP\First revesion\Preapred Dataset\train\real\vid_001f5bccc877a5ec26905c51151783c297a93b5d9fe61400a4ba987a8bfbe138_face_000042_015.png,0,train,diffgan,recovered:fa050d34fcbcd386ffebf5fd0f9107f88544e81d632ce84fdda2f2de1a27f5a8,unknown,unknown,unknown,authentic,image_level_unverified,f1be6cd9f8d2169f94414932607d9e695e2f43937e67f6d4a42edf6c2c0b705a
496b0b8e710c6255,G:\Master's Of Science Computer Engineering\thesis deepfake detection\Thesis Revisions SP\First revesion\Preapred Dataset\train\real\vid_c761c67400696dbd5460afb978a383698a625dcd2768d8837410478db119b80e_face_000058_030.png,0,train,diffgan,recovered:cf1b266e5d7f833ceea829ccd39e2e1f29d13f8b08b6f78bf73b4f38b6562fe8,unknown,unknown,unknown,authentic,image_level_unverified,9ae0ed4a8d7570cf001fba592377748ca2d743965e90e172ec39ec28f653fbbb
1bc7841d4f85d297,G:\Master's Of Science Computer Engineering\thesis deepfake detection\Thesis Revisions SP\First revesion\Preapred Dataset\train\real\vid_39f3eb0b006c0d73792ffb009b341d71e4f2af6b5b8bf459518b19a5add53a1c_face_000063_022.png,0,train,diffgan,recovered:e5a46c82e38c2027177f0d6a4d5da2cc4ff86b84694523260e43dbbee544831c,unknown,unknown,unknown,authentic,image_level_unverified,ad9bd228c2adebed908b52a75e7f68ffa5ceb229742c6980dda48ba8576a9488
de001d05c64fbaeb,G:\Master's Of Science Computer Engineering\thesis deepfake detection\Thesis Revisions SP\First revesion\Preapred Dataset\train\real\vid_0fec5831d89cb8a377e7058d15f35368ecd6e7432da2f66dc3ecbe0c3cb673eb_face_000038_020.png,0,train,diffgan,recovered:2092be77d73c467db815ec516152706dc7ac64ad012d693bddc54d0bdbf07ba6,unknown,unknown,unknown,authentic,image_level_unverified,82a5a991393760246afc418c8f7bfe7b31a6a3e3690e5c1a37c6710cc1ac2191
0d84f486b754b7cd,G:\Master's Of Science Computer Engineering\thesis deepfake detection\Thesis Revisions SP\First revesion\Preapred Dataset\train\real\vid_cc5e0ad2f5900a164896c02dc314cf895c6899718594561b86bc2f5ae29fd392_face_000024_013.png,0,train,diffgan,recovered:9bbc06e7107e22c45a469c3d3ce6f7b440e0201f5dd0763b5102a0f42b1e464d,unknown,unknown,unknown,authentic,image_level_unverified,e3be5600e9ea6759e6616f49deadc327f9346b9c7c2c69cec5bf7ed7c2d2faa4
5c68169acc2b20e9,G:\Master's Of Science Computer Engineering\thesis deepfake detection\Thesis Revisions SP\First revesion\Preapred Dataset\train\real\vid_c971312a31a46c115f7e42c4b33e29e24a5591890778a2518d08eaf9024a0164_face_000028_015.png,0,train,diffgan,recovered:495b84b30711beca43c49b361a7c1a31226e62d8823c7c9e0fcdde1b31530dfb,unknown,unknown,unknown,authentic,image_level_unverified,fcc5ad3a892a11ef4cddb5d153ef10c44bfb4ec19573ba1c1f2bbe67449c99bf
c2d603cdc688bfb9,G:\Master's Of Science Computer Engineering\thesis deepfake detection\Thesis Revisions SP\First revesion\Preapred Dataset\train\real\vid_ddcc5535436394934cc26e89ea257846689a4c7a589ae6afcfdb5b64dee102a5_face_000054_022.png,0,train,diffgan,recovered:f428a305ffa828ff0ea8a47d240b1029a7b2d13a0436814a6361bd61e56a834e,unknown,unknown,unknown,authentic,image_level_unverified,ccc72cc97f43afe71b4437710f99ad25b7eafa56ca84aabc2f04a9ac7216ccf8
31613bc3f409520d,G:\Master's Of Science Computer Engineering\thesis deepfake detection\Thesis Revisions SP\First revesion\Preapred Dataset\train\real\vid_c8c52f13eba5d5ac548e540b3477011677e300bca8442eb902f2aecba4feaba1_face_000009_004.png,0,train,diffgan,recovered:883eec5d1f430b8989bccf9b292af853f5d8aebf79fac3ed3883240ec6fc8cdf,unknown,unknown,unknown,authentic,image_level_unverified,28c769a9efc3da4a3d1f6c8de2109f527014ee6609da457e674ad78350af68bb
be91c8c36248cd68,G:\Master's Of Science Computer Engineering\thesis deepfake detection\Thesis Revisions SP\First revesion\Preapred Dataset\train\real\vid_22e7500db2ef5d080c7077a3ceec81cba44c867cccacee7708196b5ccdc13978_face_000034_018.png,0,train,diffgan,recovered:18c334328f23bb25a8bdce927cfb0766dad24db2de79f357d15afbb0a9c50060,unknown,unknown,unknown,authentic,image_level_unverified,8b4e6a240fa79e3ed144e88ae7e3db25f6afd2f6c159b49ccbf86747e4830c13
7b5c050414d37a5f,G:\Master's Of Science Computer Engineering\thesis deepfake detection\Thesis Revisions SP\First revesion\Preapred Dataset\train\real\vid_f457008b47362fc0b8771645924a9fa42921a3d877ba7359eb68b21ecf941c4f_face_000051_018.png,0,train,diffgan,recovered:9e03b9a4106a37952073b3ca4b6045d881972b067a96d82c350ac3f106270938,unknown,unknown,unknown,authentic,image_level_unverified,be303511b7022009d2465611bca8b3d764e5fe4d7842e5c353742ac6e6fa3555
d912e79f6386b401,G:\Master's Of Science Computer Engineering\thesis deepfake detection\Thesis Revisions SP\First revesion\Preapred Dataset\train\real\vid_3492e3980c43806f4161f64d42ab905e9b8bffcf2d928a8b9627a2dc4445a309_face_000068_020.png,0,train,diffgan,recovered:9de5ca99eb3f64a13b0bc6967d57b05577f8e1e5fc6e2677b7661e1e8f3eaace,unknown,unknown,unknown,authentic,image_level_unverified,b6516adee566e79117edf66d232bb0a7302f810cd51c3b841692cd0bb682b355
8d64a8dbbb8ba6ce,G:\Master's Of Science Computer Engineering\thesis deepfake detection\Thesis Revisions SP\First revesion\Preapred Dataset\train\real\vid_8e62fe7e075472c69d3cb5e01c38d8d3a6e2924e60c9ac17a5595b63e3652906_face_000018_012.png,0,train,diffgan,recovered:36ce33da98af8324164ac3ff8d9066f9963be7ac546776a7e3923aec59380130,unknown,unknown,unknown,authentic,image_level_unverified,f883217a41c0fa752bf0bb1f519e1079c10d816652a0dec55615807b6f209fc0
d4253debd84945ab,G:\Master's Of Science Computer Engineering\thesis deepfake detection\Thesis Revisions SP\First revesion\Preapred Dataset\train\real\vid_be4602b07cb0acb836aeb5a9383ed80e8a1bc949dd42d90ed338fc4e39ffbe28_face_000048_025.png,0,train,diffgan,recovered:a48342c0c482a1090c62caea37a2ca00792ed12603665f66a3bb16cc7b191fbc,unknown,unknown,unknown,authentic,image_level_unverified,422cd72c403a5dd54899a819d42bcb8236c72761efc6f59318a8487a64f12160
fb5b77573a6b2095,G:\Master's Of Science Computer Engineering\thesis deepfake detection\Thesis Revisions SP\First revesion\Preapred Dataset\train\real\vid_6ce7a32e4e001b0dfff3ff7c5022788f8ed10f2f11e59147e1b9a8f9556a9d89_face_000050_026.png,0,train,diffgan,recovered:8e5792a830ff0df460b0bb4ab9fb3104e91f701277b68b3944286dd78e822ea6,unknown,unknown,unknown,authentic,image_level_unverified,3bf6af79e7e3bd73c2cdaa5bc548e57d342aa507015345f4e4bef33b3ca281b9
489858fa70329ed6,G:\Master's Of Science Computer Engineering\thesis deepfake detection\Thesis Revisions SP\First revesion\Preapred Dataset\train\real\vid_3709198d22f63955a431e84470b0eacdd450f41278a7a1ffd688dac166286a4c_face_000034_019.png,0,train,diffgan,recovered:97c709deed4fb9805bdb6939cf491bd8fb846106b9e15116b53263f776fcac87,unknown,unknown,unknown,authentic,image_level_unverified,b4ab8e3f4ea1c2a8d75a4a37581f37d9e1ec702e5572329957f2bdd49c1d55d7
fa1e6b320197dc9c,G:\Master's Of Science Computer Engineering\thesis deepfake detection\Thesis Revisions SP\First revesion\Preapred Dataset\train\real\vid_fea41a7d7c5eb101bdcdc178a8badb56b0e6252c154217992a4cdbafc702205d_face_000054_019.png,0,train,diffgan,recovered:648be39e09d6ba799451ae54baa61205af7ba9a4e563169ac26a2134bb93c2b9,unknown,unknown,unknown,authentic,image_level_unverified,d67d7c7ce530746ff55b1d93df61d3e1c2d59c154d7b81ea68c073a48c6d8971
0fac27db7fd3687b,G:\Master's Of Science Computer Engineering\thesis deepfake detection\Thesis Revisions SP\First revesion\Preapred Dataset\train\real\vid_2c22eeb793f6e02cc5d266387c172c9e53e1b59ecdffb3b3fa6541c199df6f81_face_000034_018.png,0,train,diffgan,recovered:5440b4dfe417432e0cea2b37976a0da7a19260fc379d0f1900f1fc9adc4e0577,unknown,unknown,unknown,authentic,image_level_unverified,83f3be8fccf7e5c0fef6cfd2c69eb35d2a5b72810565f567950116dc62065043
86b8afb965f70507,G:\Master's Of Science Computer Engineering\thesis deepfake detection\Thesis Revisions SP\First revesion\Preapred Dataset\train\real\vid_d1d634c7a5a1be711145f78971ae19b36e1deb304389749f5fb48d783c5573eb_face_000044_023.png,0,train,diffgan,recovered:262c53dca42d3d4ba18b4aaf1780fc9b5d0020295c08d104e4c006742c99414f,unknown,unknown,unknown,authentic,image_level_unverified,824ac0a80b83a765355ebb80e0f75c1a40f1b9424a02d29269de6505c598ddb1
907bccc487d16eab,G:\Master's Of Science Computer Engineering\thesis deepfake detection\Thesis Revisions SP\First revesion\Preapred Dataset\train\real\vid_c0d1accb2da3b859de55e38be41798437c32f11559f4455a90f09d0cdd224e57_face_000046_021.png,0,train,diffgan,recovered:927c6ebca5892bfb25cf171c7ed17259db39c17fcd71b866f48a0b2e854eb704,unknown,unknown,unknown,authentic,image_level_unverified,013a80948dd4b8d8c3a6c0f1368257a16abfa2ebe5a82d3388e286e18a867cc6
8e2b770a1e4050e7,G:\Master's Of Science Computer Engineering\thesis deepfake detection\Thesis Revisions SP\First revesion\Preapred Dataset\train\real\vid_e269f2904b8879393fd2ba8386754254e68bb3a28f0d84cc4e9cc77ab58bc5b0_face_000058_030.png,0,train,diffgan,recovered:893861f2e6404de960996b272ee0bb15722a7de1226cc3fa89851b8d0284d3bb,unknown,unknown,unknown,authentic,image_level_unverified,e810973c43fa01ba3cd2add1e2691f4afd8dbf8272ddaabd0d2e052938189b69
933f83ba3a898e2a,G:\Master's Of Science Computer Engineering\thesis deepfake detection\Thesis Revisions SP\First revesion\Preapred Dataset\train\real\vid_b2f09bce47d2435c28930443e06677b94862bd13335017c340a365d5641a4e35_face_000088_026.png,0,train,diffgan,recovered:25c20692538ea8c4fef96cac826f8416b4e0ba8e5f1d34a7426b39db29a00cee,unknown,unknown,unknown,authentic,image_level_unverified,6d3ddb3423ecd1d70b1ada1b499d683e983bf04b0f819d612f096134907ff8cf
1493001b9f02bbd8,G:\Master's Of Science Computer Engineering\thesis deepfake detection\Thesis Revisions SP\First revesion\Preapred Dataset\train\real\vid_4f4c1cf3e35ba2428e0bc3e8b4cca19e611cbd048ecb481bdf0bbf9ef9ff8cfc_face_000057_016.png,0,train,diffgan,recovered:29202e9de68f55e19f3c57e2df13fc779e1e3c7c6fedde24edcc49c50031cd89,unknown,unknown,unknown,authentic,image_level_unverified,a15e86f27efe180adf1a16c7bf5ac40a4b8096d71bca83e5b62b937453ccd8d3
b888a86cfbf1d3b6,G:\Master's Of Science Computer Engineering\thesis deepfake detection\Thesis Revisions SP\First revesion\Preapred Dataset\train\real\vid_b22ad06ece1fe3e2da6fb585f00d7b49852b833ca7170dd918ef203d1c5a92e7_face_000069_025.png,0,train,diffgan,recovered:4a26a587d61bd1b7f8c7e5910453a3875f53c46c582a007ea3c7d87d5a374f12,unknown,unknown,unknown,authentic,image_level_unverified,b9666ae040be120e73eaeedadf6da98ab34ab2da07b0d3603c48b95d082cae4c
8863d88227492ce8,G:\Master's Of Science Computer Engineering\thesis deepfake detection\Thesis Revisions SP\First revesion\Preapred Dataset\train\real\vid_c9d5eaa6a00b4563cb991a7526223aa5eb9c506dafecdbee9571a33604f301b5_face_000032_017.png,0,train,diffgan,recovered:e5becc098c378af9b6ba354281705d40233d386ae6e1d6daea0e2a1e243ee641,unknown,unknown,unknown,authentic,image_level_unverified,38dfb35f86ca1f319aeb64a32c1fcdf19244521ba8226a91731ca411a3867f52
ca6777b4e6605547,G:\Master's Of Science Computer Engineering\thesis deepfake detection\Thesis Revisions SP\First revesion\Preapred Dataset\train\real\vid_4f2ca1e26a80de4f8e74c13d41c440a8415155d8b02c468e1e62b59a228b78f1_face_000002_002.png,0,train,diffgan,recovered:1ad060ae9279ee5e1179d6a85d58ea01ddfe9a34d16f21c82872a384bf5fc672,unknown,unknown,unknown,authentic,image_level_unverified,d0084f548f8c6b8a8caa7560e97977c047ecf280a6b4a46ebba549bb5af78ae1
80f062c8b9574141,G:\Master's Of Science Computer Engineering\thesis deepfake detection\Thesis Revisions SP\First revesion\Preapred Dataset\train\real\vid_073654c8dcd9c55510b94c61234eb2b22384a373e7bc2fbb1bbea8c19996fa23_face_000016_009.png,0,train,diffgan,recovered:370816f0139ed0761a301e6891102df357b43c45c7ee261481ce05522eb8334f,unknown,unknown,unknown,authentic,image_level_unverified,4318fff0754499bf4647058db1a89693fa128b1c6fd802741d0efda6b9110ddf
6317da7500a21618,G:\Master's Of Science Computer Engineering\thesis deepfake detection\Thesis Revisions SP\First revesion\Preapred Dataset\train\real\vid_558f4cd539a4552d55cde99adcad007775ba8998d7daec5e49ea6dcea547f4c6_face_000026_014.png,0,train,diffgan,recovered:204de87490b0000e5810137fa8fd6d93b4d59d1e322741abf773144481999a16,unknown,unknown,unknown,authentic,image_level_unverified,47dcc1f5f93f6577bc26cf32800864ce39912c5cb60282a201207c671be42d55
150cfd30c22ce51b,G:\Master's Of Science Computer Engineering\thesis deepfake detection\Thesis Revisions SP\First revesion\Preapred Dataset\train\real\vid_58fc816298b7280ab42a2dfce6224a88b8bfd07c68a5e72661f19012c6743415_face_000012_008.png,0,train,diffgan,recovered:9c205d7cbe3a494a2307ef8610a5ab877880b700ef949bb00e7e1596ac998242,unknown,unknown,unknown,authentic,image_level_unverified,c7aa53303f6d3c29aebd694a94545b57ca3ec9f5ddff921a795a2d93956c4a76
d89f1667c39bdd59,G:\Master's Of Science Computer Engineering\thesis deepfake detection\Thesis Revisions SP\First revesion\Preapred Dataset\train\real\vid_cd8b4a2216b621f4770f1b512efe0619feb1f1c1291f68524521dabe293b9d42_face_000000_001.png,0,train,diffgan,recovered:90832604ecf04616f6d75150e79a7b5a6f07cde76f8d31ca2dacaf36e7b811a2,unknown,unknown,unknown,authentic,image_level_unverified,ef68ee1a4382f43c0d7033aaec4bf10897ac670143ab6d66e0c68000ed4f8933
db2965dd5adac0d3,G:\Master's Of Science Computer Engineering\thesis deepfake detection\Thesis Revisions SP\First revesion\Preapred Dataset\train\real\vid_cafb8245807c5c36c202ccc6521e605fcaa42bd0422d28de7188e6b317ed7b03_face_000014_012.png,0,train,diffgan,recovered:49adbee3e32470c53d0850784ac24a52e71ecd4f8ccce51313de69f3d02595fe,unknown,unknown,unknown,authentic,image_level_unverified,6fe5c5810e67a7504b653b398f395f90362e524bda656c7b85d840443191f4b1
9222e762545792ab,G:\Master's Of Science Computer Engineering\thesis deepfake detection\Thesis Revisions SP\First revesion\Preapred Dataset\train\real\vid_6da09a95c6192933f37870a17843fe7748777704550139c75f907e091c44b1f2_face_000032_017.png,0,train,diffgan,recovered:b1822083c34f1438cf7735986f58668a4e36bcfc622bebdb4c0c910354942caf,unknown,unknown,unknown,authentic,image_level_unverified,9833a1b1c8030ba02b0aed08f82260b78bd78682825664b9e964cb6714768630
f05acd2899906e1d,G:\Master's Of Science Computer Engineering\thesis deepfake detection\Thesis Revisions SP\First revesion\Preapred Dataset\train\real\vid_3b64ceb0956d2ae23a83d2c1d133b8a0609e16943001385f5d2cdd3702f934b4_face_000084_030.png,0,train,diffgan,recovered:a3dfcaba183698c337e6209cec8ba000a8e69dffd7b1b10cb79c5e3c5cc92b6d,unknown,unknown,unknown,authentic,image_level_unverified,2689e3a7c505fd3003ef5880968fcb52d78db516d40230e2c939ed27f716a36b
0c4f898595cadcf7,G:\Master's Of Science Computer Engineering\thesis deepfake detection\Thesis Revisions SP\First revesion\Preapred Dataset\train\real\vid_093c18fa09551c5d2d1b79f758d736869b83f7eb0899ce86942a88ae29117192_face_000044_023.png,0,train,diffgan,recovered:49220bc525accdd0aca18c04b8501fbf6549a36a724449f49adbbe6bced43b70,unknown,unknown,unknown,authentic,image_level_unverified,c758d7d05ba2b9e0e75f9aabecc526abc44e47ffe488b320b1da6fc011506c15
1a7ef3fe9ff28682,G:\Master's Of Science Computer Engineering\thesis deepfake detection\Thesis Revisions SP\First revesion\Preapred Dataset\train\real\vid_7f335361bf148abfaa188971e92d8b0386a567df53b6af52e7b17b7eed606d60_face_000012_006.png,0,train,diffgan,recovered:4d49c0fc906f2a5669225613141ae2aab665265b3436899593ec4859a02af4ae,unknown,unknown,unknown,authentic,image_level_unverified,13f5dbfb6e266968934b6f0ae7a6e403ba9aab9893c70853b7a425ca3624a3a2
36a21fa3032cd7cc,G:\Master's Of Science Computer Engineering\thesis deepfake detection\Thesis Revisions SP\First revesion\Preapred Dataset\train\real\vid_3852c7b118946501b1f0ea6721b2bbcea161f6974a985b35a45976a7518a6d50_face_000378_030.png,0,train,diffgan,recovered:67d52f4455fb1eba2c88595a3ae0caf3be8419dde36810ddd3475f25d39737f3,unknown,unknown,unknown,authentic,image_level_unverified,5650e6b213c014b5d299c3aa2b530e48419293731b4c561aec0d33fa3ff6504a
f9a0f9a66337e285,G:\Master's Of Science Computer Engineering\thesis deepfake detection\Thesis Revisions SP\First revesion\Preapred Dataset\train\real\vid_02cc0a20136b803bc176c4e63d60e2c6107bf64e0a686d4d22796b33e521c2f9_face_000030_016.png,0,train,diffgan,recovered:f6cdf5d25932e2e20be0899136a0f8375a644c0221708b748bb27c57c2a6d652,unknown,unknown,unknown,authentic,image_level_unverified,a16bebbf55920e3f1d82ca0ba81000b99b0ae5095dd5668c95e58637b08fb67f
5c81c431ff312e86,G:\Master's Of Science Computer Engineering\thesis deepfake detection\Thesis Revisions SP\First revesion\Preapred Dataset\train\real\vid_93bbadc2382dae3cee721ee2a35db160f2441a0679d0ee801016bb07d1f79d0d_face_000056_025.png,0,train,diffgan,recovered:305d2ff539e960a932a7c0a22f56cda8d0498f7dc28e52d383d2b402739f93cf,unknown,unknown,unknown,authentic,image_level_unverified,38ff7af9d072a7be3774f143783a06bab73e8e56068fa547aa041db21ce5dab2
e64f02279d0e1ecc,G:\Master's Of Science Computer Engineering\thesis deepfake detection\Thesis Revisions SP\First revesion\Preapred Dataset\train\real\vid_153cc566593a5b535cef7354c2b6e0a60cfb00cbc56d3252f208a1597b139707_face_000058_030.png,0,train,diffgan,recovered:e5a4c553297b173f668726d86711362c5845e87b89ee7ca02b72ea376f74b187,unknown,unknown,unknown,authentic,image_level_unverified,6f78d7c1f12a21df83429f432cd5aaa6a5346c122c84133e219557845096002f
6ecf8d18844ba7f2,G:\Master's Of Science Computer Engineering\thesis deepfake detection\Thesis Revisions SP\First revesion\Preapred Dataset\train\real\vid_a06bb7262e62969e6193c3593d1e4ca1e155a6ae39514a599b280060de4ed72a_face_000030_011.png,0,train,diffgan,recovered:705028d27565161a5acf0b9547b3fdd97fc944f88b17c770a2dbc75d5af98251,unknown,unknown,unknown,authentic,image_level_unverified,6dd9e07ec3494cabf484a0e03b2c6475ac61fcddca5382b770c4d86dc4759857
ab2261ad8ae1111f,G:\Master's Of Science Computer Engineering\thesis deepfake detection\Thesis Revisions SP\First revesion\Preapred Dataset\train\real\vid_d62d6127ce118d9066f6518e1156a336376d6e98557631a8628eeed924c8b1a4_face_000008_005.png,0,train,diffgan,recovered:4f7c100936f04dbf559f204e3106d1f99ce4a74782679720e5bfd477853a8db6,unknown,unknown,unknown,authentic,image_level_unverified,b3309479cdb5c22dd7b8a6bd401ae8faf59bb5fd2469d4d2b2c3424860513f39
95d1ce23c9920c02,G:\Master's Of Science Computer Engineering\thesis deepfake detection\Thesis Revisions SP\First revesion\Preapred Dataset\train\real\vid_a9529b20b45b329bfb6f180877d1fd6ac5a5c0aad4b4eccfad778b029dc019ee_face_000020_009.png,0,train,diffgan,recovered:feda13ad10fb4890f66716a748ace43b1afae7c1acd81f8eeaceb11c767af5de,unknown,unknown,unknown,authentic,image_level_unverified,5acea86a5f295216776f878040d3548339aa209276fd106e6e2a41d9d76cc334
dfc56b530768f63e,G:\Master's Of Science Computer Engineering\thesis deepfake detection\Thesis Revisions SP\First revesion\Preapred Dataset\train\real\vid_787d80ff686b832e7ffa0e39dbc509db7e71db24d5430811b22109bce5503720_face_000000_001.png,0,train,diffgan,recovered:337b3dafee7ca01a3de1eccf6fb6e164798270cddec2ad77516b1a564c6bb070,unknown,unknown,unknown,authentic,image_level_unverified,c2b2be4fc72f96b57a377290bfbd0f18943669f00370281c87e280124200db5e
06aebeb9ae3c4fd8,G:\Master's Of Science Computer Engineering\thesis deepfake detection\Thesis Revisions SP\First revesion\Preapred Dataset\train\real\vid_e53411f2a3397f939846b573fe1a1330ba74b2121f01f02ac8c746c3587ecf50_face_000087_030.png,0,train,diffgan,recovered:9403f4abdafbab5fe1b74f9a7708d0e4bb7c0da523fa6441fa3c3ec3af70391b,unknown,unknown,unknown,authentic,image_level_unverified,f589167ac0cd9e37c9db45611e3f93ad8b3853202a494006b7f21d227f4fcc97
ff1ff480c7b3a25f,G:\Master's Of Science Computer Engineering\thesis deepfake detection\Thesis Revisions SP\First revesion\Preapred Dataset\train\real\vid_fdb375cc74f607124173021b51ef6dbeb7a38ad4d679bbd82c33127d40743e41_face_000148_014.png,0,train,diffgan,recovered:ac9e032a7d9f2f6a579c038b19c5d629f2853f702e5e089cc385703259837ccc,unknown,unknown,unknown,authentic,image_level_unverified,767dc4f5c03086992f7a77b2e2fda8e603644086975d11ddbd9debaae8c9854d
9f6845d729174106,G:\Master's Of Science Computer Engineering\thesis deepfake detection\Thesis Revisions SP\First revesion\Preapred Dataset\train\real\vid_2137333adc682c8c85b2d882680dc6793d81468609b880230506a0339de9f712_face_000012_007.png,0,train,diffgan,recovered:b4a37b6b2f659b9177949ba5dd1a92c3e33719bcbea44d98e85b2fc466b2a043,unknown,unknown,unknown,authentic,image_level_unverified,c8f0325a48a979cbcb01928ad26a6285ee8bc61a29bb9ef890c89a39b67cf771
a09b74de63a4aa7c,G:\Master's Of Science Computer Engineering\thesis deepfake detection\Thesis Revisions SP\First revesion\Preapred Dataset\train\real\vid_3544954ada48f41a9805b36db82c3ded89c4e2b6d88abda4e80a5ede3df061d0_face_000039_014.png,0,train,diffgan,recovered:82e564aee1606ed67a9564627e3d0249e04f126e7a8119a255f949428f56e278,unknown,unknown,unknown,authentic,image_level_unverified,792e9c450ddf88b045d265d12f16272922522a947cd5211b3570f7ca90505e0a
0dc54fc28732deba,G:\Master's Of Science Computer Engineering\thesis deepfake detection\Thesis Revisions SP\First revesion\Preapred Dataset\train\real\vid_764740d57d5998d351a62de852e4bc44e021de54dbaad24c3478bacc45e81bef_face_000042_024.png,0,train,diffgan,recovered:cdaed79d998a75b65640c93cc37ccced73285fe9b25c56dd5a92a43ca08092bf,unknown,unknown,unknown,authentic,image_level_unverified,dc281525270d8d5d146cb421ed39cd8e73ec03253e0903f8200a472e59311313
512c87d5339146e3,G:\Master's Of Science Computer Engineering\thesis deepfake detection\Thesis Revisions SP\First revesion\Preapred Dataset\train\real\vid_72e36319d92c9d8cbbb375abfe01b3596f8da6bd61766119cb199a2674798361_face_000038_020.png,0,train,diffgan,recovered:d8e6e88da2b23179ca9431639959661270763b49fa62393ce8da67e675c407f9,unknown,unknown,unknown,authentic,image_level_unverified,0426f6bbe99957672f43adfbe07d510a29cb3a9750046c39fc9491dd3fdc5597
24e5b06e8ca79a3f,G:\Master's Of Science Computer Engineering\thesis deepfake detection\Thesis Revisions SP\First revesion\Preapred Dataset\train\real\vid_d20c6990da7a7a97161afd4e2d60270b44841a25b30eb34a8fef04f4b5bf2805_face_000006_003.png,0,train,diffgan,recovered:5fd32d6613bbf2fa78c8147faa3cf9ea0c1664d6628b72181f00dd177578c6fe,unknown,unknown,unknown,authentic,image_level_unverified,df73143f92f8e661a757139326de28946b608be4c22fc9b7b379589ea3febe0b
74129aa413213630,G:\Master's Of Science Computer Engineering\thesis deepfake detection\Thesis Revisions SP\First revesion\Preapred Dataset\train\real\vid_8ce300fee8a18e7937b7a934efafe780ba63f227923fcb2ed9ee5f7587294161_face_000016_009.png,0,train,diffgan,recovered:299f1ad51cdc28081891e9d4786ef04830c16c77722b192e218c436ba6bc301f,unknown,unknown,unknown,authentic,image_level_unverified,e82eda4edff310bed9802c4a450ede6d6508ba39142a34751dc3a789c9708091
3497fa050346d8bd,G:\Master's Of Science Computer Engineering\thesis deepfake detection\Thesis Revisions SP\First revesion\Preapred Dataset\train\real\vid_bd04692c062371e576c63f9df6c27d984ce5b2a266381d30347b0415a57b3b4d_face_000084_029.png,0,train,diffgan,recovered:1f34932b2149ae9cbb833c28fa605572c659b4f3898ab124466b68605e7fb0df,unknown,unknown,unknown,authentic,image_level_unverified,e157df45434ae9906fe0d8187d542e8151d0add5d942a4d8e7d205d28e794f50
c5bc0cf70b5d7494,G:\Master's Of Science Computer Engineering\thesis deepfake detection\Thesis Revisions SP\First revesion\Preapred Dataset\train\fake\vid_f9faae135d8e2178bb59135a6cd3dcda9b320c65942f2961159034ab362ba9c8_face_000024_013.png,1,train,diffgan,recovered:13898ddcb7865d410693f9ecc79029618c77bfb67ffb1391cae6f75141d35240,unknown,unknown,unknown,manipulated,image_level_unverified,79808d5b1ea0ddc701639cbce7d364e23293b738b69aacdab2d4a20d58b9d192
df9dd8cccc311824,G:\Master's Of Science Computer Engineering\thesis deepfake detection\Thesis Revisions SP\First revesion\Preapred Dataset\train\fake\vid_7f1c47ef285281b7e2340be396d7c4d9e8fc59d4beb19b9ea78183808efc9870_face_000048_016.png,1,train,diffgan,recovered:df129f14de87e9b3acf694db3ec9a483d63f051e1a1354b4b763dd93d771176a,unknown,unknown,unknown,manipulated,image_level_unverified,0b63fb79102182a0451ed007ccc633415a281ab7a352f77c7cf57917899d4984
44a258d622eb9737,G:\Master's Of Science Computer Engineering\thesis deepfake detection\Thesis Revisions SP\First revesion\Preapred Dataset\train\fake\vid_90915d0fb0f3f859b31b4ef31ab2225df4929a9518cb638e9ec84d775142c158_face_000028_015.png,1,train,diffgan,recovered:00bdc3693c4c9d0d7fa74d922516ae5b3cd08d216cfae7d59de86c9a1d7b3d3e,unknown,unknown,unknown,manipulated,image_level_unverified,07460eec599c390b219a620edebc0341e69026c171e22cd830d0927369adc606
ec9d93351be57b47,G:\Master's Of Science Computer Engineering\thesis deepfake detection\Thesis Revisions SP\First revesion\Preapred Dataset\train\fake\vid_9d12f98d209ecf9636d421894d22337e5c5f1de95ca078e76f29df0f2ee7e98e_face_000000_001.png,1,train,diffgan,recovered:813e38c02b0105c15b91f13199baf4ceca87f47695d3744dde8fc189e7ce06ee,unknown,unknown,unknown,manipulated,image_level_unverified,313bb1fd806ea908c05572763873d27bcdf26bb854f7cc4ac4e645a8ee71bf4e
a6a232128b9f0748,G:\Master's Of Science Computer Engineering\thesis deepfake detection\Thesis Revisions SP\First revesion\Preapred Dataset\train\fake\vid_665f3c380a58df548742e97152e9d1c545334ab44f640a4c750be32f762cb453_face_000075_026.png,1,train,diffgan,recovered:18e96d66934c562347f61341da40d60a4b78f53cca8113dfc19a036c5c59ad7a,unknown,unknown,unknown,manipulated,image_level_unverified,61be88cc1b5bc83f327653ed8ab429bd32d194c2e986503a64d794ca4f19ae9e
37632785acf68656,G:\Master's Of Science Computer Engineering\thesis deepfake detection\Thesis Revisions SP\First revesion\Preapred Dataset\train\fake\vid_b67ac03311932dcac49558ceb43703b399f9004358138dc48f274febf03e4949_face_000038_020.png,1,train,diffgan,recovered:29523cf335f359903717cd8a33ace2e39628283d59e0e8b3cb1f78d990608af0,unknown,unknown,unknown,manipulated,image_level_unverified,1a2fe77c3b5bac63461c99be99efb175370425269c24ecec76f9b27d80a1de10
f89b0fa18aa7a1e7,G:\Master's Of Science Computer Engineering\thesis deepfake detection\Thesis Revisions SP\First revesion\Preapred Dataset\train\fake\vid_ae581d91ab94df59105c26f5579008c94c7a6a00dd937c0deaf7f88217656c7e_face_000000_001.png,1,train,diffgan,recovered:0987e64dd34e653a57291bb402f22da2594011dbfb32a03cc4d5e983b9d99fc8,unknown,unknown,unknown,manipulated,image_level_unverified,48a9aa5f2391c526f1b0b0fec40d5131acb0113695145b1c63a4cb1cfe551c17
f4d69762e5ebc124,G:\Master's Of Science Computer Engineering\thesis deepfake detection\Thesis Revisions SP\First revesion\Preapred Dataset\train\fake\vid_e420a4a2d81867016233eb8b01378329c7b0ad6b6fffa6d8fc4638d3af165cff_face_000039_026.png,1,train,diffgan,recovered:30ceb9d27826f8b08577dc2e9fe679a8d7702f334d5928274f593661f47b297f,unknown,unknown,unknown,manipulated,image_level_unverified,cb6d61dea77ba4c2b68622813cce9a5bca0efa6f851f2fe016632eabf5a3249e
78dca089bb937ba4,G:\Master's Of Science Computer Engineering\thesis deepfake detection\Thesis Revisions SP\First revesion\Preapred Dataset\train\fake\vid_60f69e7be9ff9338ccc8f57d5d7d8df3e872a80b10212f73065b171bb5dcbb6e_face_000006_004.png,1,train,diffgan,recovered:f9a3b24a714fa51fde23e704ada80bbbb4fd22954461fb7016086fa1ffb1f743,unknown,unknown,unknown,manipulated,image_level_unverified,0d4de32225a75d2490be6623960ea2c75840c796e405aa87ecf86a9a9ce3fcbb
096c64e6c4416c83,G:\Master's Of Science Computer Engineering\thesis deepfake detection\Thesis Revisions SP\First revesion\Preapred Dataset\train\fake\vid_04065b64579a498783945e16c61b71a2f5a91294d95a7892f2d721b9aa1259cd_face_000056_024.png,1,train,diffgan,recovered:bcd176d199e2413d71c3036a35ebfa0efed2d383330c9122b1e45e60861335f4,unknown,unknown,unknown,manipulated,image_level_unverified,174669a426701d70d7f39ab96e112796bd031b1b78c7edd279dd3936cb1f82c0
6a6afd3096fca11a,G:\Master's Of Science Computer Engineering\thesis deepfake detection\Thesis Revisions SP\First revesion\Preapred Dataset\train\fake\vid_a03822dbe8527ec4c8cb639fe3f0f26cd5e5360f22067ca22fb6aad7b5523106_face_000000_001.png,1,train,diffgan,recovered:c27ab3978f0cfaef039bf78f87b73d3fa8cf52a7eb99dba70472c147fc201356,unknown,unknown,unknown,manipulated,image_level_unverified,772a94ffb47bfed467a5e61ee7e88074f4b3b798004238c5d9ae98f06bbbc2d0
8b40ee53f0b88178,G:\Master's Of Science Computer Engineering\thesis deepfake detection\Thesis Revisions SP\First revesion\Preapred Dataset\train\fake\vid_56478915d8f23a03652cb06716e4e9bfd74936ea63afd4194435620a7b4d2695_face_000006_004.png,1,train,diffgan,recovered:b34a2c8ef92360c0bd0411084837d040be5ffdc8f2eaa9be6d9cb67e262c72ff,unknown,unknown,unknown,manipulated,image_level_unverified,8f2320488db7d0016416cb12e7b2250ec7435fc1ec03effc52aba5de3b45962a
c71d2b4d6024d87e,G:\Master's Of Science Computer Engineering\thesis deepfake detection\Thesis Revisions SP\First revesion\Preapred Dataset\train\fake\vid_4f9693ebd57d63ccf9e3c39135ac2c3ee41c314ef9aa03ce17d2201974cf8a4a_face_000022_012.png,1,train,diffgan,recovered:277cb44985f1918f5cdeb8a48be32bc9fe8c654caef99e0858a21d8fb5ae18bb,unknown,unknown,unknown,manipulated,image_level_unverified,c259605ea33a493145a54a439618343503e6589cc29c240f607adb2cc0a06c4e
e54838f0857335c8,G:\Master's Of Science Computer Engineering\thesis deepfake detection\Thesis Revisions SP\First revesion\Preapred Dataset\train\fake\vid_b4c77c43e83b930d26a106dbcbdb8f07f8f6a1a367825a5705ae54f32319e7ad_face_000078_027.png,1,train,diffgan,recovered:6290858ca6f423b3791eb5236fa25705a58fa05ab7a293cecf6295d8faa0144a,unknown,unknown,unknown,manipulated,image_level_unverified,4576f4a3e5fac8c1d20c2e4b5a467d98390c534ce3a2afd4175632284d85270b
d6c945550e7bd583,G:\Master's Of Science Computer Engineering\thesis deepfake detection\Thesis Revisions SP\First revesion\Preapred Dataset\train\fake\vid_6668c06eea9a0b76f78f1fa1e5b7ce35cf4038f9e250c5b7f1b4b74d4b4b3692_face_000026_014.png,1,train,diffgan,recovered:949ba015fa470fdc59006ff3d7279e56e089b637c91481b4f6d6ebacbbe1e85e,unknown,unknown,unknown,manipulated,image_level_unverified,85e7650684832d3cbc71c34bd4fbcf01ecc808931c92cbd1415531dbe5b23f5b
68d6354855f3cd8f,G:\Master's Of Science Computer Engineering\thesis deepfake detection\Thesis Revisions SP\First revesion\Preapred Dataset\train\fake\vid_ca8d85d5c36e8dcc5ab5439ac1e452b521142369dbde00fe799f392161b593a1_face_000004_003.png,1,train,diffgan,recovered:f3d7d8d9f21940270b6f0af1b32407f90eb7f6ec65aabb62d38d7a4d50c040e8,unknown,unknown,unknown,manipulated,image_level_unverified,679bfd0f6d5b5c1d492bdb08979139d7d4ca8a7968969a51f4a96ebaed49c663
82cc6b0fe0e8740d,G:\Master's Of Science Computer Engineering\thesis deepfake detection\Thesis Revisions SP\First revesion\Preapred Dataset\train\fake\vid_dcb79e912afefa8ac90ce4904f65e58711a7f58e66e2de9ecd489e05bb0a335a_face_000036_024.png,1,train,diffgan,recovered:b7a600800cba988005605d219ef25756c888a843521e8a5a828d0e6f780d3133,unknown,unknown,unknown,manipulated,image_level_unverified,50e63434f5629c928dc202ead0aef8a1a7f4b039be2b8b83aaca268ff0106356
68ee6e00e608c4a2,G:\Master's Of Science Computer Engineering\thesis deepfake detection\Thesis Revisions SP\First revesion\Preapred Dataset\train\fake\vid_a6c5ca8cdc15e07df93efbf5e67d6c5acfbebb143364313b03e9aef02fc28936_face_000032_017.png,1,train,diffgan,recovered:225aebcb2d3bc590d40961251487ed88113a2375c13b2e12e7048c6706e93df6,unknown,unknown,unknown,manipulated,image_level_unverified,518649cd0e296a1abaf4e0841e454bf3c02531706e1045cdeb8ddd380dbf9aca
3c4e2a528eea5398,G:\Master's Of Science Computer Engineering\thesis deepfake detection\Thesis Revisions SP\First revesion\Preapred Dataset\train\fake\vid_eca7e7b1f6447f5b94b1ff7fbff6e0dfd10ba1f96124f672af50c29b04231ce9_face_000024_027.png,1,train,diffgan,recovered:2734614578afcd8fffb10f11aa6070320eb73e9bb2bf4ce2adf2ea31a7733e59,unknown,unknown,unknown,manipulated,image_level_unverified,ff7c5f3289d5da0b06e0e7096466460464c3e594a5bbd7b91b6f6b462c17d879
a1d86cb724fbee94,G:\Master's Of Science Computer Engineering\thesis deepfake detection\Thesis Revisions SP\First revesion\Preapred Dataset\train\fake\vid_03ef3d6246eb92c099da96878e1d1a5b0c3c8e0610d860e8f6b4367d37c09c8f_face_000004_003.png,1,train,diffgan,recovered:db32e550d641822a7fc7dae28067a1eb73d209efd57ad91e63ac349ef551f61a,unknown,unknown,unknown,manipulated,image_level_unverified,ab5a599733ef551566e0133433f2400159120d897ce99ad312e9f34fd62aab9a
e4cd4a1c2f0386f5,G:\Master's Of Science Computer Engineering\thesis deepfake detection\Thesis Revisions SP\First revesion\Preapred Dataset\train\fake\vid_00a478e4b01d1e99acaae440869ce0d1ae72ffbdf66841be8149b55439939a7c_face_000006_005.png,1,train,diffgan,recovered:c673884683ef8152567a549c8a5b5273622e7aad041be5f2eadd218cd40a3a96,unknown,unknown,unknown,manipulated,image_level_unverified,9b00abdeeebf1bb44a864a34a4ced09692a256a1e9694c574b2259de991f7342
225a11b98e3786cc,G:\Master's Of Science Computer Engineering\thesis deepfake detection\Thesis Revisions SP\First revesion\Preapred Dataset\train\fake\vid_c3a55035feccaa7755a8c4bf6b3b58d10e0f81798d2c727b8a4548bbef4bd72c_face_000024_009.png,1,train,diffgan,recovered:085aac18f8f29b31b59cad79501317c2fa9d6c460531583812f838c3c573f655,unknown,unknown,unknown,manipulated,image_level_unverified,6e4b0751a4309416305ce8d2e613882fdb1187364999703848a28d3a4521c657
a10401a341698042,G:\Master's Of Science Computer Engineering\thesis deepfake detection\Thesis Revisions SP\First revesion\Preapred Dataset\train\fake\21522.png,1,train,diffgan,recovered:54b5f021638c8ed6c4dd53deff453a2af57943b4b981af6c3bd50bc1e769e240,unknown,unknown,unknown,manipulated,image_level_unverified,fdb725cdd7d0832511d40e63a705191520fcb98cad7595c5326e35dacbe8b457
b30f117f26b881cf,G:\Master's Of Science Computer Engineering\thesis deepfake detection\Thesis Revisions SP\First revesion\Preapred Dataset\train\fake\vid_912777bdf305a2d4b7353ba4d7c5412ce0e6c0955fc8eae66898e09ed85b21b5_face_000040_022.png,1,train,diffgan,recovered:a6d97dfd7a51fa9da91616f0b5b05909c3c6753369e5cb44fe3e9d8134390322,unknown,unknown,unknown,manipulated,image_level_unverified,a1296efbe0df914c4b31339db9ac3fd37d7f4d242e9ad6d570fd3ccb8c287a94
b6abed7395554afd,G:\Master's Of Science Computer Engineering\thesis deepfake detection\Thesis Revisions SP\First revesion\Preapred Dataset\train\fake\vid_a41ae60adaa3024fddeb483ddf8c2b902d8a4881c91368e69454455e489989ee_face_000006_005.png,1,train,diffgan,recovered:8fda6d90a62bb79c8add6a8f3d593c7abf396af90ead29b160057d0077be2274,unknown,unknown,unknown,manipulated,image_level_unverified,affc3ff63838276e5698c8ac7bcdde283d9e25739c671832cf7b92cccb755532
fd3cf2511065e7b9,G:\Master's Of Science Computer Engineering\thesis deepfake detection\Thesis Revisions SP\First revesion\Preapred Dataset\train\fake\vid_6b0f7ba85c5902518e925602782563906185113cde3e8b0aed123af44ba229bd_face_000036_019.png,1,train,diffgan,recovered:0e8c40d1cc14d81a6a3904e503f7d062ec0115d853928c34d99b456d7d3fe313,unknown,unknown,unknown,manipulated,image_level_unverified,3af3cde8fa84ecec9ca5aeb3991e252542ee896bcde406f7b42a597074fea437
b53049e5651b137b,G:\Master's Of Science Computer Engineering\thesis deepfake detection\Thesis Revisions SP\First revesion\Preapred Dataset\train\fake\vid_1ed946dafcab0060c441d6ddbeeb3117ed84376b02f7d888bec42f03bfc0575c_face_000057_021.png,1,train,diffgan,recovered:000a10f75ca4f54aace6d8d7600f8baefce4c47afaf7e218c54569e33530ecc0,unknown,unknown,unknown,manipulated,image_level_unverified,e309cd519ae3a309da965f1654c9e8cdba913764c9c3c760623de073c0ee4671
d6e86beb14055bd8,G:\Master's Of Science Computer Engineering\thesis deepfake detection\Thesis Revisions SP\First revesion\Preapred Dataset\train\fake\vid_5542132982b8e88d17fbe15fab28f27d146430a0af3bfce4cd299d964f5a1fac_face_000004_003.png,1,train,diffgan,recovered:c215d740504df9c7d84462f8aac0cbc6ca19ea4967d47f3c3bda7a143340e1c3,unknown,unknown,unknown,manipulated,image_level_unverified,a00d6665ab277228c51eac275af2d931b87147c2bd7ac18ee10ff2c2153d95da
eb2e61b11e369ba5,G:\Master's Of Science Computer Engineering\thesis deepfake detection\Thesis Revisions SP\First revesion\Preapred Dataset\train\fake\22330.png,1,train,diffgan,recovered:bceeb65f2e8b9797c693c2a34e221126a647f5724c128f86c0e33fe892aac4d2,unknown,unknown,unknown,manipulated,image_level_unverified,273530af73775b61e22a18b50de7dda4a45d968874f2499d66d07d41e397445e
24b464c83dfab1d3,G:\Master's Of Science Computer Engineering\thesis deepfake detection\Thesis Revisions SP\First revesion\Preapred Dataset\train\fake\vid_46d5f2a9be1bcf88c0a516cb4068fd86d38c9834d4ea11397557765782eddc58_face_000020_011.png,1,train,diffgan,recovered:e609fa4a8c4f37444eaa33bbc698b6912b048c7efae3312f5b6fa91d8b0abb84,unknown,unknown,unknown,manipulated,image_level_unverified,102b4be73b9cd624d902c32c5f918b53b0da03a4509bd4074ce3abab27a59a3f
5db306970dccae85,G:\Master's Of Science Computer Engineering\thesis deepfake detection\Thesis Revisions SP\First revesion\Preapred Dataset\train\fake\vid_be5d201e9adcd0b23ef44b7cb32111cae51c452d4ca73bf0175d47e1f91da541_face_000056_029.png,1,train,diffgan,recovered:e36753bc56863c17b3a8c37a01dbda6891c2045313ca80deb12ce1a30eb7aa56,unknown,unknown,unknown,manipulated,image_level_unverified,22aef6df8a469a9a43a9d46368192fe0ac4091348d1b4eefc758b7498fede895
7526774930acecf0,G:\Master's Of Science Computer Engineering\thesis deepfake detection\Thesis Revisions SP\First revesion\Preapred Dataset\train\fake\vid_c8badaf818eece9805490166caea7f523abf2be516eb8196b3b8055be656aa1d_face_000052_017.png,1,train,diffgan,recovered:2ce6c01e05418a0a3ad66c936136d1238670b7dd7b341e3ca0e011f39615dcb3,unknown,unknown,unknown,manipulated,image_level_unverified,81188f07375f5fdba5249558ffc82b9fe6350c987403f55905a4d9dae4c16df9
0aff82d61d04bf0c,G:\Master's Of Science Computer Engineering\thesis deepfake detection\Thesis Revisions SP\First revesion\Preapred Dataset\train\fake\vid_cc9b0404b69edfdb3ba49dd35737d026e114843600769f6f2823a46f18057b89_face_000054_017.png,1,train,diffgan,recovered:64995b6bccd0f05173580cde2f57364f48f6ab0b0911696894c7d38a886aa7bc,unknown,unknown,unknown,manipulated,image_level_unverified,a59059b427f0eff910225a1f8dd18524a0bb8e871cefe8a98ab2020f0dfa23ff
45b62435652cde1b,G:\Master's Of Science Computer Engineering\thesis deepfake detection\Thesis Revisions SP\First revesion\Preapred Dataset\train\fake\vid_3d6f6351fff0ed5f49752b13ff6eafa46e3a7bb65292bb9e8d024f8907158c24_face_000003_002.png,1,train,diffgan,recovered:2839808ce207fe56fa203b4ca7bfc3adafdbd591f35b801c16d648981d8dcf84,unknown,unknown,unknown,manipulated,image_level_unverified,99c9c7c81a7a81ac858ff2e934b11b85f6a6ceedddbac43bee602ae789f0696b
b9848a6d61cc5a85,G:\Master's Of Science Computer Engineering\thesis deepfake detection\Thesis Revisions SP\First revesion\Preapred Dataset\train\fake\vid_ec37e92af6917d92a2a529c4a102a0e086b1d74d299d224ef58d552e8cc36b65_face_000056_027.png,1,train,diffgan,recovered:8b583d7c701297d88f284a320bfd7ba15f85ffb8409816548d6bab1f84bad29d,unknown,unknown,unknown,manipulated,image_level_unverified,0016644d484e5d050410ee32582f1cf0aedc2c868d779aaf0d4689cac8904e2f
c8670f562d5ffe6e,G:\Master's Of Science Computer Engineering\thesis deepfake detection\Thesis Revisions SP\First revesion\Preapred Dataset\train\fake\vid_2f99e0a01036276c702da13319a328a76c411d16e8f11b8dca2c5598864d4289_face_000063_022.png,1,train,diffgan,recovered:c992b4ffd2fcee3cceddb1d60786c281cb84c6e68ef32f3c1afd63ab0cd6b40b,unknown,unknown,unknown,manipulated,image_level_unverified,53c49cfd72d498a41f3aac47f44773d294aba6ceeff41bafbaae2f6899452415
1cdc8c74032bda20,G:\Master's Of Science Computer Engineering\thesis deepfake detection\Thesis Revisions SP\First revesion\Preapred Dataset\train\fake\vid_163024cb5dde95907797c96cbeadfb5b6a72f157a26a412dde8eb1146205aee5_face_000030_011.png,1,train,diffgan,recovered:c1eb108ea2719934ba448bcd4d20ee94332621884b7d2b37cb5863063a617618,unknown,unknown,unknown,manipulated,image_level_unverified,4e561a8a9403af08a995e7900737416955319348cd0ef6cf26d21a4863ea6db2
6ba9821b47021aa2,G:\Master's Of Science Computer Engineering\thesis deepfake detection\Thesis Revisions SP\First revesion\Preapred Dataset\train\fake\vid_6f1c2734b88f469199d199e655200ecc78d9a71ce2276c077c87199dea7b7325_face_000046_024.png,1,train,diffgan,recovered:aba03ad6de73fe1fbfba68762d25636ef1c1e8f14acf38ad8fa3b47e115b1390,unknown,unknown,unknown,manipulated,image_level_unverified,15d5962ff7e2685bed74a84dab9abf1a9ff357979bddd51b773491aececbefdb
315a6d48df9e53b9,G:\Master's Of Science Computer Engineering\thesis deepfake detection\Thesis Revisions SP\First revesion\Preapred Dataset\train\fake\vid_b5a7674c1c63101347ed8dd57e8ea74157eb4890a5150adc7330f94df496788a_face_000045_022.png,1,train,diffgan,recovered:78703a66c5394dab0240ad9c192115dae1ab49bc6265fb722848f9d799862544,unknown,unknown,unknown,manipulated,image_level_unverified,b61811d7a6b164fe7bbd9455ae347bbadec315cbf9a05dd59d56d5ca790ef0b0
a45dadc47111803f,G:\Master's Of Science Computer Engineering\thesis deepfake detection\Thesis Revisions SP\First revesion\Preapred Dataset\train\fake\vid_41d3ff883fec1fbe279b73ef79c7700cb46ab920e6e7427fd7c8192edaaf4d66_face_000038_020.png,1,train,diffgan,recovered:83a309a95db4dbf3c6389db4759193dddb603658e3296ad25f420353337f30e8,unknown,unknown,unknown,manipulated,image_level_unverified,b98cee20c8331ce6b11410ad202e80a6b6e4460ca606d55f860cfc7642cfb957
c0314b9e27120ceb,G:\Master's Of Science Computer Engineering\thesis deepfake detection\Thesis Revisions SP\First revesion\Preapred Dataset\train\fake\vid_a9460df4b9e496911c554e78339258738df1a817648d7cd093ff0b7a7de30da6_face_000068_027.png,1,train,diffgan,recovered:0d80e87db15494a733b8cfa6a39809a35aee118281b38cfa8bf0c9db7b7804d2,unknown,unknown,unknown,manipulated,image_level_unverified,1ff4086f8d273823299e3aa6288fe18a2247190af39defcff270cafe1be78c5e
92ecffda57f7e2ed,G:\Master's Of Science Computer Engineering\thesis deepfake detection\Thesis Revisions SP\First revesion\Preapred Dataset\train\fake\vid_6840da1778be3e201bdda25506fcaa7f960dd3bd6482809e7a8cb5a069b4ce1c_face_000040_021.png,1,train,diffgan,recovered:80008654d0c8daff3baa184cfe8edb4b070f807912bfdf93c3431af486edd877,unknown,unknown,unknown,manipulated,image_level_unverified,b2fe4e8b1d9364cfe07d2bd9d12167937e03b8c902117b04f7b42ae1c9974f4f
d6685a4cfb76fc58,G:\Master's Of Science Computer Engineering\thesis deepfake detection\Thesis Revisions SP\First revesion\Preapred Dataset\train\fake\vid_d80c47f73cf54ac07b061e11f98e50e6439f05bf1419fc2b004b33141d941edb_face_000058_030.png,1,train,diffgan,recovered:8947d3b3c32edaee81afae3a1dac1207b69dfb10dcc1ffd78cfadbfcd57fd52a,unknown,unknown,unknown,manipulated,image_level_unverified,c539d5ee108a4cd1f9efcbf9f0441529025559c8693a6bb79483718cb3f99cf9
1168e7839695e66a,G:\Master's Of Science Computer Engineering\thesis deepfake detection\Thesis Revisions SP\First revesion\Preapred Dataset\train\fake\vid_6fc7c92da66a937bb9efd9c82cf9e76db9e90b90e7053aff7739704f819de814_face_000058_030.png,1,train,diffgan,recovered:d09eedae0fce363d97615a2b68ee8b9998b117ac169fdf61dae272352efd7b71,unknown,unknown,unknown,manipulated,image_level_unverified,61a8dc77bb61cc236ff8aeb1a045d7a6df185ebd794a0e9a6684301a68ffb131
a300cd8d840e6224,G:\Master's Of Science Computer Engineering\thesis deepfake detection\Thesis Revisions SP\First revesion\Preapred Dataset\train\fake\vid_e146ae5a142c723e0377e17ff078fa01e497ae47ac26d2ce0ba55165f3932a60_face_000058_023.png,1,train,diffgan,recovered:76d6245721cb543a37e8ab06c6ec22bc297cd1664e5dbb1e59b24aafa013de73,unknown,unknown,unknown,manipulated,image_level_unverified,d2c17b01c32b3ae3cab111debe9ae126a1e4efb69d983a2a8c43a356b4419ce9
abc77c96102e5376,G:\Master's Of Science Computer Engineering\thesis deepfake detection\Thesis Revisions SP\First revesion\Preapred Dataset\train\fake\vid_c743f59cfe3e6c2baffad8b162a574f0061a317d704cb35a4e635c084beb86b0_face_000000_001.png,1,train,diffgan,recovered:de995c02cf40390eb4296493406bd73f2bc92e7c24b3ade4d72159fa74c57c7c,unknown,unknown,unknown,manipulated,image_level_unverified,f4959cba0ed82805a85e1964f0ba607f0b8f02cce2c093c58c92160b33febd17
b2ba0e596b8c761c,G:\Master's Of Science Computer Engineering\thesis deepfake detection\Thesis Revisions SP\First revesion\Preapred Dataset\train\fake\vid_270f3505200ba6ef656ded716209c94ab3ccff5351a6f276ef01c055de4fb382_face_000036_019.png,1,train,diffgan,recovered:bd8b4b60f280f066e564adec6cc240aef29c581a9895fedf7346cad29ab9b4c2,unknown,unknown,unknown,manipulated,image_level_unverified,c6b9a6688fa68698b680db48ac5352ad27325651fcb27ae5e52059745682d1ba
3d702448068b1f00,G:\Master's Of Science Computer Engineering\thesis deepfake detection\Thesis Revisions SP\First revesion\Preapred Dataset\train\fake\vid_506b73df32a8ed00e0d2e054c8ea44f8971b9830967501636304a02f3ef41920_face_000020_017.png,1,train,diffgan,recovered:efd0ca76239dc681b25a52e8df660c5b78ed8317cd5efda9d35d791e78b4ee99,unknown,unknown,unknown,manipulated,image_level_unverified,78fd8fd1e8d12445c52f128e142c7890288a56f261c44bb66defc1642320646d
7afb16d5af16d513,G:\Master's Of Science Computer Engineering\thesis deepfake detection\Thesis Revisions SP\First revesion\Preapred Dataset\train\fake\vid_9756668cac68a1e23df03973015679ebe17a8b2ef416c83df170adf02b0f1076_face_000052_027.png,1,train,diffgan,recovered:79f65be0029f1b7f5eacc5f9cbdd34833f97707ae47ad0f5a63c8355c0f9a8eb,unknown,unknown,unknown,manipulated,image_level_unverified,3c73e75e49d287c24c1043854ddb1327916b6f6c963c9f57f7444978759986db
4f8411df5e73376d,G:\Master's Of Science Computer Engineering\thesis deepfake detection\Thesis Revisions SP\First revesion\Preapred Dataset\train\fake\vid_6de187f7d86c0c2b9c87092247bffc01285e2cdc31957f699343325454f9d5d7_face_000022_012.png,1,train,diffgan,recovered:4cc9d951b11782cfec851c17e64c933d9dd9810827571b46bcc0fc6c0ffb6033,unknown,unknown,unknown,manipulated,image_level_unverified,2daeaede07da03ed871cb46ed2fe342071efc7a5328695cda4a0a5270bb1e989
ef4e653fe811679f,G:\Master's Of Science Computer Engineering\thesis deepfake detection\Thesis Revisions SP\First revesion\Preapred Dataset\train\fake\vid_a6ee284f579f128e50cc93c637c704f009de6b9cbe2103e2a38bacd2bb386fd3_face_000058_026.png,1,train,diffgan,recovered:a747350bd15a0f79ac51e885f80d15b01426963f7f5ecb14b177d7830a89d813,unknown,unknown,unknown,manipulated,image_level_unverified,e9494bbc9d94f9d5f025ad216004311b8c984c4ecc2bd06878117583c9b61de6
69f0640099169b1f,G:\Master's Of Science Computer Engineering\thesis deepfake detection\Thesis Revisions SP\First revesion\Preapred Dataset\train\fake\vid_1f56aed0a5171016e0d0b08ae91e6807cdfeef44917cb52686e8e6394a8ca213_face_000052_026.png,1,train,diffgan,recovered:f24ad0f2865f7dc85d955250438dd191eb0b900808f777083ba14a2c895847e9,unknown,unknown,unknown,manipulated,image_level_unverified,41f362d0b51ecc01a38d42f64232e058fff2b3dde46134ac3b5c3575fc854bc6
6017f67b5f4c852d,G:\Master's Of Science Computer Engineering\thesis deepfake detection\Thesis Revisions SP\First revesion\Preapred Dataset\train\fake\vid_7c0ea5b61dc6c214b65bd40502d54238e7fa9f77db3e52f0038d5e039527adbf_face_000042_022.png,1,train,diffgan,recovered:09ad9358b013793446fb4d80bed461214fe7aa3ffc8e555c161b32678abdde34,unknown,unknown,unknown,manipulated,image_level_unverified,dd6d9008a53e29ecf0717298b7987a9935a747dc98cf6439cec4cd1d08a8b4f4
7783415bfd88aea9,G:\Master's Of Science Computer Engineering\thesis deepfake detection\Thesis Revisions SP\First revesion\Preapred Dataset\train\fake\vid_cb5d1ac0f0c213432db5949c67e7f1cc181370b5b0a6d4f7140132ab26f8854b_face_000054_029.png,1,train,diffgan,recovered:af161f1702cf43b8e7a77ca6162f2afb793e27f7d4459236f3aba76222d019ee,unknown,unknown,unknown,manipulated,image_level_unverified,55158ae7e981aadd3a771721c5a2c640de6ef2d92e9c02dab4827240c9c17a1d
46d73daf3f3b55f4,G:\Master's Of Science Computer Engineering\thesis deepfake detection\Thesis Revisions SP\First revesion\Preapred Dataset\train\fake\vid_026f303390776c84c17d877d11ab9f37cab77654692b60f359028b5159c53255_face_000016_009.png,1,train,diffgan,recovered:6a8334f9736809165ed4ffc30d04ff2756011c7707889117a6f3446fdb67c729,unknown,unknown,unknown,manipulated,image_level_unverified,ed835a7a7c43849529b1d56ca1d2874365085377f186c123f7df3e0693bef2f3
d7deb0487e0de4e8,G:\Master's Of Science Computer Engineering\thesis deepfake detection\Thesis Revisions SP\First revesion\Preapred Dataset\train\fake\vid_0e16f95827c4b7e70774d0090453ef66ad180341dbf980c45a438459988bf2a6_face_000032_017.png,1,train,diffgan,recovered:83b0387d6a3e7d28a44c4fad071890c44cd866eaacd6b2d139afcd18eb3b7c34,unknown,unknown,unknown,manipulated,image_level_unverified,a5c3fb5ba3315e49ea353c3457ac3da2cdab228589933326e659f18b3cc66f37
8e23be3e5a33baf1,G:\Master's Of Science Computer Engineering\thesis deepfake detection\Thesis Revisions SP\First revesion\Preapred Dataset\train\fake\vid_b0a264ab94c3afdaa0d7f84ec51586e4fbceec9a489fd1f5c9329b64d5c8a6a6_face_000060_006.png,1,train,diffgan,recovered:9b2b916dfff9cc4ec02f6ec868ea407056d93ae8ea94aa78a9e81ff5893b7c9a,unknown,unknown,unknown,manipulated,image_level_unverified,badf4aa4d4068f386ff336427f30315f3e613646b74886f15eb3cdcbf3012f18
50cb66b22fd02d25,G:\Master's Of Science Computer Engineering\thesis deepfake detection\Thesis Revisions SP\First revesion\Preapred Dataset\train\fake\vid_c0a4dd13852ac42e7ede113424017b5c45f02387f87f0ab5ed13647894180e80_face_000058_017.png,1,train,diffgan,recovered:428054379364192459fb746bf00c1f038b6372577050d9eb3f0f81e81fb7f2d2,unknown,unknown,unknown,manipulated,image_level_unverified,99114b8b4a109959c3594d0236bb9a984537778ae20403f3f8019777c422481e
7c9a2275635cfb01,G:\Master's Of Science Computer Engineering\thesis deepfake detection\Thesis Revisions SP\First revesion\Preapred Dataset\train\fake\vid_079a6ede0547f7a6f7f5d2e9537db094e417a43d7875aec1d5049be5dbc8e00c_face_000076_003.png,1,train,diffgan,recovered:6b6077ad1cd01b469a5dc1467a13601d80fa711622209709abd9846a64ce20b4,unknown,unknown,unknown,manipulated,image_level_unverified,fb18c4bfe785254e084eb80e5ada25ade77fa8454d853f2b2895a3191c37c4ae
d115ca0faad9d92f,G:\Master's Of Science Computer Engineering\thesis deepfake detection\Thesis Revisions SP\First revesion\Preapred Dataset\train\fake\vid_570685c2a4a6c8d3aa29969d045139860891203de49b2fbb094fabb9d68710f3_face_000072_026.png,1,train,diffgan,recovered:ba5929605de52ac3e9a7de348320cb795ebda5ab6418ce51d68dc0ff19d0eb50,unknown,unknown,unknown,manipulated,image_level_unverified,72b10360ffe7ab3f9bfe61c42b19faad4de1d6b1a21af2ef165ca7ccb98efe04
8963b5898d8f210f,G:\Master's Of Science Computer Engineering\thesis deepfake detection\Thesis Revisions SP\First revesion\Preapred Dataset\train\fake\12985.png,1,train,diffgan,recovered:f5717c61cfbcbd58991dfc47aaf9635722e76f6aa6f398d909926beaa9327ef9,unknown,unknown,unknown,manipulated,image_level_unverified,f65578b3c48e38ba88c6cb90d1b8b6209bea45546c9474860a3c11ed9063352f
0154a3eef76b2b01,G:\Master's Of Science Computer Engineering\thesis deepfake detection\Thesis Revisions SP\First revesion\Preapred Dataset\train\fake\vid_b5633e39c99075f91f417c4de3ccb896fde2061bf603b54564eff0e40123649a_face_000026_013.png,1,train,diffgan,recovered:d4baa61efc51dde9e9f96e0dae03eac6bb9b63a7a1fe3d8590130937a1e7fcde,unknown,unknown,unknown,manipulated,image_level_unverified,bbb21a386d760ab20facc43d0760326959486b53193051da1ead04bcb0b3c07f
d6d8dc525b5585d2,G:\Master's Of Science Computer Engineering\thesis deepfake detection\Thesis Revisions SP\First revesion\Preapred Dataset\train\fake\vid_ad5d5e71ca75a504457e7336a2c6b88e2608274c3f31953cf25b0c4b12f19489_face_000024_008.png,1,train,diffgan,recovered:c19f4bf1b5a0698de504e7ab77f4f60a944b2aadde6c14dc5fa5f0a4a3b97c89,unknown,unknown,unknown,manipulated,image_level_unverified,69371e60db5206d7a811f82e4942dd36c31a7cd23c3a7f00bb20fa38f8de4650
4d90329c6b49cdeb,G:\Master's Of Science Computer Engineering\thesis deepfake detection\Thesis Revisions SP\First revesion\Preapred Dataset\train\fake\vid_4b94e9e4d2b10dac6cbd82b6a4eb6f4ad899fd440220c73da344666253520a72_face_000040_021.png,1,train,diffgan,recovered:0fdd7b4e3480b7f42064f94b9d66b705854fed7949f0216667817259a3602211,unknown,unknown,unknown,manipulated,image_level_unverified,c0f9155a2925492130fc3f774665c1c5f01657138cd1f7a2c9c07a35eeff98e8
45622f9de908c904,G:\Master's Of Science Computer Engineering\thesis deepfake detection\Thesis Revisions SP\First revesion\Preapred Dataset\train\fake\vid_ea10d7cda3caf0cd986654a0cc6c6fc37b54763a66e2e1130fe2047cb530af7f_face_000026_014.png,1,train,diffgan,recovered:454ea3f71e3954d29f9efff566e7bad72fd49b45e8b4fbbfb36beb74ea9a3241,unknown,unknown,unknown,manipulated,image_level_unverified,4adbaa1f10093f9ead0d55409647796911915e75da0aac07ff92c80382b45051
acaf305e835d08a1,G:\Master's Of Science Computer Engineering\thesis deepfake detection\Thesis Revisions SP\First revesion\Preapred Dataset\train\fake\vid_3a67037db690b6b99a66dd93425c9b5244f1f3406d677ee481bdc868dbeae13f_face_000054_028.png,1,train,diffgan,recovered:906cea8c0db2c9a53253717b87e77e9d992365f681462307c785fd27a004ef3a,unknown,unknown,unknown,manipulated,image_level_unverified,1b9f76c6a1c064d7d7e8fc8d0438fadf644042b1fe94100b3bd3f8a0b61ca56c
c07d046423bdd91c,G:\Master's Of Science Computer Engineering\thesis deepfake detection\Thesis Revisions SP\First revesion\Preapred Dataset\train\fake\vid_a13d43ebba2ff293db7b76743c5c2943a593c64cb43276657943a66860e48c6e_face_000021_008.png,1,train,diffgan,recovered:21a7b9e2d4d55ce964573c2a5188d5590eb7e09a5e3e79a06e74c8e197de99c9,unknown,unknown,unknown,manipulated,image_level_unverified,4aa7328062ef91bac79e271ccaa5cbe8b0429bac44229d6c562154aa405f4993
58bc1bdb67141047,G:\Master's Of Science Computer Engineering\thesis deepfake detection\Thesis Revisions SP\First revesion\Preapred Dataset\train\fake\vid_12a2fb261bf0b75eacc2e09fd69fec5fab759a23a1ed9044e559f97738224a2b_face_000046_024.png,1,train,diffgan,recovered:e671f9d926cf74f69fa623a43363e74088c846a93f79401206bcfadd4d66e1d7,unknown,unknown,unknown,manipulated,image_level_unverified,b7e4474ec14f3a07582580f35106feddd0d7109b7cdb43d25541ac00bf543b34
8b5847565710bdd8,G:\Master's Of Science Computer Engineering\thesis deepfake detection\Thesis Revisions SP\First revesion\Preapred Dataset\train\fake\vid_c65098b7b3c6f0761725b557bcac2b9eac89e7672bf8456f53605bb0f9575378_face_000024_013.png,1,train,diffgan,recovered:2ac6d9bb41c66dd97df5561c0642886b8e6437adc6eadb3da9847da81d053488,unknown,unknown,unknown,manipulated,image_level_unverified,5c99e61061a16845fc8f8912380b77dd62ccd284d89e2a70836bf4e419de18ed
dba965deee1c0129,G:\Master's Of Science Computer Engineering\thesis deepfake detection\Thesis Revisions SP\First revesion\Preapred Dataset\train\fake\vid_7a40d3d720642e375df2d8786696da5b4f90edd06a283c7e7dea11af739fd23d_face_000058_026.png,1,train,diffgan,recovered:9363e2685b4800115c9da2dc166e5db1608cecff1ff1f884ecf68f6d11e9d018,unknown,unknown,unknown,manipulated,image_level_unverified,c5ac1826be6b8d6f62558dee720f50f1c077a2e96bfdf0d76d3f4fc4e31c9dc6
bf7cbc802fe6148f,G:\Master's Of Science Computer Engineering\thesis deepfake detection\Thesis Revisions SP\First revesion\Preapred Dataset\train\fake\vid_ddba6880281a9b4457496e4c4027cf469d66382dc46756679b036f7efdbfe20a_face_000016_009.png,1,train,diffgan,recovered:61662fba28fadbe9a79b75343f27450d2d462df080c377cb3b950d63accc807a,unknown,unknown,unknown,manipulated,image_level_unverified,a2a26ca047a94e215db74d6c43347d16f433d510579aa75c2a330c02877a3e67
8f33762f006908fa,G:\Master's Of Science Computer Engineering\thesis deepfake detection\Thesis Revisions SP\First revesion\Preapred Dataset\train\fake\vid_1453504ab48bf65900dda6c63d6fbcbd7a28df811b80212832e18ec63fbd722d_face_000038_020.png,1,train,diffgan,recovered:31e9750c80804b71eaffabfbc9779453118bbe53dea09314590fa55fd5e21538,unknown,unknown,unknown,manipulated,image_level_unverified,da7c21cd231920e256c45ba671a40bffdc4550b861db1ce25255b0c2bbc8d594
c965499758a7f51f,G:\Master's Of Science Computer Engineering\thesis deepfake detection\Thesis Revisions SP\First revesion\Preapred Dataset\train\fake\vid_026f303390776c84c17d877d11ab9f37cab77654692b60f359028b5159c53255_face_000020_011.png,1,train,diffgan,recovered:800ec7e34a8be065194e2ce0b990e603593181c976f0a9ddf422f4e1c8e0baae,unknown,unknown,unknown,manipulated,image_level_unverified,61932354a424fc3ae783e4f8d28237bec28466f00bd79d326a0f7cfb25c5d498
0ef609aefb602590,G:\Master's Of Science Computer Engineering\thesis deepfake detection\Thesis Revisions SP\First revesion\Preapred Dataset\train\fake\vid_448d3f2aeed68a94913e9d656028af85f16fb0f353c05569b98fa462cfc3fb76_face_000028_003.png,1,train,diffgan,recovered:f625db865b32e596553eb8287dbf4cf61ba772d1c81ff77103958f7f4da2c3dd,unknown,unknown,unknown,manipulated,image_level_unverified,751a324b771398ddcc0915d6676b5bdde7be2fb8642b226e046f4b4fa86a5c5b
0acbe9726af190f1,G:\Master's Of Science Computer Engineering\thesis deepfake detection\Thesis Revisions SP\First revesion\Preapred Dataset\train\fake\vid_4a0e3417c52f65e757a1821f69bc5c9874f5060fa6b90b6527d6b2f24a4ce20d_face_000000_001.png,1,train,diffgan,recovered:3858a20c7e81f97976d1054d6f71df3e4fa5789af3090b6756d2e71f2683b479,unknown,unknown,unknown,manipulated,image_level_unverified,0cb2691005b493cd9778174ec525bf3fc758f21e52ed8abf3555f7e12c5a4ad0
f03d2459a565705e,G:\Master's Of Science Computer Engineering\thesis deepfake detection\Thesis Revisions SP\First revesion\Preapred Dataset\train\fake\vid_c8ae512beaa4ad6925b1042ec0cf778d2ac2268e98b5770fafa3ba74092efdc4_face_000010_006.png,1,train,diffgan,recovered:8a020ccf180f6e476e0ca1a6a6ae8e59e0f2bef04d5bee382528430542c5c6e5,unknown,unknown,unknown,manipulated,image_level_unverified,227a04bd20f1f8e7b6965447df309bf0792ba93775cc304bfed38134484eb7c5
1a9c36163de586cf,G:\Master's Of Science Computer Engineering\thesis deepfake detection\Thesis Revisions SP\First revesion\Preapred Dataset\train\fake\vid_2d444efde7a94a3f5d1c963f4587029bf7ebd3e2955e17ccaad006b34c6f0b79_face_000012_007.png,1,train,diffgan,recovered:dd58a4303d2e6e598c8ca87c0464fa49a88d5f1396f4f09c848b35a19a78f044,unknown,unknown,unknown,manipulated,image_level_unverified,c29b405395744028c5604f58830181efd0bf3f260541dc389165f8c9c1718bce
6558ea3af24e9ba9,G:\Master's Of Science Computer Engineering\thesis deepfake detection\Thesis Revisions SP\First revesion\Preapred Dataset\train\fake\vid_6e4549675e0d757d3391e0dd7471c9641bf05c7606617f0d948009cf317d9f0f_face_000021_008.png,1,train,diffgan,recovered:a64a96c9094548c229fb8304938325ec103779b19d3a177dce805f2e1d78e5c9,unknown,unknown,unknown,manipulated,image_level_unverified,f2d1d8a805642df9b804257dbaa3206cdba14e92d25c0123e7ba9addb9a46a98
141a9ddb27335092,G:\Master's Of Science Computer Engineering\thesis deepfake detection\Thesis Revisions SP\First revesion\Preapred Dataset\train\fake\vid_b2befe6be39e4bd55702bdf9fbd05e1a5f8851cea97d605fabd1d93da5701c1a_face_000034_018.png,1,train,diffgan,recovered:511b670e76ab0dada87536a9f17469410f2450e71f98387f2e7b0fef7e16d11b,unknown,unknown,unknown,manipulated,image_level_unverified,d0a5e50c049a9d8512af6a91cab5be4fe004d481b9ca8f3f5e615105cf64fdf9
2d968ae7b8766e63,G:\Master's Of Science Computer Engineering\thesis deepfake detection\Thesis Revisions SP\First revesion\Preapred Dataset\train\fake\vid_c3cd9280b3548b00d1a963bef1ca419512ab640bdbe5f4aaf042de9a83dbb00a_face_000039_015.png,1,train,diffgan,recovered:1e3036a8b5fbc22db102b52b46cae53cc795e9e380da580c226d097b454781d0,unknown,unknown,unknown,manipulated,image_level_unverified,28c6184ccc17e674973a8986733bb7ff10fa5b8089a2616a62700eba970eb1bd
9250bd3555694cdf,G:\Master's Of Science Computer Engineering\thesis deepfake detection\Thesis Revisions SP\First revesion\Preapred Dataset\train\fake\vid_816aaca67fddd167a1dd4a160f54bdefd2fa2c5c27bb212153ffc6be2dd11aab_face_000042_015.png,1,train,diffgan,recovered:4ae123826aa495018bf9ff22ecbaaf10f686f1a070ac6b05ef298dc47324d0e1,unknown,unknown,unknown,manipulated,image_level_unverified,11e96c3e25686b7f0d6fa7d8492c701fd555ef4bbd747a904bbf9c4e40ceda85
47a32d495e01c24d,G:\Master's Of Science Computer Engineering\thesis deepfake detection\Thesis Revisions SP\First revesion\Preapred Dataset\train\fake\vid_0bae3e3c3957606e5481a4e09cf5d5e8fa2cfd0ce74933fd2664364f6a2cc311_face_000028_030.png,1,train,diffgan,recovered:34cf7af5973e9a7062fa4d731e1394aa69da8e8021b8fc5b6f160ad37a721e66,unknown,unknown,unknown,manipulated,image_level_unverified,8056a6331be5db40953185b8ea4e768ffd4ca4a76e1960a17fecf36b4902a646
c54d6f055279e42d,G:\Master's Of Science Computer Engineering\thesis deepfake detection\Thesis Revisions SP\First revesion\Preapred Dataset\train\fake\vid_ece7554dac1891741a98f5165fb39f58e65e0451ba1e062182a56022bf039f39_face_000008_005.png,1,train,diffgan,recovered:6ed41c1e59e99a4c4cb179b4fb90480bbd1e2de2a45a80fa828f5dabdf9b64a4,unknown,unknown,unknown,manipulated,image_level_unverified,b4056176594a50505f9096449d3cfe78744a0fbdf4894d41feb48df06567fc32
3222ef661c9cfd75,G:\Master's Of Science Computer Engineering\thesis deepfake detection\Thesis Revisions SP\First revesion\Preapred Dataset\train\fake\vid_c7acf6e6f557748ebc927859609e1968b8722fb16f63ebd62d029d190f826ae6_face_000034_018.png,1,train,diffgan,recovered:f1f6f83db93b58bcd4b993f039f1d453e0e904d5165425028392dd616d4349fa,unknown,unknown,unknown,manipulated,image_level_unverified,bce59e5d4e66848e03147b3903b0c521fc461eb4322fa62d8c5a3d446c88c11a
f6faca9f6cadd959,G:\Master's Of Science Computer Engineering\thesis deepfake detection\Thesis Revisions SP\First revesion\Preapred Dataset\train\fake\vid_a3efea9f92e2f503d50d89505be8c55c0779a5b828561bdc4011c694f1c0591b_face_000020_011.png,1,train,diffgan,recovered:47a4a6e0d1316ade6ad1063db962d0366a1f5a67e848781528b60f806535543e,unknown,unknown,unknown,manipulated,image_level_unverified,2f79482b4f46bc3f8eb46a75162be447149ae926f2a6b62883ef5d3a76e2c735
dc63069b2badbb46,G:\Master's Of Science Computer Engineering\thesis deepfake detection\Thesis Revisions SP\First revesion\Preapred Dataset\train\fake\vid_3964c1231e90a2e572f27062f00dc357d7769b3d265b6929cf7429e1ebfe1886_face_000020_011.png,1,train,diffgan,recovered:1dcb27be2a61cef1ebc81fe944f2c9964f3c0d677b47b902d5e22d544c11bec2,unknown,unknown,unknown,manipulated,image_level_unverified,eb9d405d99cd35f3dfbe966eecb827471675827519e67769da7d0fe46f1d9e08
0abd1ab5a4969147,G:\Master's Of Science Computer Engineering\thesis deepfake detection\Thesis Revisions SP\First revesion\Preapred Dataset\train\fake\vid_3373523b83a57874311827ba624451b455671cfabd4a6afd15694191a82d5fd1_face_000004_003.png,1,train,diffgan,recovered:f820d55c764baefcc2f811354c9d330f0bf775ff3ce8ec7df5cbf3fab9b0a237,unknown,unknown,unknown,manipulated,image_level_unverified,780a2a42dde4ab1593ec1c6bc6e40bf94f3c846f7e8437697773bf96c15ef11a
e5a157690c19bf1a,G:\Master's Of Science Computer Engineering\thesis deepfake detection\Thesis Revisions SP\First revesion\Preapred Dataset\train\fake\vid_462a492a3e9f1e568e24130e4479aa6bd247629a1ae2f0109f3c932b8ca11f9c_face_000036_019.png,1,train,diffgan,recovered:5f075b3263758ffb25eb70499a7354f9ae9199cbb880229d1f58b0c70ef681d9,unknown,unknown,unknown,manipulated,image_level_unverified,a5e6a50dbfd274990ae792fd11d09bda226f3898dee76ef80bc5e3282f84948d
2eb443d3351dfc61,G:\Master's Of Science Computer Engineering\thesis deepfake detection\Thesis Revisions SP\First revesion\Preapred Dataset\train\fake\vid_2f2c7c3ea7ca6f226f231ec114d9b8d764cf348ab2cf82f1392fd3b1805b4127_face_000106_012.png,1,train,diffgan,recovered:ecfb6ebf972bd015fc08a9b81fce89c0c3783e8051270c3eaddf853642857b5c,unknown,unknown,unknown,manipulated,image_level_unverified,abbbcf4401efef6e45e116fa2942b190be2cdb16d33b11b957a4196af4e3157e
e3d37772be87c1aa,G:\Master's Of Science Computer Engineering\thesis deepfake detection\Thesis Revisions SP\First revesion\Preapred Dataset\train\fake\vid_000189238f15a426b36fd3e3a55503ff165c46db69d6cca9ce076146b9671f2e_face_000012_007.png,1,train,diffgan,recovered:bd892c65a89ff25e7c1f7b80fad7cd31cb8e077dae6d911df0f1955fba05bfcc,unknown,unknown,unknown,manipulated,image_level_unverified,c1796cfcf788b6988b086d514dceb1e809533d381338138735a45fc9339c23bd
d817e16bead0fa98,G:\Master's Of Science Computer Engineering\thesis deepfake detection\Thesis Revisions SP\First revesion\Preapred Dataset\train\fake\vid_c466035b9db2fe47db1fb03db587331cad8b2946b321f8a11ae8c4fbe84020d5_face_000064_026.png,1,train,diffgan,recovered:6b39279f8051574340df3784f036c435a5339b43915a58e918401ae2bef98fe2,unknown,unknown,unknown,manipulated,image_level_unverified,d95cf6f056c55d04dee33024521391c09d8885bb9962a411bb1aa2e2f19e8714
a1458c901f3e74c8,G:\Master's Of Science Computer Engineering\thesis deepfake detection\Thesis Revisions SP\First revesion\Preapred Dataset\train\fake\vid_c5bccd0799a69c11aeda78eb0393e8c0e11d05057da9e7243eddab4a015cf8a4_face_000027_029.png,1,train,diffgan,recovered:75e0032b528f1cba8b7ba81b2b7858fbace4f1bcc831985418fd71f8c15e0d45,unknown,unknown,unknown,manipulated,image_level_unverified,9a98da5eeb747168819901788a41f33a5da0ccd757083fe5d2e58254f2feb2af
a190626ce7f94cf0,G:\Master's Of Science Computer Engineering\thesis deepfake detection\Thesis Revisions SP\First revesion\Preapred Dataset\train\fake\vid_6405d21b1c392f48604cffd993fce31cfca241830f3f0a09adea18293b9b1899_face_000000_001.png,1,train,diffgan,recovered:fb8488f1e2d96ba8e3bf269b5d9ebd38f946f1a2bb80146b476e31160a6eb8a0,unknown,unknown,unknown,manipulated,image_level_unverified,48e0dbdbca6c750f9f992c6a6b7e627d1d65d7386819aaf260b26162b474690f
1753138add1a012c,G:\Master's Of Science Computer Engineering\thesis deepfake detection\Thesis Revisions SP\First revesion\Preapred Dataset\train\fake\vid_cffdbb1bf6afa51a874052cbac7165e3772730477ccd4d5805576bd18c032cc4_face_000040_021.png,1,train,diffgan,recovered:92e3af38cd45b898637f22be060b7c81cc6a5976f723b13f7a71c6ca980772b8,unknown,unknown,unknown,manipulated,image_level_unverified,577ea7fac6ae9d6023bb5ee7f1da13a178163daff511ae7803ac138e5db99132
639796078952d310,G:\Master's Of Science Computer Engineering\thesis deepfake detection\Thesis Revisions SP\First revesion\Preapred Dataset\train\fake\19780.png,1,train,diffgan,recovered:cb0fd46c5ab93906c9e7dee4420ca17fd7825c315a7c3814fe215e4947415eb1,unknown,unknown,unknown,manipulated,image_level_unverified,e627e0206d9c88a9782518b1c853a53b647043b357740e4a26b29ba9731a60be
7dd6246ead934023,G:\Master's Of Science Computer Engineering\thesis deepfake detection\Thesis Revisions SP\First revesion\Preapred Dataset\train\fake\vid_058ebfc8d44ffcbcd83f391906cebfda53b0356bc5e5c25fefecf7abb0384d45_face_000020_011.png,1,train,diffgan,recovered:e89770f212ae4fcf665c1b601477ec9cc033600abff7e574c14e2ce42861e6b2,unknown,unknown,unknown,manipulated,image_level_unverified,c8654df98cf0b535f2bea3352fac33e327a1ef1924ea62eac75159fcec0bf628
c4932a7c04e26848,G:\Master's Of Science Computer Engineering\thesis deepfake detection\Thesis Revisions SP\First revesion\Preapred Dataset\train\fake\vid_826c2125709eb0fe0ce8badbc749943ca49b1cd202f7024ea2835b9b866638b8_face_000038_020.png,1,train,diffgan,recovered:d563cb317850440487ef536eb9c28995d94a7452b4404990397a1b3dc66348ba,unknown,unknown,unknown,manipulated,image_level_unverified,646a50c74085b9707f5fdf3ce13361bfa3bcb8eac1668bfde494d8d573e196cc
297e6660c7b36369,G:\Master's Of Science Computer Engineering\thesis deepfake detection\Thesis Revisions SP\First revesion\Preapred Dataset\train\fake\vid_929b134caa83871a54beac3007b7dc6acd6ea84574f542424219a622d3b016d1_face_000000_001.png,1,train,diffgan,recovered:cdbdc8238bca0a4d37b870a6dd5b04d4a417e72d145e24b5ac4fcad00b23a01e,unknown,unknown,unknown,manipulated,image_level_unverified,47a65939e4b77f1f6cdbed60d0e36a089c87614f9c780474b8aaad1dcb44b652
443f5b94455f9515,G:\Master's Of Science Computer Engineering\thesis deepfake detection\Thesis Revisions SP\First revesion\Preapred Dataset\train\fake\vid_ef9c14904878b24b4eb379f2a168711f29662735f0762692b37e0bbe7fc5b2b2_face_000042_022.png,1,train,diffgan,recovered:d2dfaa4864b2726d82649c6c2c40cc54fab7fd882d3bc6dda4878654dd445f3b,unknown,unknown,unknown,manipulated,image_level_unverified,ad6693b14e10d24eef5b6c2e897859d2a3b91223b39fccf1c249726258ead969
669941ed79250cff,G:\Master's Of Science Computer Engineering\thesis deepfake detection\Thesis Revisions SP\First revesion\Preapred Dataset\train\fake\28675.png,1,train,diffgan,recovered:a0f5147e6c65f1eb79a4ff3395e203386f7901ab77a0587ef200fd0785cb9643,unknown,unknown,unknown,manipulated,image_level_unverified,ae59adce9a76342aa40462ba554f86ab72700f8b58d0f1ac40bfb173f2d8726b
e791f959f7258392,G:\Master's Of Science Computer Engineering\thesis deepfake detection\Thesis Revisions SP\First revesion\Preapred Dataset\train\fake\vid_488e28742a4e8509461dfda7239bbba80db0b098d4305880debdcf5450abaa11_face_000004_003.png,1,train,diffgan,recovered:f6c70ed1dd185f658037402a27a6d44062ff5d769b9eb9965460e4fd42ba629d,unknown,unknown,unknown,manipulated,image_level_unverified,2bb3a3f960ae6917a010f42aa923e385d875c8724f4270c0cc957b9477100b84
98b434da7f4e1335,G:\Master's Of Science Computer Engineering\thesis deepfake detection\Thesis Revisions SP\First revesion\Preapred Dataset\train\fake\vid_285089a077511c97270b175bd4891b52435ecbf30a86692773a40ad1a44c8295_face_000039_029.png,1,train,diffgan,recovered:381e44a3123317492c5eeb2e55dca038bf07946d4b6c724c3ac1ec40d9eabe61,unknown,unknown,unknown,manipulated,image_level_unverified,70bee4f1023dbe79f52a8e7f5e2ab21a7cf1c5cd79271e67a5bd4a86a16a3849
c431b5dd166daf0f,G:\Master's Of Science Computer Engineering\thesis deepfake detection\Thesis Revisions SP\First revesion\Preapred Dataset\train\fake\vid_fc2565fdcc8394ab93034e83a4c0b681be598084904086afc40c37c7044a64d4_face_000078_015.png,1,train,diffgan,recovered:8369163bd3a10e242e1a89c6c87ee3e24082c1e64831f2c228da5c0fa75b1b94,unknown,unknown,unknown,manipulated,image_level_unverified,9de5cd7e23d9f4cdb3d41a2aa2db8daf1fb25e563dfd087f27b33ae50444891d
21e9ae1f3c6b8fc8,G:\Master's Of Science Computer Engineering\thesis deepfake detection\Thesis Revisions SP\First revesion\Preapred Dataset\train\fake\vid_591eabc0070b1dde8e8f7d7f9ede69b74bdbb88b79840a8b4d77e03f699ba949_face_000042_016.png,1,train,diffgan,recovered:b873b313681d42df36eb69005d2f627c062a7df35cbdee2d764a009236da1e75,unknown,unknown,unknown,manipulated,image_level_unverified,c3599fd5716a970251c354bda358c45e101ef529441326c7cc0d08c81912930f
e928331baba880fe,G:\Master's Of Science Computer Engineering\thesis deepfake detection\Thesis Revisions SP\First revesion\Preapred Dataset\train\fake\vid_e288141777a7dd9224a3fa724c494f626dfebffdfcb59be963c5c833774acf00_face_000004_003.png,1,train,diffgan,recovered:be83a3be0c946edc7e531c035657485df47d615b90f9c0399656e89e7a7323e1,unknown,unknown,unknown,manipulated,image_level_unverified,46e9a46efe5bf9d643eb46a420cedd673433b8ab32b822392d01abf447e70043
cc0e7eaaee727392,G:\Master's Of Science Computer Engineering\thesis deepfake detection\Thesis Revisions SP\First revesion\Preapred Dataset\train\fake\vid_f7053304585b4e9bd90e11f4ea1c6a83d6cc771446c54597f7eefbd8725475c8_face_000058_030.png,1,train,diffgan,recovered:8695dc74d03960de2e1af4a682a8e0cbd67348ff8682a9a6437f110cabd760d8,unknown,unknown,unknown,manipulated,image_level_unverified,dd5a6bcad086f4a74d761d90dc240ad00e87b7b03fbdc965adaac8c68fd55496
e2ba50a4b664e365,G:\Master's Of Science Computer Engineering\thesis deepfake detection\Thesis Revisions SP\First revesion\Preapred Dataset\train\fake\vid_9f98d60b22105a75a0dbd092bfdaee26848ac62d3bf94b9e9ae4cb3500eee458_face_000028_015.png,1,train,diffgan,recovered:93bf0ae61439d07822077dc6c62230fc21972f101eb5a52cada0d6c83d972761,unknown,unknown,unknown,manipulated,image_level_unverified,9b083c1fbe9713c6dc6c4aaff9608d9d8bffa2fbe7c54acf411c5c2680175b91
06000e5f1b5226b2,G:\Master's Of Science Computer Engineering\thesis deepfake detection\Thesis Revisions SP\First revesion\Preapred Dataset\train\fake\vid_270fda4229d367df48ae99963064d8b762f6a2f7e54b8bbcde59633f7b9f32f9_face_000044_023.png,1,train,diffgan,recovered:2a538240194a352cf76b5d9423667881572ef1445d1c980742547d94f274c01f,unknown,unknown,unknown,manipulated,image_level_unverified,44952a9e6381ca5df6145c33bfc0e26d0b306555f92b4eb59ce3f60cb38e5da5
877a3a8281bf95b1,G:\Master's Of Science Computer Engineering\thesis deepfake detection\Thesis Revisions SP\First revesion\Preapred Dataset\train\fake\vid_69a2f30f816cc54cdfc93eba4e1d449d9f773d4ff00ac8391c266bac2527287f_face_000045_021.png,1,train,diffgan,recovered:cc3d6591c6819971a2e4086ea2a15a6b3c153a222b9a79f90918e65f8d7add2a,unknown,unknown,unknown,manipulated,image_level_unverified,56ccd07b0c5d04da376a35a1c7ff7ca0f3a722251f3e75bd9465aea3897fd8b8
1d7ecd81f4adf969,G:\Master's Of Science Computer Engineering\thesis deepfake detection\Thesis Revisions SP\First revesion\Preapred Dataset\train\fake\vid_831deb155f009bf482824e5648efb5abb89a9f8b86861bd6e1b4bbd8a82ccc04_face_000032_017.png,1,train,diffgan,recovered:778c3b27ff755fab535662fee66e83ca729d10efebca32efc0dbe2023de79643,unknown,unknown,unknown,manipulated,image_level_unverified,6b602a657d1c8e0c9a58c69ba8c000beb8c12f172b2fbe0abe2f13cbbc11d1a4
75bd7fb6b1fa0897,G:\Master's Of Science Computer Engineering\thesis deepfake detection\Thesis Revisions SP\First revesion\Preapred Dataset\train\fake\vid_05b3830c50d0e10d90c893b31a60bed0656191391eaea3b7b278042a7fd32930_face_000000_001.png,1,train,diffgan,recovered:1ba581bf06836cbd9a29bc6983033663ade4684ea343bd8f7385fbfbc2051f6d,unknown,unknown,unknown,manipulated,image_level_unverified,13faa7b0e88a9dbc1852ac2ea2972280c53eac08bee56e321fb094d475a8c286
3e98f7ba421a3574,G:\Master's Of Science Computer Engineering\thesis deepfake detection\Thesis Revisions SP\First revesion\Preapred Dataset\train\fake\vid_8c56112a07073e916b757a623772d50d329519a5e4b35b35bdf65b80e8161017_face_000054_015.png,1,train,diffgan,recovered:e9a3dd88bbbeeb48e3fb331ba90b9e663a5298f6461529612a7b99081a71c60c,unknown,unknown,unknown,manipulated,image_level_unverified,cbcab6af853761ce44f62e07f86d7f90f2408e1442a5df93f3a02d7276c81806
b5af627fd63a66a9,G:\Master's Of Science Computer Engineering\thesis deepfake detection\Thesis Revisions SP\First revesion\Preapred Dataset\train\fake\vid_52bcf3b6c4964a05f838d81b1bce510d2cf15b5c862ca372197c92cbcd01cbfb_face_000020_011.png,1,train,diffgan,recovered:2ef14033169629212d61c3cb43b58fa3999ff5d2ac1647780f75593483b26348,unknown,unknown,unknown,manipulated,image_level_unverified,3f225d61728c95e89401d8b252618833a7a048f25ab774406b6cfcd57a9ea2ee
5a95376d72be8689,G:\Master's Of Science Computer Engineering\thesis deepfake detection\Thesis Revisions SP\First revesion\Preapred Dataset\train\fake\vid_74b85c431171cdc86d04720f25e8a709db88a98bf5a340de4f52415a6f7babcd_face_000056_029.png,1,train,diffgan,recovered:898ddf48d8522c5b16082aec34eb2be16e0d7f2641d76775b5a534cfde31489a,unknown,unknown,unknown,manipulated,image_level_unverified,8707c43c8a5e1113d01e3bed7259270409a9e57f00f4f80d9eed2bb6b4f1e8d0
e0c716c0e2d44e6a,G:\Master's Of Science Computer Engineering\thesis deepfake detection\Thesis Revisions SP\First revesion\Preapred Dataset\train\fake\vid_e9f3c80dd140cd3faff9a0a1d80accce12120343574e2f051ce9f58a8db7a2c6_face_000008_009.png,1,train,diffgan,recovered:931d4ed0f8fc109e3276fea502da257ae433faddaa13264ebbcfcd0d86297cf0,unknown,unknown,unknown,manipulated,image_level_unverified,f1cb33290ea73cfdf60c46b545983cfc9f92602fc4ae979cb7af6cb4bd9cbcc3
c241b5a8b242eee0,G:\Master's Of Science Computer Engineering\thesis deepfake detection\Thesis Revisions SP\First revesion\Preapred Dataset\train\fake\vid_ee0d3d4a7ae4466914c97130021d4bbc4aa6ef5f00732cd8ef0e6fa68a4a05a9_face_000015_006.png,1,train,diffgan,recovered:2e7e707dd125ba65c229cb1de320792788fd6484f5826af0ee1a7508b6ee97ea,unknown,unknown,unknown,manipulated,image_level_unverified,a62d5ec57a30383e356727ccc5c5c287eabee616380e9a2841653f49785bd0f3
4b753e1c30635420,G:\Master's Of Science Computer Engineering\thesis deepfake detection\Thesis Revisions SP\First revesion\Preapred Dataset\train\fake\vid_4385151ef2571fc90ebd6a29f86220ba8bc90197ee26af35f18d0de472199125_face_000066_027.png,1,train,diffgan,recovered:983385970d3f5da96887f01026b0136388e23e4642c2d313dc05433e422738ac,unknown,unknown,unknown,manipulated,image_level_unverified,95afbd8073c5bcf263c7ad865639f0bc2377b07930f3dc8c3c1758ff93f9ee59
27751e1d684bd8d8,G:\Master's Of Science Computer Engineering\thesis deepfake detection\Thesis Revisions SP\First revesion\Preapred Dataset\train\fake\vid_a9a3e2368713ce14ba5400e00a91a68bd4f49bebe7a43c9c477cb40b9195872e_face_000002_002.png,1,train,diffgan,recovered:9b70c873f2bfa3582cd7c7f78aff5476ae2be447ce398523f43077cb4bbe2aca,unknown,unknown,unknown,manipulated,image_level_unverified,6f4a2ab0746e9973837bfe5e3c5997a4153590820f1fddbd664d7f71d50fd846
64b73e3ca7afcb2f,G:\Master's Of Science Computer Engineering\thesis deepfake detection\Thesis Revisions SP\First revesion\Preapred Dataset\train\fake\vid_e80923f0056b8f71091e20e760932196d5ea773d141b94a857cc74d7464358ff_face_000036_013.png,1,train,diffgan,recovered:0857d2dfb4f240f4a61b8b9836d90378c3fe03504c5893215ca74e3fcf2745d7,unknown,unknown,unknown,manipulated,image_level_unverified,4c8c7e0f49f8f48ef6b05f620a0ca1eb7a8245ec6458c0c9babe2b5af2e99e2d
131569845a89efe7,G:\Master's Of Science Computer Engineering\thesis deepfake detection\Thesis Revisions SP\First revesion\Preapred Dataset\train\fake\vid_08bd799b5f7c01987148529f07503d450ade581538aa5c81b889a2dd5330f9d5_face_000038_020.png,1,train,diffgan,recovered:d65766223122e8d3be30923c40c1fdb60a2e451d4d88f79326cbe7ca6261ae16,unknown,unknown,unknown,manipulated,image_level_unverified,f6105dcfef571390dff9c76e28a57e2f7dcf65e3b80e91f13e72690e208a729a
a909c0389e0f2799,G:\Master's Of Science Computer Engineering\thesis deepfake detection\Thesis Revisions SP\First revesion\Preapred Dataset\train\fake\vid_8295828ef0d4b7f760afc51a6b2b915d47cf1c69469a7b8ba4abdf341d5e2fd7_face_000058_030.png,1,train,diffgan,recovered:1312a29c2e265332c4ede0c23066b6398d10e56f182d20d7a8d0628e515ed9ed,unknown,unknown,unknown,manipulated,image_level_unverified,d148ab9a8c0a470d1a7ebb6b3aad83a3fbc106f36a5b9c5f831f8c563c7bb352
1e765f5a8f529932,G:\Master's Of Science Computer Engineering\thesis deepfake detection\Thesis Revisions SP\First revesion\Preapred Dataset\train\fake\vid_6b740ac28fcdd78d925639b5680cdd351a4f8e01a7fdab84bb0d0a13876e13c3_face_000028_012.png,1,train,diffgan,recovered:04ec14400d6aedc6f29a53edec597b8086dddcb9aea9f4d1f409e1084064e237,unknown,unknown,unknown,manipulated,image_level_unverified,700be224925ffe6d1954bd50805da8ecaff158721fe409907de1b3de417418a7
54d63d6d907227fb,G:\Master's Of Science Computer Engineering\thesis deepfake detection\Thesis Revisions SP\First revesion\Preapred Dataset\train\fake\vid_158b366e2089932fb09284ecdb76f743c59af12e7f31c2826a5675b5a915f88d_face_000042_023.png,1,train,diffgan,recovered:278330681268d4b03579ba9175c37760c06ea71cbf86cd8be5a90dd6632f0342,unknown,unknown,unknown,manipulated,image_level_unverified,debeade4fb36d95a428ba859c84f20d81fdf1451e3f41c84590a3964c291f34c
43904f17a8f2e3d2,G:\Master's Of Science Computer Engineering\thesis deepfake detection\Thesis Revisions SP\First revesion\Preapred Dataset\train\fake\vid_7d889c28aa385de8fcc7bf03575ac3afe8a5d3cd0fe085469f8f665c8b0632ee_face_000006_007.png,1,train,diffgan,recovered:67615f4a301c9e7dbf8e9b8889f223b8c7f5c3cce73d1debfe3ad47103bbe985,unknown,unknown,unknown,manipulated,image_level_unverified,c1aef86ea1775c378f6c0f644b8d382cd62e358a3370e718dc39dddc664dbe71
68fc185a16822f03,G:\Master's Of Science Computer Engineering\thesis deepfake detection\Thesis Revisions SP\First revesion\Preapred Dataset\train\fake\vid_46784ddc3ad2262d77136bb9b41ef206895694ecce6a9eff5145800865d40ee0_face_000046_025.png,1,train,diffgan,recovered:ac2202c91477899cd1dfe0f79c565a8e08cbf222562bf30e67f6d99e53191f01,unknown,unknown,unknown,manipulated,image_level_unverified,c7db2f65297a9b9e9bf3ec8c48dcee91308d6237ea04e1f1cc2e07edc72d94f1
444068e980629c72,G:\Master's Of Science Computer Engineering\thesis deepfake detection\Thesis Revisions SP\First revesion\Preapred Dataset\train\fake\vid_5fa25992e7d4695a5bf159d9b7ed0e7cda42e1f1dd9f83829dd1969ffec459dc_face_000026_014.png,1,train,diffgan,recovered:e789677fcaba8f31cab6bebe4b817fa9f046cee49b0885d4a3f2c305a0fcdbb5,unknown,unknown,unknown,manipulated,image_level_unverified,70980523857ecd29b2c7591ab93407a27b10a073d3bd24e82d17945aa588f7de
d43f66e36c3e3d23,G:\Master's Of Science Computer Engineering\thesis deepfake detection\Thesis Revisions SP\First revesion\Preapred Dataset\train\fake\vid_94c061943e9efa1e7c1e1c5b9a9969fd22ec417ff325447765f5fd61eca5f6b5_face_000045_017.png,1,train,diffgan,recovered:21642b9c7e5e1dc1f3744f46d1d7707b1b958ec8e56606336f374acb4919d073,unknown,unknown,unknown,manipulated,image_level_unverified,4db4ac885ca19a32bcfde74866b9c7724e222a2903569861d5fda8275e274e5f
a26ad4fd4e23e40e,G:\Master's Of Science Computer Engineering\thesis deepfake detection\Thesis Revisions SP\First revesion\Preapred Dataset\train\fake\vid_7a2604b2aeb4d15794532b965f2e5d6568c31dd354e698d23b8ee289def66970_face_000038_020.png,1,train,diffgan,recovered:0f9253a484489b3149e77408e6f7fc870a4d26ab1764d5035872e1c8d464dc69,unknown,unknown,unknown,manipulated,image_level_unverified,217538df99d126617b70f89c64d4896f19d7d0c891089fcb6d39efe7d21100ac
